Date,Time,Timestamp,Elephant_Detected,Number_of_Elephants,Highest_Confidence_Percent,Possible_Fall_Count,Detection_Duration_Seconds
2026-09-06,12:44:49,2026-09-06T12:44:49,NO,0,0,0,0
2026-09-06,12:44:50,2026-09-06T12:44:50,NO,0,0,0,0
2026-09-06,12:44:51,2026-09-06T12:44:51,NO,0,0,0,0
2026-09-06,12:44:52,2026-09-06T12:44:52,NO,0,0,0,0
2026-09-06,12:44:53,2026-09-06T12:44:53,NO,0,0,0,0
2026-09-06,12:44:55,2026-09-06T12:44:55,NO,0,0,0,0
2026-09-06,12:44:56,2026-09-06T12:44:56,NO,0,0,0,0
2026-09-06,12:44:57,2026-09-06T12:44:57,NO,0,0,0,0
2026-09-06,12:44:58,2026-09-06T12:44:58,NO,0,0,0,0
2026-09-06,12:44:59,2026-09-06T12:44:59,NO,0,0,0,0
2026-09-06,12:45:00,2026-09-06T12:45:00,NO,0,0,0,0
2026-09-06,12:45:01,2026-09-06T12:45:01,NO,0,0,0,0
2026-09-06,12:45:02,2026-09-06T12:45:02,NO,0,0,0,0
2026-09-06,12:45:03,2026-09-06T12:45:03,NO,0,0,0,0
2026-09-06,12:45:04,2026-09-06T12:45:04,NO,0,0,0,0
2026-09-06,12:45:05,2026-09-06T12:45:05,NO,0,0,0,0
2026-09-06,12:45:06,2026-09-06T12:45:06,NO,0,0,0,0
2026-09-06,12:45:07,2026-09-06T12:45:07,NO,0,0,0,0
2026-09-06,12:45:08,2026-09-06T12:45:08,NO,0,0,0,0
2026-09-06,12:45:09,2026-09-06T12:45:09,NO,0,0,0,0
2026-09-06,12:45:10,2026-09-06T12:45:10,NO,0,0,0,0
2026-09-06,12:45:11,2026-09-06T12:45:11,YES,2,50.93,1,0.0
2026-09-06,12:45:12,2026-09-06T12:45:12,YES,7,73.76,2,0.56
2026-09-06,12:45:13,2026-09-06T12:45:13,YES,9,74.29,1,1.58
2026-09-06,12:45:14,2026-09-06T12:45:14,YES,12,79.47,2,2.62
2026-09-06,12:45:16,2026-09-06T12:45:16,YES,13,76.72,6,3.68
2026-09-06,12:45:17,2026-09-06T12:45:17,YES,10,78.45,3,4.72
2026-09-06,12:45:18,2026-09-06T12:45:18,YES,11,81.53,4,5.76
2026-09-06,12:45:19,2026-09-06T12:45:19,YES,8,78.14,4,6.83
2026-09-06,12:45:20,2026-09-06T12:45:20,NO,0,0,0,0
2026-09-06,12:45:21,2026-09-06T12:45:21,NO,0,0,0,0
2026-09-06,12:45:22,2026-09-06T12:45:22,NO,0,0,0,0
2026-09-06,12:45:23,2026-09-06T12:45:23,NO,0,0,0,0
2026-09-06,12:45:24,2026-09-06T12:45:24,NO,0,0,0,0
2026-09-06,12:45:25,2026-09-06T12:45:25,NO,0,0,0,0
2026-09-06,12:45:26,2026-09-06T12:45:26,NO,0,0,0,0
2026-09-06,12:45:27,2026-09-06T12:45:27,NO,0,0,0,0
2026-09-06,12:45:28,2026-09-06T12:45:28,NO,0,0,0,0
2026-09-06,12:45:29,2026-09-06T12:45:29,NO,0,0,0,0
2026-09-06,12:45:30,2026-09-06T12:45:30,NO,0,0,0,0
2026-09-06,12:45:31,2026-09-06T12:45:31,NO,0,0,0,0
2026-09-06,12:45:32,2026-09-06T12:45:32,YES,1,48.63,1,0.0
2026-09-06,12:45:33,2026-09-06T12:45:33,YES,1,53.9,1,0.41
2026-09-06,12:45:34,2026-09-06T12:45:34,NO,0,0,0,0
2026-09-06,12:45:35,2026-09-06T12:45:35,NO,0,0,0,0
2026-09-06,12:45:36,2026-09-06T12:45:36,YES,3,61.7,0,0.99
2026-09-06,12:45:38,2026-09-06T12:45:38,YES,7,71.89,3,2.09
2026-09-06,12:45:39,2026-09-06T12:45:39,YES,6,60.31,2,3.2
2026-09-06,12:45:40,2026-09-06T12:45:40,YES,9,77.54,5,4.3
2026-09-06,12:45:41,2026-09-06T12:45:41,YES,1,88.24,1,5.38
2026-09-06,12:45:42,2026-09-06T12:45:42,YES,1,87.3,0,6.41
2026-09-06,12:45:43,2026-09-06T12:45:43,YES,1,87.15,0,7.49
2026-09-06,12:45:44,2026-09-06T12:45:44,YES,1,86.9,0,8.59
2026-09-06,12:45:45,2026-09-06T12:45:45,YES,1,80.8,0,9.64
2026-09-06,12:45:46,2026-09-06T12:45:46,YES,1,87.36,0,10.65
2026-09-06,12:45:47,2026-09-06T12:45:47,YES,1,85.48,0,11.69
2026-09-06,12:45:48,2026-09-06T12:45:48,YES,1,86.55,0,12.77
2026-09-06,12:45:49,2026-09-06T12:45:49,YES,1,86.68,0,13.86
2026-09-06,12:45:50,2026-09-06T12:45:50,NO,0,0,0,0
2026-09-06,12:45:51,2026-09-06T12:45:51,NO,0,0,0,0
2026-09-06,12:45:52,2026-09-06T12:45:52,NO,0,0,0,0
2026-09-06,12:45:53,2026-09-06T12:45:53,NO,0,0,0,0
2026-09-06,12:45:55,2026-09-06T12:45:55,NO,0,0,0,0
2026-09-06,12:45:56,2026-09-06T12:45:56,NO,0,0,0,0
2026-09-06,12:45:57,2026-09-06T12:45:57,YES,2,61.3,0,0.0
2026-09-06,12:45:58,2026-09-06T12:45:58,YES,2,51.71,1,0.62
2026-09-06,12:45:59,2026-09-06T12:45:59,NO,0,0,0,0
2026-09-06,12:46:00,2026-09-06T12:46:00,NO,0,0,0,0
2026-09-06,12:46:01,2026-09-06T12:46:01,YES,4,54.42,3,0.67
2026-09-06,12:46:02,2026-09-06T12:46:02,YES,8,69.93,4,1.68
2026-09-06,12:46:03,2026-09-06T12:46:03,NO,0,0,0,0
2026-09-06,12:46:04,2026-09-06T12:46:04,NO,0,0,0,0
2026-09-06,12:46:05,2026-09-06T12:46:05,NO,0,0,0,0
2026-09-06,12:46:06,2026-09-06T12:46:06,NO,0,0,0,0
2026-09-06,12:46:07,2026-09-06T12:46:07,NO,0,0,0,0
2026-09-06,12:46:08,2026-09-06T12:46:08,NO,0,0,0,0
2026-09-06,13:03:17,2026-09-06T13:03:17,NO,0,0,
2026-09-06,13:03:18,2026-09-06T13:03:18,NO,0,0,
2026-09-06,13:03:20,2026-09-06T13:03:20,NO,0,0,
2026-09-06,13:03:21,2026-09-06T13:03:21,NO,0,0,
2026-09-06,13:03:22,2026-09-06T13:03:22,NO,0,0,
2026-09-06,13:03:23,2026-09-06T13:03:23,NO,0,0,
2026-09-06,13:03:24,2026-09-06T13:03:24,NO,0,0,
2026-09-06,13:03:25,2026-09-06T13:03:25,NO,0,0,
2026-09-06,13:03:26,2026-09-06T13:03:26,NO,0,0,
2026-09-06,13:03:27,2026-09-06T13:03:27,NO,0,0,
2026-09-06,13:03:28,2026-09-06T13:03:28,NO,0,0,
2026-09-06,13:03:29,2026-09-06T13:03:29,NO,0,0,
2026-09-06,13:03:30,2026-09-06T13:03:30,NO,0,0,
2026-09-06,13:03:31,2026-09-06T13:03:31,NO,0,0,
2026-09-06,13:03:32,2026-09-06T13:03:32,NO,0,0,
2026-09-06,13:03:33,2026-09-06T13:03:33,NO,0,0,
2026-09-06,13:03:34,2026-09-06T13:03:34,NO,0,0,
2026-09-06,13:03:35,2026-09-06T13:03:35,NO,0,0,
2026-09-06,13:03:36,2026-09-06T13:03:36,NO,0,0,
2026-09-06,13:03:37,2026-09-06T13:03:37,YES,1,64.74,detected_elephants\elephant_20260906_130337.jpg
2026-09-06,13:03:39,2026-09-06T13:03:39,YES,1,46.6,detected_elephants\elephant_20260906_130339.jpg
2026-09-06,13:03:40,2026-09-06T13:03:40,YES,2,76.0,detected_elephants\elephant_20260906_130339.jpg
2026-09-06,13:03:41,2026-09-06T13:03:41,YES,2,76.21,detected_elephants\elephant_20260906_130339.jpg
2026-09-06,13:03:42,2026-09-06T13:03:42,YES,1,81.23,detected_elephants\elephant_20260906_130339.jpg
2026-09-06,13:03:43,2026-09-06T13:03:43,NO,0,0,
2026-09-06,13:03:44,2026-09-06T13:03:44,NO,0,0,
2026-09-06,13:03:45,2026-09-06T13:03:45,NO,0,0,
2026-09-06,13:03:46,2026-09-06T13:03:46,NO,0,0,
2026-09-06,13:03:47,2026-09-06T13:03:47,NO,0,0,
2026-09-06,13:03:48,2026-09-06T13:03:48,NO,0,0,
2026-09-06,13:03:49,2026-09-06T13:03:49,NO,0,0,
2026-09-06,13:03:50,2026-09-06T13:03:50,NO,0,0,
2026-09-06,13:03:51,2026-09-06T13:03:51,NO,0,0,
2026-09-06,13:03:52,2026-09-06T13:03:52,NO,0,0,
2026-09-06,13:03:53,2026-09-06T13:03:53,NO,0,0,
2026-09-06,13:03:55,2026-09-06T13:03:55,YES,16,71.7,detected_elephants\elephant_20260906_130354.jpg
2026-09-06,13:03:56,2026-09-06T13:03:56,YES,11,67.65,detected_elephants\elephant_20260906_130354.jpg
2026-09-06,13:03:57,2026-09-06T13:03:57,YES,13,71.07,detected_elephants\elephant_20260906_130354.jpg
2026-09-06,13:03:58,2026-09-06T13:03:58,YES,15,68.41,detected_elephants\elephant_20260906_130354.jpg
2026-09-06,13:03:59,2026-09-06T13:03:59,YES,17,73.08,detected_elephants\elephant_20260906_130354.jpg
2026-09-06,13:04:00,2026-09-06T13:04:00,NO,0,0,
2026-09-06,13:04:01,2026-09-06T13:04:01,NO,0,0,
2026-09-06,16:32:12,2026-09-06T16:32:12,NO,0,0,
2026-09-06,16:32:13,2026-09-06T16:32:13,NO,0,0,
2026-09-06,16:32:14,2026-09-06T16:32:14,NO,0,0,
2026-09-06,16:32:15,2026-09-06T16:32:15,NO,0,0,
2026-09-06,16:32:16,2026-09-06T16:32:16,NO,0,0,
2026-09-06,16:32:17,2026-09-06T16:32:17,NO,0,0,
2026-09-06,16:32:18,2026-09-06T16:32:18,NO,0,0,
2026-09-06,16:32:19,2026-09-06T16:32:19,NO,0,0,
2026-09-06,16:32:20,2026-09-06T16:32:20,NO,0,0,
2026-09-06,16:32:21,2026-09-06T16:32:21,NO,0,0,
2026-09-06,16:32:22,2026-09-06T16:32:22,NO,0,0,
2026-09-06,16:32:23,2026-09-06T16:32:23,NO,0,0,
2026-09-06,16:32:24,2026-09-06T16:32:24,NO,0,0,
2026-09-06,16:32:26,2026-09-06T16:32:26,NO,0,0,
2026-09-06,16:32:27,2026-09-06T16:32:27,NO,0,0,
2026-09-06,17:14:00,2026-09-06T17:14:00,NO,0,0,
2026-09-06,17:14:01,2026-09-06T17:14:01,NO,0,0,
2026-09-06,17:14:02,2026-09-06T17:14:02,NO,0,0,
2026-09-06,17:14:03,2026-09-06T17:14:03,NO,0,0,
2026-09-06,17:14:05,2026-09-06T17:14:05,NO,0,0,
2026-09-06,17:14:06,2026-09-06T17:14:06,NO,0,0,
2026-09-06,17:14:07,2026-09-06T17:14:07,NO,0,0,
2026-09-06,17:14:08,2026-09-06T17:14:08,NO,0,0,
2026-09-06,17:14:09,2026-09-06T17:14:09,NO,0,0,
2026-09-06,17:14:10,2026-09-06T17:14:10,NO,0,0,
2026-09-06,17:14:11,2026-09-06T17:14:11,NO,0,0,
2026-09-06,17:14:12,2026-09-06T17:14:12,NO,0,0,
2026-09-06,17:14:13,2026-09-06T17:14:13,NO,0,0,
2026-09-06,17:14:14,2026-09-06T17:14:14,NO,0,0,
2026-09-06,17:14:15,2026-09-06T17:14:15,NO,0,0,
2026-09-06,17:14:16,2026-09-06T17:14:16,NO,0,0,
2026-09-06,17:14:17,2026-09-06T17:14:17,NO,0,0,
2026-09-06,17:14:18,2026-09-06T17:14:18,NO,0,0,
2026-09-06,17:14:19,2026-09-06T17:14:19,NO,0,0,
2026-09-06,17:14:20,2026-09-06T17:14:20,NO,0,0,
2026-09-06,17:14:21,2026-09-06T17:14:21,NO,0,0,
2026-09-06,17:14:22,2026-09-06T17:14:22,NO,0,0,
2026-09-06,17:14:24,2026-09-06T17:14:24,NO,0,0,
2026-09-06,17:14:25,2026-09-06T17:14:25,NO,0,0,
2026-09-06,17:14:26,2026-09-06T17:14:26,NO,0,0,
2026-09-06,17:14:27,2026-09-06T17:14:27,NO,0,0,
2026-09-06,17:14:28,2026-09-06T17:14:28,NO,0,0,
2026-09-06,17:14:29,2026-09-06T17:14:29,NO,0,0,
2026-09-06,17:14:30,2026-09-06T17:14:30,NO,0,0,
2026-09-06,17:14:31,2026-09-06T17:14:31,NO,0,0,
2026-09-06,17:14:32,2026-09-06T17:14:32,NO,0,0,
2026-09-06,17:14:33,2026-09-06T17:14:33,NO,0,0,
2026-09-06,17:14:34,2026-09-06T17:14:34,NO,0,0,
2026-09-06,17:14:35,2026-09-06T17:14:35,NO,0,0,
2026-09-06,17:14:36,2026-09-06T17:14:36,NO,0,0,
2026-09-06,17:14:37,2026-09-06T17:14:37,NO,0,0,
2026-09-06,17:14:38,2026-09-06T17:14:38,NO,0,0,
2026-09-06,17:14:39,2026-09-06T17:14:39,NO,0,0,
2026-09-06,17:14:40,2026-09-06T17:14:40,NO,0,0,
2026-09-06,17:14:41,2026-09-06T17:14:41,NO,0,0,
2026-09-06,17:14:42,2026-09-06T17:14:42,NO,0,0,
2026-09-06,17:14:43,2026-09-06T17:14:43,NO,0,0,
2026-09-06,17:14:44,2026-09-06T17:14:44,NO,0,0,
2026-09-06,17:14:46,2026-09-06T17:14:46,NO,0,0,
2026-09-06,17:14:47,2026-09-06T17:14:47,NO,0,0,
2026-09-06,17:14:48,2026-09-06T17:14:48,NO,0,0,
2026-09-06,17:14:49,2026-09-06T17:14:49,NO,0,0,
2026-09-06,17:14:50,2026-09-06T17:14:50,NO,0,0,
2026-09-06,17:14:51,2026-09-06T17:14:51,NO,0,0,
2026-09-06,17:14:52,2026-09-06T17:14:52,NO,0,0,
2026-09-06,17:14:53,2026-09-06T17:14:53,NO,0,0,
2026-09-06,17:14:54,2026-09-06T17:14:54,NO,0,0,
2026-09-06,17:14:55,2026-09-06T17:14:55,NO,0,0,
2026-09-06,17:14:56,2026-09-06T17:14:56,NO,0,0,
2026-09-06,17:14:57,2026-09-06T17:14:57,NO,0,0,
2026-09-06,17:14:58,2026-09-06T17:14:58,NO,0,0,
2026-09-06,17:14:59,2026-09-06T17:14:59,NO,0,0,
2026-09-06,17:15:00,2026-09-06T17:15:00,NO,0,0,
2026-09-06,17:15:01,2026-09-06T17:15:01,NO,0,0,
2026-09-06,17:15:03,2026-09-06T17:15:03,NO,0,0,
2026-09-06,17:15:04,2026-09-06T17:15:04,NO,0,0,
2026-09-06,17:15:05,2026-09-06T17:15:05,NO,0,0,
2026-09-06,17:15:06,2026-09-06T17:15:06,NO,0,0,
2026-09-06,17:15:07,2026-09-06T17:15:07,NO,0,0,
2026-09-06,17:15:08,2026-09-06T17:15:08,NO,0,0,
2026-09-06,17:15:09,2026-09-06T17:15:09,NO,0,0,
2026-09-06,17:15:10,2026-09-06T17:15:10,NO,0,0,
2026-09-06,17:15:11,2026-09-06T17:15:11,NO,0,0,
2026-09-06,17:15:12,2026-09-06T17:15:12,NO,0,0,
2026-09-06,17:15:13,2026-09-06T17:15:13,NO,0,0,
2026-09-06,17:15:14,2026-09-06T17:15:14,NO,0,0,
2026-09-06,17:15:15,2026-09-06T17:15:15,NO,0,0,
2026-09-06,17:15:16,2026-09-06T17:15:16,NO,0,0,
2026-09-06,17:15:17,2026-09-06T17:15:17,NO,0,0,
2026-09-06,17:15:18,2026-09-06T17:15:18,NO,0,0,
2026-09-06,17:15:19,2026-09-06T17:15:19,NO,0,0,
2026-09-06,17:15:21,2026-09-06T17:15:21,NO,0,0,
2026-09-06,17:15:22,2026-09-06T17:15:22,NO,0,0,
2026-09-06,17:15:23,2026-09-06T17:15:23,NO,0,0,
2026-09-06,17:15:24,2026-09-06T17:15:24,NO,0,0,
2026-09-06,17:15:25,2026-09-06T17:15:25,NO,0,0,
2026-09-06,17:15:26,2026-09-06T17:15:26,NO,0,0,
2026-09-06,17:15:27,2026-09-06T17:15:27,NO,0,0,
2026-09-06,17:15:28,2026-09-06T17:15:28,NO,0,0,
2026-09-06,17:15:29,2026-09-06T17:15:29,NO,0,0,
2026-09-06,17:15:30,2026-09-06T17:15:30,NO,0,0,
2026-09-06,17:15:31,2026-09-06T17:15:31,NO,0,0,
2026-09-06,17:15:32,2026-09-06T17:15:32,NO,0,0,
2026-09-06,17:15:33,2026-09-06T17:15:33,NO,0,0,
2026-09-06,17:15:34,2026-09-06T17:15:34,NO,0,0,
2026-09-06,17:15:35,2026-09-06T17:15:35,NO,0,0,
2026-09-06,17:15:36,2026-09-06T17:15:36,NO,0,0,
2026-09-06,17:15:38,2026-09-06T17:15:38,NO,0,0,
2026-09-06,17:15:39,2026-09-06T17:15:39,NO,0,0,
2026-09-06,17:15:40,2026-09-06T17:15:40,NO,0,0,
2026-09-06,17:15:41,2026-09-06T17:15:41,NO,0,0,
2026-09-06,17:15:42,2026-09-06T17:15:42,NO,0,0,
2026-09-06,17:15:43,2026-09-06T17:15:43,YES,1,46.22,detected_elephants\elephant_20260906_171543.jpg
2026-09-06,17:15:44,2026-09-06T17:15:44,NO,0,0,
2026-09-06,17:15:45,2026-09-06T17:15:45,YES,1,70.1,detected_elephants\elephant_20260906_171545.jpg
2026-09-06,17:15:46,2026-09-06T17:15:46,YES,3,61.2,detected_elephants\elephant_20260906_171545.jpg
2026-09-06,17:15:47,2026-09-06T17:15:47,YES,3,68.59,detected_elephants\elephant_20260906_171547.jpg
2026-09-06,17:15:48,2026-09-06T17:15:48,YES,1,45.27,detected_elephants\elephant_20260906_171547.jpg
2026-09-06,17:15:49,2026-09-06T17:15:49,NO,0,0,
2026-09-06,17:15:50,2026-09-06T17:15:50,NO,0,0,
2026-09-06,17:15:51,2026-09-06T17:15:51,NO,0,0,
2026-09-06,17:15:52,2026-09-06T17:15:52,NO,0,0,
2026-09-06,17:15:54,2026-09-06T17:15:54,NO,0,0,
2026-09-06,17:15:55,2026-09-06T17:15:55,NO,0,0,
2026-09-06,18:17:07,2026-09-06T18:17:07,NO,0,0,
2026-09-06,18:17:08,2026-09-06T18:17:08,NO,0,0,
2026-09-06,18:17:09,2026-09-06T18:17:09,NO,0,0,
2026-09-06,18:17:10,2026-09-06T18:17:10,NO,0,0,
2026-09-06,18:17:11,2026-09-06T18:17:11,NO,0,0,
2026-09-06,18:17:12,2026-09-06T18:17:12,NO,0,0,
2026-09-06,18:17:13,2026-09-06T18:17:13,NO,0,0,
2026-09-06,18:41:33,2026-09-06T18:41:33,NO,0,0,
2026-09-06,18:41:34,2026-09-06T18:41:34,NO,0,0,
2026-09-06,18:41:35,2026-09-06T18:41:35,NO,0,0,
2026-09-06,18:41:36,2026-09-06T18:41:36,NO,0,0,
2026-09-06,18:41:37,2026-09-06T18:41:37,NO,0,0,
2026-09-06,18:41:38,2026-09-06T18:41:38,NO,0,0,
2026-09-06,18:41:39,2026-09-06T18:41:39,NO,0,0,
2026-09-06,18:42:50,2026-09-06T18:42:50,NO,0,0,
2026-09-06,18:42:51,2026-09-06T18:42:51,NO,0,0,
2026-09-06,18:42:52,2026-09-06T18:42:52,NO,0,0,
2026-09-06,18:42:53,2026-09-06T18:42:53,NO,0,0,
2026-09-06,18:42:54,2026-09-06T18:42:54,NO,0,0,
2026-09-06,18:42:55,2026-09-06T18:42:55,NO,0,0,
2026-09-06,18:42:56,2026-09-06T18:42:56,NO,0,0,
2026-09-06,18:42:57,2026-09-06T18:42:57,NO,0,0,
2026-09-07,10:55:58,2026-09-07T10:55:58,NO,0,0,
2026-09-07,10:55:59,2026-09-07T10:55:59,NO,0,0,
2026-09-07,10:56:00,2026-09-07T10:56:00,NO,0,0,
2026-09-07,10:56:01,2026-09-07T10:56:01,NO,0,0,
2026-09-07,10:56:02,2026-09-07T10:56:02,NO,0,0,
2026-09-07,10:56:03,2026-09-07T10:56:03,NO,0,0,
2026-09-07,10:56:05,2026-09-07T10:56:05,NO,0,0,
2026-09-07,10:56:06,2026-09-07T10:56:06,NO,0,0,
2026-09-07,10:56:07,2026-09-07T10:56:07,NO,0,0,
2026-09-07,10:56:08,2026-09-07T10:56:08,NO,0,0,
2026-09-07,10:56:09,2026-09-07T10:56:09,NO,0,0,
2026-09-07,10:56:10,2026-09-07T10:56:10,NO,0,0,
2026-09-07,10:56:11,2026-09-07T10:56:11,NO,0,0,
2026-09-07,10:56:12,2026-09-07T10:56:12,NO,0,0,
2026-09-07,10:56:13,2026-09-07T10:56:13,NO,0,0,
2026-09-07,10:56:14,2026-09-07T10:56:14,NO,0,0,
2026-09-07,10:56:15,2026-09-07T10:56:15,NO,0,0,
2026-09-07,10:56:16,2026-09-07T10:56:16,NO,0,0,
2026-09-07,10:56:17,2026-09-07T10:56:17,NO,0,0,
2026-09-07,10:56:18,2026-09-07T10:56:18,NO,0,0,
2026-09-07,10:56:19,2026-09-07T10:56:19,NO,0,0,
2026-09-07,10:56:21,2026-09-07T10:56:21,NO,0,0,
2026-09-07,10:56:22,2026-09-07T10:56:22,NO,0,0,
2026-09-07,10:56:23,2026-09-07T10:56:23,NO,0,0,
2026-09-07,10:56:24,2026-09-07T10:56:24,NO,0,0,
2026-09-07,10:56:25,2026-09-07T10:56:25,NO,0,0,
2026-09-07,10:56:26,2026-09-07T10:56:26,NO,0,0,
2026-09-07,10:56:27,2026-09-07T10:56:27,NO,0,0,
2026-09-07,10:56:28,2026-09-07T10:56:28,NO,0,0,
2026-09-07,10:56:29,2026-09-07T10:56:29,NO,0,0,
2026-09-07,10:56:30,2026-09-07T10:56:30,NO,0,0,
2026-09-07,10:56:31,2026-09-07T10:56:31,NO,0,0,
2026-09-07,10:56:32,2026-09-07T10:56:32,NO,0,0,
2026-09-07,10:56:33,2026-09-07T10:56:33,NO,0,0,
2026-09-07,10:56:34,2026-09-07T10:56:34,NO,0,0,
2026-09-07,10:56:35,2026-09-07T10:56:35,NO,0,0,
2026-09-07,10:56:36,2026-09-07T10:56:36,NO,0,0,
2026-09-07,10:56:38,2026-09-07T10:56:38,NO,0,0,
2026-09-07,10:56:39,2026-09-07T10:56:39,NO,0,0,
2026-09-07,10:56:40,2026-09-07T10:56:40,NO,0,0,
2026-09-07,10:56:41,2026-09-07T10:56:41,NO,0,0,
2026-09-07,10:56:42,2026-09-07T10:56:42,NO,0,0,
2026-09-07,10:56:43,2026-09-07T10:56:43,NO,0,0,
2026-09-07,10:56:44,2026-09-07T10:56:44,NO,0,0,
2026-09-07,10:56:45,2026-09-07T10:56:45,NO,0,0,
2026-09-07,10:56:46,2026-09-07T10:56:46,NO,0,0,
2026-09-07,10:56:47,2026-09-07T10:56:47,NO,0,0,
2026-09-07,10:56:48,2026-09-07T10:56:48,NO,0,0,
2026-09-07,10:56:49,2026-09-07T10:56:49,NO,0,0,
2026-09-07,10:56:50,2026-09-07T10:56:50,NO,0,0,
2026-09-07,10:56:51,2026-09-07T10:56:51,NO,0,0,
2026-09-07,10:56:52,2026-09-07T10:56:52,YES,1,82.56,detected_elephants\elephant_20260907_105652.jpg
2026-09-07,10:56:54,2026-09-07T10:56:54,YES,1,55.45,detected_elephants\elephant_20260907_105652.jpg
2026-09-07,10:56:55,2026-09-07T10:56:55,NO,0,0,
2026-09-07,10:56:56,2026-09-07T10:56:56,NO,0,0,
2026-09-07,10:56:57,2026-09-07T10:56:57,NO,0,0,
2026-09-07,10:56:58,2026-09-07T10:56:58,NO,0,0,
2026-09-07,10:56:59,2026-09-07T10:56:59,NO,0,0,
2026-09-07,10:57:00,2026-09-07T10:57:00,NO,0,0,
2026-09-07,10:57:01,2026-09-07T10:57:01,NO,0,0,
2026-09-07,10:57:02,2026-09-07T10:57:02,NO,0,0,
2026-09-07,10:57:03,2026-09-07T10:57:03,NO,0,0,
2026-09-07,10:57:04,2026-09-07T10:57:04,NO,0,0,
2026-09-07,10:57:05,2026-09-07T10:57:05,NO,0,0,
2026-09-07,10:57:06,2026-09-07T10:57:06,NO,0,0,
2026-09-07,10:57:07,2026-09-07T10:57:07,NO,0,0,
2026-09-07,10:57:08,2026-09-07T10:57:08,NO,0,0,
2026-09-07,10:57:10,2026-09-07T10:57:10,NO,0,0,
2026-09-07,10:57:11,2026-09-07T10:57:11,NO,0,0,
2026-09-07,10:57:12,2026-09-07T10:57:12,NO,0,0,
2026-09-07,10:57:13,2026-09-07T10:57:13,NO,0,0,
2026-09-07,10:57:14,2026-09-07T10:57:14,NO,0,0,
2026-09-07,10:57:15,2026-09-07T10:57:15,NO,0,0,
2026-09-07,10:57:16,2026-09-07T10:57:16,NO,0,0,
2026-09-07,10:57:17,2026-09-07T10:57:17,NO,0,0,
2026-09-07,10:57:18,2026-09-07T10:57:18,NO,0,0,
2026-09-07,10:57:19,2026-09-07T10:57:19,NO,0,0,
2026-09-07,10:57:20,2026-09-07T10:57:20,NO,0,0,
2026-09-07,10:57:21,2026-09-07T10:57:21,NO,0,0,
2026-09-07,10:57:22,2026-09-07T10:57:22,NO,0,0,
2026-09-07,10:57:23,2026-09-07T10:57:23,NO,0,0,
2026-09-07,10:57:24,2026-09-07T10:57:24,NO,0,0,
2026-09-07,10:57:25,2026-09-07T10:57:25,NO,0,0,
2026-09-07,10:57:26,2026-09-07T10:57:26,NO,0,0,
2026-09-07,10:57:28,2026-09-07T10:57:28,NO,0,0,
2026-09-07,10:57:29,2026-09-07T10:57:29,NO,0,0,
2026-09-07,10:57:30,2026-09-07T10:57:30,NO,0,0,
2026-09-07,10:57:31,2026-09-07T10:57:31,NO,0,0,
2026-09-07,10:57:32,2026-09-07T10:57:32,NO,0,0,
2026-09-07,10:57:33,2026-09-07T10:57:33,NO,0,0,
2026-09-07,10:57:34,2026-09-07T10:57:34,NO,0,0,
2026-09-07,10:57:35,2026-09-07T10:57:35,NO,0,0,
2026-09-07,10:57:36,2026-09-07T10:57:36,NO,0,0,
2026-09-07,10:57:37,2026-09-07T10:57:37,NO,0,0,
2026-09-07,10:57:38,2026-09-07T10:57:38,NO,0,0,
2026-09-07,10:57:39,2026-09-07T10:57:39,NO,0,0,
2026-09-07,10:57:40,2026-09-07T10:57:40,NO,0,0,
2026-09-07,10:57:41,2026-09-07T10:57:41,NO,0,0,
2026-09-07,10:57:42,2026-09-07T10:57:42,NO,0,0,
2026-09-07,10:57:43,2026-09-07T10:57:43,NO,0,0,
2026-09-07,10:57:45,2026-09-07T10:57:45,NO,0,0,
2026-09-07,10:57:46,2026-09-07T10:57:46,NO,0,0,
2026-09-07,10:57:47,2026-09-07T10:57:47,NO,0,0,
2026-09-07,10:57:48,2026-09-07T10:57:48,NO,0,0,
2026-09-07,10:57:49,2026-09-07T10:57:49,NO,0,0,
2026-09-07,10:57:50,2026-09-07T10:57:50,NO,0,0,
2026-09-07,10:57:51,2026-09-07T10:57:51,NO,0,0,
2026-09-07,10:57:52,2026-09-07T10:57:52,NO,0,0,
2026-09-07,10:57:53,2026-09-07T10:57:53,NO,0,0,
2026-09-07,10:57:54,2026-09-07T10:57:54,NO,0,0,
2026-09-07,10:57:55,2026-09-07T10:57:55,NO,0,0,
2026-09-07,10:57:56,2026-09-07T10:57:56,NO,0,0,
2026-09-07,10:57:57,2026-09-07T10:57:57,NO,0,0,
2026-09-07,10:57:58,2026-09-07T10:57:58,NO,0,0,
2026-09-07,10:57:59,2026-09-07T10:57:59,NO,0,0,
2026-09-07,10:58:00,2026-09-07T10:58:00,NO,0,0,
2026-09-07,10:58:01,2026-09-07T10:58:01,NO,0,0,
2026-09-07,10:58:02,2026-09-07T10:58:02,NO,0,0,
2026-09-07,10:58:03,2026-09-07T10:58:03,NO,0,0,
2026-09-07,10:58:04,2026-09-07T10:58:04,NO,0,0,
2026-09-07,10:58:06,2026-09-07T10:58:06,NO,0,0,
2026-09-07,10:58:07,2026-09-07T10:58:07,NO,0,0,
2026-09-07,10:58:08,2026-09-07T10:58:08,NO,0,0,
2026-09-07,10:58:09,2026-09-07T10:58:09,NO,0,0,
2026-09-07,10:58:10,2026-09-07T10:58:10,NO,0,0,
2026-09-07,10:58:11,2026-09-07T10:58:11,NO,0,0,
2026-09-07,10:58:12,2026-09-07T10:58:12,NO,0,0,
2026-09-07,10:58:13,2026-09-07T10:58:13,NO,0,0,
2026-09-07,10:58:14,2026-09-07T10:58:14,NO,0,0,
2026-09-07,10:58:15,2026-09-07T10:58:15,NO,0,0,
2026-09-07,10:58:16,2026-09-07T10:58:16,NO,0,0,
2026-09-07,10:58:17,2026-09-07T10:58:17,NO,0,0,
2026-09-07,10:58:18,2026-09-07T10:58:18,NO,0,0,
2026-09-07,10:58:19,2026-09-07T10:58:19,NO,0,0,
2026-09-07,10:58:20,2026-09-07T10:58:20,NO,0,0,
2026-09-07,10:58:21,2026-09-07T10:58:21,NO,0,0,
2026-09-07,10:58:22,2026-09-07T10:58:22,NO,0,0,
2026-09-07,10:58:24,2026-09-07T10:58:24,NO,0,0,
2026-09-07,10:58:25,2026-09-07T10:58:25,NO,0,0,
2026-09-07,10:58:26,2026-09-07T10:58:26,NO,0,0,
2026-09-07,10:58:27,2026-09-07T10:58:27,NO,0,0,
2026-09-07,10:58:28,2026-09-07T10:58:28,NO,0,0,
2026-09-07,10:58:29,2026-09-07T10:58:29,NO,0,0,
2026-09-07,10:58:30,2026-09-07T10:58:30,NO,0,0,
2026-09-07,10:58:31,2026-09-07T10:58:31,NO,0,0,
2026-09-07,10:58:32,2026-09-07T10:58:32,NO,0,0,
2026-09-07,10:58:33,2026-09-07T10:58:33,NO,0,0,
2026-09-07,10:58:34,2026-09-07T10:58:34,NO,0,0,
2026-09-07,10:58:35,2026-09-07T10:58:35,NO,0,0,
2026-09-07,10:58:36,2026-09-07T10:58:36,NO,0,0,
2026-09-07,10:58:37,2026-09-07T10:58:37,NO,0,0,
2026-09-07,10:58:38,2026-09-07T10:58:38,NO,0,0,
2026-09-07,10:58:39,2026-09-07T10:58:39,NO,0,0,
2026-09-07,10:58:40,2026-09-07T10:58:40,NO,0,0,
2026-09-07,10:58:41,2026-09-07T10:58:41,NO,0,0,
2026-09-19,09:06:56,2026-09-19T09:06:56,NO,0,0,
2026-09-19,09:06:57,2026-09-19T09:06:57,NO,0,0,
2026-09-19,09:06:58,2026-09-19T09:06:58,NO,0,0,
2026-09-19,09:06:59,2026-09-19T09:06:59,NO,0,0,
2026-09-19,09:07:00,2026-09-19T09:07:00,NO,0,0,
2026-09-19,09:07:01,2026-09-19T09:07:01,NO,0,0,
2026-09-19,09:07:03,2026-09-19T09:07:03,NO,0,0,
2026-09-19,09:07:04,2026-09-19T09:07:04,NO,0,0,
2026-09-19,09:07:05,2026-09-19T09:07:05,NO,0,0,
2026-09-19,09:07:06,2026-09-19T09:07:06,NO,0,0,
2026-09-19,09:07:07,2026-09-19T09:07:07,NO,0,0,
2026-09-19,09:07:08,2026-09-19T09:07:08,NO,0,0,
2026-09-19,09:07:09,2026-09-19T09:07:09,NO,0,0,
2026-09-19,09:07:10,2026-09-19T09:07:10,NO,0,0,
2026-09-19,09:07:11,2026-09-19T09:07:11,NO,0,0,
2026-09-19,09:07:12,2026-09-19T09:07:12,NO,0,0,
2026-09-19,09:07:13,2026-09-19T09:07:13,NO,0,0,
2026-09-19,09:07:14,2026-09-19T09:07:14,NO,0,0,
2026-09-19,09:07:15,2026-09-19T09:07:15,NO,0,0,
2026-09-19,09:07:16,2026-09-19T09:07:16,NO,0,0,
2026-09-19,09:07:17,2026-09-19T09:07:17,NO,0,0,
2026-09-19,09:07:18,2026-09-19T09:07:18,NO,0,0,
2026-09-19,13:31:29,2026-09-19T13:31:29,NO,0,0,
2026-09-19,13:31:30,2026-09-19T13:31:30,NO,0,0,
2026-09-19,13:31:31,2026-09-19T13:31:31,NO,0,0,
2026-09-19,13:31:32,2026-09-19T13:31:32,NO,0,0,
2026-09-19,13:31:33,2026-09-19T13:31:33,NO,0,0,
2026-09-19,13:31:34,2026-09-19T13:31:34,NO,0,0,
2026-09-19,13:31:35,2026-09-19T13:31:35,NO,0,0,
2026-09-19,13:31:36,2026-09-19T13:31:36,NO,0,0,
2026-09-19,13:31:37,2026-09-19T13:31:37,NO,0,0,
2026-09-19,13:31:39,2026-09-19T13:31:39,NO,0,0,
2026-09-19,13:31:40,2026-09-19T13:31:40,NO,0,0,
2026-09-19,13:31:41,2026-09-19T13:31:41,NO,0,0,
2026-09-19,13:31:43,2026-09-19T13:31:43,NO,0,0,
2026-09-19,13:31:44,2026-09-19T13:31:44,NO,0,0,
2026-09-19,13:31:45,2026-09-19T13:31:45,NO,0,0,
2026-09-19,13:31:46,2026-09-19T13:31:46,NO,0,0,
2026-09-19,13:31:47,2026-09-19T13:31:47,NO,0,0,
2026-09-19,13:31:49,2026-09-19T13:31:49,NO,0,0,
2026-09-19,13:31:50,2026-09-19T13:31:50,NO,0,0,
2026-09-19,13:31:51,2026-09-19T13:31:51,NO,0,0,
2026-09-19,13:31:52,2026-09-19T13:31:52,NO,0,0,
2026-09-19,13:31:53,2026-09-19T13:31:53,NO,0,0,
2026-09-19,13:31:54,2026-09-19T13:31:54,NO,0,0,
2026-09-19,13:31:55,2026-09-19T13:31:55,NO,0,0,
2026-09-19,13:31:57,2026-09-19T13:31:57,NO,0,0,
2026-09-19,13:31:58,2026-09-19T13:31:58,NO,0,0,
2026-09-19,13:31:59,2026-09-19T13:31:59,NO,0,0,
2026-09-19,13:32:00,2026-09-19T13:32:00,NO,0,0,
2026-09-19,13:32:01,2026-09-19T13:32:01,NO,0,0,
2026-09-19,13:32:03,2026-09-19T13:32:03,NO,0,0,
2026-09-19,13:32:04,2026-09-19T13:32:04,NO,0,0,
2026-09-19,13:32:05,2026-09-19T13:32:05,NO,0,0,
2026-09-19,13:32:06,2026-09-19T13:32:06,NO,0,0,
2026-09-19,13:32:07,2026-09-19T13:32:07,NO,0,0,
2026-09-19,13:32:08,2026-09-19T13:32:08,NO,0,0,
2026-09-19,13:32:10,2026-09-19T13:32:10,NO,0,0,
2026-09-19,13:32:11,2026-09-19T13:32:11,NO,0,0,
2026-09-19,13:32:12,2026-09-19T13:32:12,NO,0,0,
2026-09-19,13:32:13,2026-09-19T13:32:13,NO,0,0,
2026-09-19,13:32:15,2026-09-19T13:32:15,NO,0,0,
2026-09-19,13:32:16,2026-09-19T13:32:16,NO,0,0,
2026-09-19,13:32:17,2026-09-19T13:32:17,NO,0,0,
2026-09-19,13:32:18,2026-09-19T13:32:18,NO,0,0,
2026-09-19,13:32:20,2026-09-19T13:32:20,NO,0,0,
2026-09-19,13:32:21,2026-09-19T13:32:21,NO,0,0,
2026-09-19,13:32:22,2026-09-19T13:32:22,NO,0,0,
2026-09-19,13:32:23,2026-09-19T13:32:23,NO,0,0,
2026-09-19,13:32:25,2026-09-19T13:32:25,NO,0,0,
2026-09-19,13:32:26,2026-09-19T13:32:26,NO,0,0,
2026-09-19,13:32:27,2026-09-19T13:32:27,NO,0,0,
2026-09-19,13:32:28,2026-09-19T13:32:28,NO,0,0,
2026-09-19,13:32:30,2026-09-19T13:32:30,NO,0,0,
2026-09-19,13:32:31,2026-09-19T13:32:31,NO,0,0,
2026-09-19,13:32:32,2026-09-19T13:32:32,NO,0,0,
2026-09-19,13:32:33,2026-09-19T13:32:33,NO,0,0,
2026-09-19,13:32:35,2026-09-19T13:32:35,NO,0,0,
2026-09-19,13:32:36,2026-09-19T13:32:36,NO,0,0,
2026-09-19,13:32:37,2026-09-19T13:32:37,NO,0,0,
2026-09-19,13:32:38,2026-09-19T13:32:38,NO,0,0,
2026-09-19,13:32:40,2026-09-19T13:32:40,NO,0,0,
2026-09-19,13:32:41,2026-09-19T13:32:41,NO,0,0,
2026-09-19,13:32:42,2026-09-19T13:32:42,NO,0,0,
2026-09-19,13:32:43,2026-09-19T13:32:43,NO,0,0,
2026-09-19,13:32:44,2026-09-19T13:32:44,NO,0,0,
2026-09-19,13:32:46,2026-09-19T13:32:46,NO,0,0,
2026-09-19,13:32:47,2026-09-19T13:32:47,NO,0,0,
2026-09-19,13:32:48,2026-09-19T13:32:48,NO,0,0,
2026-09-19,13:32:50,2026-09-19T13:32:50,NO,0,0,
2026-09-19,13:32:51,2026-09-19T13:32:51,NO,0,0,
2026-09-19,13:32:52,2026-09-19T13:32:52,NO,0,0,
2026-09-19,13:32:53,2026-09-19T13:32:53,NO,0,0,
2026-09-19,13:32:54,2026-09-19T13:32:54,NO,0,0,
2026-09-19,13:32:55,2026-09-19T13:32:55,NO,0,0,
2026-09-19,13:32:57,2026-09-19T13:32:57,NO,0,0,
2026-09-19,13:32:58,2026-09-19T13:32:58,NO,0,0,
2026-09-19,13:32:59,2026-09-19T13:32:59,NO,0,0,
2026-09-19,13:33:01,2026-09-19T13:33:01,NO,0,0,
2026-09-19,13:33:02,2026-09-19T13:33:02,NO,0,0,
2026-09-19,13:33:04,2026-09-19T13:33:04,NO,0,0,
2026-09-19,13:33:05,2026-09-19T13:33:05,NO,0,0,
2026-09-19,13:33:06,2026-09-19T13:33:06,NO,0,0,
2026-09-19,13:33:07,2026-09-19T13:33:07,NO,0,0,
2026-09-19,13:33:08,2026-09-19T13:33:08,NO,0,0,
2026-09-19,13:33:10,2026-09-19T13:33:10,NO,0,0,
2026-09-19,13:33:11,2026-09-19T13:33:11,NO,0,0,
2026-09-19,13:33:12,2026-09-19T13:33:12,NO,0,0,
2026-09-19,13:33:13,2026-09-19T13:33:13,NO,0,0,
2026-09-19,13:33:14,2026-09-19T13:33:14,NO,0,0,
2026-09-19,13:33:16,2026-09-19T13:33:16,NO,0,0,
2026-09-19,13:33:17,2026-09-19T13:33:17,NO,0,0,
2026-09-19,13:33:18,2026-09-19T13:33:18,NO,0,0,
2026-09-19,13:33:20,2026-09-19T13:33:20,NO,0,0,
2026-09-19,13:33:21,2026-09-19T13:33:21,NO,0,0,
2026-09-19,13:33:22,2026-09-19T13:33:22,NO,0,0,
2026-09-19,13:33:23,2026-09-19T13:33:23,NO,0,0,
2026-09-19,13:33:24,2026-09-19T13:33:24,NO,0,0,
2026-09-19,13:33:25,2026-09-19T13:33:25,NO,0,0,
2026-09-19,13:33:26,2026-09-19T13:33:26,NO,0,0,
2026-09-19,13:33:28,2026-09-19T13:33:28,NO,0,0,
2026-09-19,13:33:29,2026-09-19T13:33:29,NO,0,0,
2026-09-19,13:33:30,2026-09-19T13:33:30,NO,0,0,
2026-09-19,13:33:32,2026-09-19T13:33:32,NO,0,0,
2026-09-19,13:33:33,2026-09-19T13:33:33,NO,0,0,
2026-09-19,13:33:34,2026-09-19T13:33:34,NO,0,0,
2026-09-19,13:33:36,2026-09-19T13:33:36,NO,0,0,
2026-09-19,13:33:37,2026-09-19T13:33:37,NO,0,0,
2026-09-19,13:33:38,2026-09-19T13:33:38,NO,0,0,
2026-09-19,13:33:40,2026-09-19T13:33:40,NO,0,0,
2026-09-19,13:33:41,2026-09-19T13:33:41,NO,0,0,
2026-09-19,13:33:43,2026-09-19T13:33:43,NO,0,0,
2026-09-19,13:33:44,2026-09-19T13:33:44,NO,0,0,
2026-09-19,13:33:45,2026-09-19T13:33:45,NO,0,0,
2026-09-19,13:33:46,2026-09-19T13:33:46,NO,0,0,
2026-09-19,13:33:48,2026-09-19T13:33:48,NO,0,0,
2026-09-19,13:33:49,2026-09-19T13:33:49,NO,0,0,
2026-09-19,13:33:50,2026-09-19T13:33:50,NO,0,0,
2026-09-19,13:33:52,2026-09-19T13:33:52,NO,0,0,
2026-09-19,13:33:53,2026-09-19T13:33:53,NO,0,0,
2026-09-19,13:33:55,2026-09-19T13:33:55,NO,0,0,
2026-09-19,13:33:56,2026-09-19T13:33:56,NO,0,0,
2026-09-19,13:33:57,2026-09-19T13:33:57,NO,0,0,
2026-09-19,13:33:59,2026-09-19T13:33:59,NO,0,0,
2026-09-19,13:34:00,2026-09-19T13:34:00,NO,0,0,
2026-09-19,13:34:01,2026-09-19T13:34:01,NO,0,0,
2026-09-19,13:34:02,2026-09-19T13:34:02,NO,0,0,
2026-09-19,13:34:03,2026-09-19T13:34:03,NO,0,0,
2026-09-19,13:34:05,2026-09-19T13:34:05,NO,0,0,
2026-09-19,13:34:06,2026-09-19T13:34:06,NO,0,0,
2026-09-19,13:34:07,2026-09-19T13:34:07,NO,0,0,
2026-09-19,13:34:08,2026-09-19T13:34:08,NO,0,0,
2026-09-19,13:34:10,2026-09-19T13:34:10,NO,0,0,
2026-09-19,13:34:11,2026-09-19T13:34:11,NO,0,0,
2026-09-19,13:34:12,2026-09-19T13:34:12,NO,0,0,
2026-09-19,13:34:14,2026-09-19T13:34:14,NO,0,0,
2026-09-19,13:34:15,2026-09-19T13:34:15,NO,0,0,
2026-09-19,13:34:16,2026-09-19T13:34:16,NO,0,0,
2026-09-19,13:34:17,2026-09-19T13:34:17,NO,0,0,
2026-09-19,13:34:19,2026-09-19T13:34:19,NO,0,0,
2026-09-19,13:34:20,2026-09-19T13:34:20,NO,0,0,
2026-09-19,13:34:21,2026-09-19T13:34:21,NO,0,0,
2026-09-19,13:34:22,2026-09-19T13:34:22,NO,0,0,
2026-09-19,13:34:23,2026-09-19T13:34:23,NO,0,0,
2026-09-19,13:34:24,2026-09-19T13:34:24,NO,0,0,
2026-09-19,13:34:26,2026-09-19T13:34:26,NO,0,0,
2026-09-19,13:34:27,2026-09-19T13:34:27,NO,0,0,
2026-09-19,13:34:28,2026-09-19T13:34:28,NO,0,0,
2026-09-19,13:34:29,2026-09-19T13:34:29,NO,0,0,
2026-09-19,13:34:30,2026-09-19T13:34:30,NO,0,0,
2026-09-19,13:34:32,2026-09-19T13:34:32,NO,0,0,
2026-09-19,13:34:33,2026-09-19T13:34:33,NO,0,0,
2026-09-19,13:34:34,2026-09-19T13:34:34,NO,0,0,
2026-09-19,13:34:36,2026-09-19T13:34:36,NO,0,0,
2026-09-19,13:34:37,2026-09-19T13:34:37,NO,0,0,
2026-09-19,13:34:38,2026-09-19T13:34:38,NO,0,0,
2026-09-19,13:34:39,2026-09-19T13:34:39,NO,0,0,
2026-09-19,13:34:40,2026-09-19T13:34:40,NO,0,0,
2026-09-19,13:34:42,2026-09-19T13:34:42,NO,0,0,
2026-09-19,13:34:43,2026-09-19T13:34:43,NO,0,0,
2026-09-19,13:34:44,2026-09-19T13:34:44,NO,0,0,
2026-09-19,13:34:45,2026-09-19T13:34:45,NO,0,0,
2026-09-19,13:34:46,2026-09-19T13:34:46,NO,0,0,
2026-09-19,13:34:47,2026-09-19T13:34:47,NO,0,0,
2026-09-19,13:34:49,2026-09-19T13:34:49,NO,0,0,
2026-09-19,13:34:50,2026-09-19T13:34:50,NO,0,0,
2026-09-19,13:34:51,2026-09-19T13:34:51,NO,0,0,
2026-09-19,13:34:53,2026-09-19T13:34:53,NO,0,0,
2026-09-19,13:34:54,2026-09-19T13:34:54,NO,0,0,
2026-09-19,13:34:55,2026-09-19T13:34:55,NO,0,0,
2026-09-19,13:34:56,2026-09-19T13:34:56,NO,0,0,
2026-09-19,13:34:57,2026-09-19T13:34:57,NO,0,0,
2026-09-19,13:34:59,2026-09-19T13:34:59,NO,0,0,
2026-09-19,13:35:00,2026-09-19T13:35:00,NO,0,0,
2026-09-19,13:35:02,2026-09-19T13:35:02,NO,0,0,
2026-09-19,13:35:03,2026-09-19T13:35:03,NO,0,0,
2026-09-19,13:35:04,2026-09-19T13:35:04,NO,0,0,
2026-09-19,13:35:06,2026-09-19T13:35:06,NO,0,0,
2026-09-19,13:35:07,2026-09-19T13:35:07,NO,0,0,
2026-09-19,13:35:08,2026-09-19T13:35:08,NO,0,0,
2026-09-19,13:35:09,2026-09-19T13:35:09,NO,0,0,
2026-09-19,13:35:10,2026-09-19T13:35:10,NO,0,0,
2026-09-19,13:35:11,2026-09-19T13:35:11,NO,0,0,
2026-09-19,13:35:13,2026-09-19T13:35:13,NO,0,0,
2026-09-19,13:35:14,2026-09-19T13:35:14,NO,0,0,
2026-09-19,13:35:15,2026-09-19T13:35:15,NO,0,0,
2026-09-19,13:35:16,2026-09-19T13:35:16,NO,0,0,
2026-09-19,13:35:17,2026-09-19T13:35:17,NO,0,0,
2026-09-19,13:35:19,2026-09-19T13:35:19,NO,0,0,
2026-09-19,13:35:20,2026-09-19T13:35:20,NO,0,0,
2026-09-19,13:35:21,2026-09-19T13:35:21,NO,0,0,
2026-09-19,13:35:22,2026-09-19T13:35:22,NO,0,0,
2026-09-19,13:35:24,2026-09-19T13:35:24,NO,0,0,
2026-09-19,13:35:25,2026-09-19T13:35:25,NO,0,0,
2026-09-19,13:35:26,2026-09-19T13:35:26,NO,0,0,
2026-09-19,13:35:28,2026-09-19T13:35:28,NO,0,0,
2026-09-19,13:35:29,2026-09-19T13:35:29,NO,0,0,
2026-09-19,13:35:30,2026-09-19T13:35:30,NO,0,0,
2026-09-19,13:35:31,2026-09-19T13:35:31,NO,0,0,
2026-09-19,13:35:32,2026-09-19T13:35:32,NO,0,0,
2026-09-19,13:35:34,2026-09-19T13:35:34,NO,0,0,
2026-09-19,13:35:35,2026-09-19T13:35:35,NO,0,0,
2026-09-19,13:35:36,2026-09-19T13:35:36,NO,0,0,
2026-09-19,13:35:38,2026-09-19T13:35:38,NO,0,0,
2026-09-19,13:35:39,2026-09-19T13:35:39,NO,0,0,
2026-09-19,13:35:41,2026-09-19T13:35:41,NO,0,0,
2026-09-19,13:35:42,2026-09-19T13:35:42,NO,0,0,
2026-09-19,13:35:43,2026-09-19T13:35:43,NO,0,0,
2026-09-19,13:35:44,2026-09-19T13:35:44,NO,0,0,
2026-09-19,13:35:45,2026-09-19T13:35:45,NO,0,0,
2026-09-19,13:35:46,2026-09-19T13:35:46,NO,0,0,
2026-09-19,13:35:48,2026-09-19T13:35:48,NO,0,0,
2026-09-19,13:35:49,2026-09-19T13:35:49,NO,0,0,
2026-09-19,13:35:51,2026-09-19T13:35:51,NO,0,0,
2026-09-19,13:35:52,2026-09-19T13:35:52,NO,0,0,
2026-09-19,13:35:54,2026-09-19T13:35:54,NO,0,0,
2026-09-19,13:35:56,2026-09-19T13:35:56,NO,0,0,
2026-09-19,13:35:58,2026-09-19T13:35:58,NO,0,0,
2026-09-19,13:36:00,2026-09-19T13:36:00,NO,0,0,
2026-09-19,13:36:01,2026-09-19T13:36:01,NO,0,0,
2026-09-19,13:36:03,2026-09-19T13:36:03,NO,0,0,
2026-09-19,13:36:04,2026-09-19T13:36:04,NO,0,0,
2026-09-19,13:36:06,2026-09-19T13:36:06,NO,0,0,
2026-09-19,13:36:08,2026-09-19T13:36:08,NO,0,0,
2026-09-19,13:36:09,2026-09-19T13:36:09,NO,0,0,
2026-09-19,13:36:11,2026-09-19T13:36:11,NO,0,0,
2026-09-19,13:36:12,2026-09-19T13:36:12,NO,0,0,
2026-09-19,13:36:13,2026-09-19T13:36:13,NO,0,0,
2026-09-19,13:36:16,2026-09-19T13:36:16,NO,0,0,
2026-09-19,13:36:18,2026-09-19T13:36:18,NO,0,0,
2026-09-19,13:36:19,2026-09-19T13:36:19,NO,0,0,
2026-09-19,13:36:21,2026-09-19T13:36:21,NO,0,0,
2026-09-19,13:36:22,2026-09-19T13:36:22,NO,0,0,
2026-09-19,13:36:24,2026-09-19T13:36:24,NO,0,0,
2026-09-19,13:36:26,2026-09-19T13:36:26,NO,0,0,
2026-09-19,13:36:28,2026-09-19T13:36:28,NO,0,0,
2026-09-19,13:36:30,2026-09-19T13:36:30,NO,0,0,
2026-09-19,13:36:31,2026-09-19T13:36:31,NO,0,0,
2026-09-19,13:36:33,2026-09-19T13:36:33,NO,0,0,
2026-09-19,13:36:34,2026-09-19T13:36:34,NO,0,0,
2026-09-19,13:36:37,2026-09-19T13:36:37,NO,0,0,
2026-09-19,13:36:38,2026-09-19T13:36:38,NO,0,0,
2026-09-19,13:36:40,2026-09-19T13:36:40,NO,0,0,
2026-09-19,13:36:41,2026-09-19T13:36:41,NO,0,0,
2026-09-19,13:36:42,2026-09-19T13:36:42,NO,0,0,
2026-09-19,13:36:44,2026-09-19T13:36:44,NO,0,0,
2026-09-19,13:36:46,2026-09-19T13:36:46,NO,0,0,
2026-09-19,13:36:47,2026-09-19T13:36:47,NO,0,0,
2026-09-19,13:36:48,2026-09-19T13:36:48,NO,0,0,
2026-09-19,13:36:49,2026-09-19T13:36:49,NO,0,0,
2026-09-19,13:36:50,2026-09-19T13:36:50,NO,0,0,
2026-09-19,13:36:52,2026-09-19T13:36:52,NO,0,0,
2026-09-19,13:36:53,2026-09-19T13:36:53,NO,0,0,
2026-09-19,13:36:55,2026-09-19T13:36:55,NO,0,0,
2026-09-19,13:36:57,2026-09-19T13:36:57,NO,0,0,
2026-09-19,13:36:58,2026-09-19T13:36:58,NO,0,0,
2026-09-19,13:36:59,2026-09-19T13:36:59,NO,0,0,
2026-09-19,13:37:01,2026-09-19T13:37:01,NO,0,0,
2026-09-19,13:37:02,2026-09-19T13:37:02,NO,0,0,
2026-09-19,13:37:04,2026-09-19T13:37:04,NO,0,0,
2026-09-19,13:37:05,2026-09-19T13:37:05,NO,0,0,
2026-09-19,13:37:06,2026-09-19T13:37:06,NO,0,0,
2026-09-19,13:37:08,2026-09-19T13:37:08,NO,0,0,
2026-09-19,13:37:09,2026-09-19T13:37:09,NO,0,0,
2026-09-19,13:37:10,2026-09-19T13:37:10,NO,0,0,
2026-09-19,13:37:12,2026-09-19T13:37:12,NO,0,0,
2026-09-19,13:37:13,2026-09-19T13:37:13,NO,0,0,
2026-09-19,13:37:15,2026-09-19T13:37:15,NO,0,0,
2026-09-19,13:37:17,2026-09-19T13:37:17,NO,0,0,
2026-09-19,13:37:18,2026-09-19T13:37:18,NO,0,0,
2026-09-19,13:37:19,2026-09-19T13:37:19,NO,0,0,
2026-09-19,13:37:21,2026-09-19T13:37:21,NO,0,0,
2026-09-19,13:37:22,2026-09-19T13:37:22,NO,0,0,
2026-09-19,13:37:24,2026-09-19T13:37:24,NO,0,0,
2026-09-19,13:37:25,2026-09-19T13:37:25,NO,0,0,
2026-09-19,13:37:26,2026-09-19T13:37:26,NO,0,0,
2026-09-19,13:37:27,2026-09-19T13:37:27,NO,0,0,
2026-09-19,13:37:29,2026-09-19T13:37:29,NO,0,0,
2026-09-19,13:37:30,2026-09-19T13:37:30,NO,0,0,
2026-09-19,13:37:32,2026-09-19T13:37:32,NO,0,0,
2026-09-19,13:37:33,2026-09-19T13:37:33,NO,0,0,
2026-09-19,13:37:34,2026-09-19T13:37:34,NO,0,0,
2026-09-19,13:37:36,2026-09-19T13:37:36,NO,0,0,
2026-09-19,13:37:37,2026-09-19T13:37:37,NO,0,0,
2026-09-19,13:37:38,2026-09-19T13:37:38,NO,0,0,
2026-09-19,13:37:40,2026-09-19T13:37:40,NO,0,0,
2026-09-19,13:37:41,2026-09-19T13:37:41,NO,0,0,
2026-09-19,13:37:43,2026-09-19T13:37:43,NO,0,0,
2026-09-19,13:37:44,2026-09-19T13:37:44,NO,0,0,
2026-09-19,13:37:46,2026-09-19T13:37:46,NO,0,0,
2026-09-19,13:37:47,2026-09-19T13:37:47,NO,0,0,
2026-09-19,13:37:49,2026-09-19T13:37:49,NO,0,0,
2026-09-19,13:37:50,2026-09-19T13:37:50,NO,0,0,
2026-09-19,13:37:51,2026-09-19T13:37:51,NO,0,0,
2026-09-19,13:37:52,2026-09-19T13:37:52,NO,0,0,
2026-09-19,13:37:53,2026-09-19T13:37:53,NO,0,0,
2026-09-19,13:37:54,2026-09-19T13:37:54,NO,0,0,
2026-09-19,13:37:55,2026-09-19T13:37:55,NO,0,0,
2026-09-19,13:37:57,2026-09-19T13:37:57,NO,0,0,
2026-09-19,13:37:58,2026-09-19T13:37:58,NO,0,0,
2026-09-19,13:38:00,2026-09-19T13:38:00,NO,0,0,
2026-09-19,13:38:01,2026-09-19T13:38:01,NO,0,0,
2026-09-19,13:38:02,2026-09-19T13:38:02,NO,0,0,
2026-09-19,13:38:03,2026-09-19T13:38:03,NO,0,0,
2026-09-19,13:38:05,2026-09-19T13:38:05,NO,0,0,
2026-09-19,13:38:06,2026-09-19T13:38:06,NO,0,0,
2026-09-19,13:38:07,2026-09-19T13:38:07,NO,0,0,
2026-09-19,13:38:08,2026-09-19T13:38:08,NO,0,0,
2026-09-19,13:38:10,2026-09-19T13:38:10,NO,0,0,
2026-09-19,13:38:11,2026-09-19T13:38:11,NO,0,0,
2026-09-19,13:38:12,2026-09-19T13:38:12,NO,0,0,
2026-09-19,13:38:13,2026-09-19T13:38:13,NO,0,0,
2026-09-19,13:38:14,2026-09-19T13:38:14,NO,0,0,
2026-09-19,13:38:16,2026-09-19T13:38:16,NO,0,0,
2026-09-19,13:38:17,2026-09-19T13:38:17,NO,0,0,
2026-09-19,13:38:18,2026-09-19T13:38:18,NO,0,0,
2026-09-19,13:38:19,2026-09-19T13:38:19,NO,0,0,
2026-09-19,13:38:20,2026-09-19T13:38:20,NO,0,0,
2026-09-19,13:38:21,2026-09-19T13:38:21,NO,0,0,
2026-09-19,13:38:22,2026-09-19T13:38:22,NO,0,0,
2026-09-19,13:38:23,2026-09-19T13:38:23,NO,0,0,
2026-09-19,13:38:24,2026-09-19T13:38:24,YES,1,56.52,detected_elephants\elephant_20260919_133824.jpg
2026-09-19,13:38:26,2026-09-19T13:38:26,YES,2,64.54,detected_elephants\elephant_20260919_133824.jpg
2026-09-19,13:38:27,2026-09-19T13:38:27,NO,0,0,
2026-09-19,13:38:28,2026-09-19T13:38:28,YES,3,71.9,detected_elephants\elephant_20260919_133828.jpg
2026-09-19,13:38:29,2026-09-19T13:38:29,YES,1,73.24,detected_elephants\elephant_20260919_133828.jpg
2026-09-19,13:38:30,2026-09-19T13:38:30,NO,0,0,
2026-09-19,13:38:31,2026-09-19T13:38:31,NO,0,0,
2026-09-19,13:38:33,2026-09-19T13:38:33,NO,0,0,
2026-09-19,13:38:34,2026-09-19T13:38:34,NO,0,0,
2026-09-19,13:38:35,2026-09-19T13:38:35,NO,0,0,
2026-09-19,13:38:36,2026-09-19T13:38:36,NO,0,0,
2026-09-19,13:38:37,2026-09-19T13:38:37,NO,0,0,
2026-09-19,13:38:38,2026-09-19T13:38:38,NO,0,0,
2026-09-19,13:38:40,2026-09-19T13:38:40,YES,1,61.73,detected_elephants\elephant_20260919_133840.jpg
2026-09-19,13:38:41,2026-09-19T13:38:41,NO,0,0,
2026-09-19,13:38:42,2026-09-19T13:38:42,NO,0,0,
2026-09-19,13:38:44,2026-09-19T13:38:44,NO,0,0,
2026-09-19,13:38:45,2026-09-19T13:38:45,NO,0,0,
2026-09-19,13:38:46,2026-09-19T13:38:46,NO,0,0,
2026-09-19,13:38:47,2026-09-19T13:38:47,NO,0,0,
2026-09-19,13:38:48,2026-09-19T13:38:48,NO,0,0,
2026-09-19,13:38:50,2026-09-19T13:38:50,NO,0,0,
2026-09-19,13:38:51,2026-09-19T13:38:51,NO,0,0,
2026-09-19,13:38:52,2026-09-19T13:38:52,NO,0,0,
2026-09-19,13:38:53,2026-09-19T13:38:53,NO,0,0,
2026-09-19,13:38:54,2026-09-19T13:38:54,NO,0,0,
2026-09-19,13:38:55,2026-09-19T13:38:55,NO,0,0,
2026-09-19,13:38:56,2026-09-19T13:38:56,NO,0,0,
2026-09-19,13:38:58,2026-09-19T13:38:58,NO,0,0,
2026-09-19,13:38:59,2026-09-19T13:38:59,NO,0,0,
2026-09-19,13:39:00,2026-09-19T13:39:00,NO,0,0,
2026-09-19,13:39:01,2026-09-19T13:39:01,NO,0,0,
2026-09-19,13:39:02,2026-09-19T13:39:02,NO,0,0,
2026-09-19,13:39:03,2026-09-19T13:39:03,NO,0,0,
2026-09-19,13:39:04,2026-09-19T13:39:04,NO,0,0,
2026-09-19,13:39:05,2026-09-19T13:39:05,NO,0,0,
2026-09-19,13:39:06,2026-09-19T13:39:06,NO,0,0,
2026-09-19,13:39:08,2026-09-19T13:39:08,YES,3,69.12,detected_elephants\elephant_20260919_133907.jpg
2026-09-19,13:39:09,2026-09-19T13:39:09,YES,3,68.95,detected_elephants\elephant_20260919_133907.jpg
2026-09-19,13:39:10,2026-09-19T13:39:10,YES,1,67.44,detected_elephants\elephant_20260919_133907.jpg
2026-09-19,13:39:11,2026-09-19T13:39:11,YES,1,58.43,detected_elephants\elephant_20260919_133907.jpg
2026-09-19,13:39:12,2026-09-19T13:39:12,YES,2,64.5,detected_elephants\elephant_20260919_133907.jpg
2026-09-19,13:39:14,2026-09-19T13:39:14,NO,0,0,
2026-09-19,13:39:15,2026-09-19T13:39:15,NO,0,0,
2026-09-19,13:39:16,2026-09-19T13:39:16,NO,0,0,
2026-09-19,13:39:17,2026-09-19T13:39:17,NO,0,0,
2026-09-19,13:39:19,2026-09-19T13:39:19,NO,0,0,
2026-09-19,13:39:21,2026-09-19T13:39:21,NO,0,0,
2026-09-19,13:39:22,2026-09-19T13:39:22,NO,0,0,
2026-09-19,13:39:26,2026-09-19T13:39:26,NO,0,0,
2026-09-19,13:39:28,2026-09-19T13:39:28,NO,0,0,
2026-09-19,13:39:29,2026-09-19T13:39:29,NO,0,0,
2026-09-19,13:39:33,2026-09-19T13:39:33,NO,0,0,
2026-09-19,13:39:34,2026-09-19T13:39:34,NO,0,0,
2026-09-19,13:39:35,2026-09-19T13:39:35,NO,0,0,
2026-09-19,13:39:37,2026-09-19T13:39:37,NO,0,0,
2026-09-19,13:39:39,2026-09-19T13:39:39,NO,0,0,
2026-09-19,13:39:40,2026-09-19T13:39:40,NO,0,0,
2026-09-19,13:39:42,2026-09-19T13:39:42,NO,0,0,
2026-09-19,13:39:43,2026-09-19T13:39:43,NO,0,0,
2026-09-19,13:39:44,2026-09-19T13:39:44,NO,0,0,
2026-09-19,13:39:46,2026-09-19T13:39:46,NO,0,0,
2026-09-19,13:39:47,2026-09-19T13:39:47,NO,0,0,
2026-09-19,13:39:48,2026-09-19T13:39:48,NO,0,0,
2026-09-19,13:39:50,2026-09-19T13:39:50,NO,0,0,
2026-09-19,13:39:51,2026-09-19T13:39:51,NO,0,0,
2026-09-19,13:39:53,2026-09-19T13:39:53,NO,0,0,
2026-09-19,13:39:54,2026-09-19T13:39:54,NO,0,0,
2026-09-19,13:39:55,2026-09-19T13:39:55,NO,0,0,
2026-09-19,13:39:56,2026-09-19T13:39:56,NO,0,0,
2026-09-19,13:39:58,2026-09-19T13:39:58,NO,0,0,
2026-09-19,13:39:59,2026-09-19T13:39:59,NO,0,0,
2026-09-19,13:40:00,2026-09-19T13:40:00,NO,0,0,
2026-09-19,13:40:01,2026-09-19T13:40:01,NO,0,0,
2026-09-19,13:40:02,2026-09-19T13:40:02,NO,0,0,
2026-09-19,13:40:03,2026-09-19T13:40:03,NO,0,0,
2026-09-19,13:40:04,2026-09-19T13:40:04,NO,0,0,
2026-09-19,13:40:05,2026-09-19T13:40:05,NO,0,0,
2026-09-19,13:40:07,2026-09-19T13:40:07,NO,0,0,
2026-09-19,13:40:08,2026-09-19T13:40:08,NO,0,0,
2026-09-19,13:40:09,2026-09-19T13:40:09,NO,0,0,
2026-09-19,13:40:10,2026-09-19T13:40:10,NO,0,0,
2026-09-19,13:40:11,2026-09-19T13:40:11,NO,0,0,
2026-09-19,13:40:12,2026-09-19T13:40:12,NO,0,0,
2026-09-19,13:40:14,2026-09-19T13:40:14,NO,0,0,
2026-09-19,13:40:15,2026-09-19T13:40:15,NO,0,0,
2026-09-19,13:40:16,2026-09-19T13:40:16,NO,0,0,
2026-09-19,13:40:17,2026-09-19T13:40:17,NO,0,0,
2026-09-19,13:40:18,2026-09-19T13:40:18,NO,0,0,
2026-09-19,13:40:19,2026-09-19T13:40:19,NO,0,0,
2026-09-19,13:40:20,2026-09-19T13:40:20,NO,0,0,
2026-09-19,13:40:21,2026-09-19T13:40:21,NO,0,0,
2026-09-19,13:40:22,2026-09-19T13:40:22,NO,0,0,
2026-09-19,13:40:23,2026-09-19T13:40:23,NO,0,0,
2026-09-19,13:40:24,2026-09-19T13:40:24,NO,0,0,
2026-09-19,13:40:26,2026-09-19T13:40:26,NO,0,0,
2026-09-19,13:40:27,2026-09-19T13:40:27,NO,0,0,
2026-09-19,13:40:28,2026-09-19T13:40:28,NO,0,0,
2026-09-19,13:40:29,2026-09-19T13:40:29,NO,0,0,
2026-09-19,13:40:30,2026-09-19T13:40:30,NO,0,0,
2026-09-19,13:40:31,2026-09-19T13:40:31,NO,0,0,
2026-09-19,13:40:32,2026-09-19T13:40:32,NO,0,0,
2026-09-19,13:40:33,2026-09-19T13:40:33,NO,0,0,
2026-09-19,13:40:34,2026-09-19T13:40:34,NO,0,0,
2026-09-19,13:40:36,2026-09-19T13:40:36,NO,0,0,
2026-09-19,13:40:37,2026-09-19T13:40:37,NO,0,0,
2026-09-19,13:40:38,2026-09-19T13:40:38,NO,0,0,
2026-09-19,13:40:39,2026-09-19T13:40:39,NO,0,0,
2026-09-19,13:40:40,2026-09-19T13:40:40,NO,0,0,
2026-09-19,13:40:41,2026-09-19T13:40:41,NO,0,0,
2026-09-19,13:40:42,2026-09-19T13:40:42,NO,0,0,
2026-09-19,13:40:43,2026-09-19T13:40:43,NO,0,0,
2026-09-19,13:40:45,2026-09-19T13:40:45,NO,0,0,
2026-09-19,13:40:46,2026-09-19T13:40:46,NO,0,0,
2026-09-19,13:40:47,2026-09-19T13:40:47,NO,0,0,
2026-09-19,13:40:48,2026-09-19T13:40:48,NO,0,0,
2026-09-19,13:40:49,2026-09-19T13:40:49,NO,0,0,
2026-09-19,13:40:50,2026-09-19T13:40:50,NO,0,0,
2026-09-19,13:40:51,2026-09-19T13:40:51,NO,0,0,
2026-09-19,13:40:52,2026-09-19T13:40:52,NO,0,0,
2026-09-19,13:40:53,2026-09-19T13:40:53,NO,0,0,
2026-09-19,13:40:55,2026-09-19T13:40:55,NO,0,0,
2026-09-19,13:40:56,2026-09-19T13:40:56,NO,0,0,
2026-09-19,13:40:58,2026-09-19T13:40:58,NO,0,0,
2026-09-19,13:40:59,2026-09-19T13:40:59,NO,0,0,
2026-09-19,13:41:00,2026-09-19T13:41:00,NO,0,0,
2026-09-19,13:41:01,2026-09-19T13:41:01,NO,0,0,
2026-09-19,13:41:03,2026-09-19T13:41:03,NO,0,0,
2026-09-19,13:41:04,2026-09-19T13:41:04,NO,0,0,
2026-09-19,13:41:06,2026-09-19T13:41:06,NO,0,0,
2026-09-19,13:41:07,2026-09-19T13:41:07,NO,0,0,
2026-09-19,13:41:08,2026-09-19T13:41:08,NO,0,0,
2026-09-19,13:41:09,2026-09-19T13:41:09,NO,0,0,
2026-09-19,13:41:11,2026-09-19T13:41:11,NO,0,0,
2026-09-19,13:41:13,2026-09-19T13:41:13,NO,0,0,
2026-09-19,13:41:15,2026-09-19T13:41:15,NO,0,0,
2026-09-19,13:41:17,2026-09-19T13:41:17,NO,0,0,
2026-09-19,13:41:18,2026-09-19T13:41:18,NO,0,0,
2026-09-19,13:41:20,2026-09-19T13:41:20,NO,0,0,
2026-09-19,13:41:21,2026-09-19T13:41:21,NO,0,0,
2026-09-19,13:41:23,2026-09-19T13:41:23,NO,0,0,
2026-09-19,13:41:24,2026-09-19T13:41:24,NO,0,0,
2026-09-19,13:41:25,2026-09-19T13:41:25,NO,0,0,
2026-09-19,13:41:26,2026-09-19T13:41:26,NO,0,0,
2026-09-19,13:41:28,2026-09-19T13:41:28,NO,0,0,
2026-09-19,13:41:29,2026-09-19T13:41:29,NO,0,0,
2026-09-19,13:41:30,2026-09-19T13:41:30,NO,0,0,
2026-09-19,13:41:31,2026-09-19T13:41:31,NO,0,0,
2026-09-19,13:41:32,2026-09-19T13:41:32,NO,0,0,
2026-09-19,13:41:33,2026-09-19T13:41:33,NO,0,0,
2026-09-19,13:41:34,2026-09-19T13:41:34,NO,0,0,
2026-09-19,13:41:35,2026-09-19T13:41:35,NO,0,0,
2026-09-19,13:41:36,2026-09-19T13:41:36,NO,0,0,
2026-09-19,13:41:38,2026-09-19T13:41:38,NO,0,0,
2026-09-19,13:41:39,2026-09-19T13:41:39,NO,0,0,
2026-09-19,13:41:40,2026-09-19T13:41:40,NO,0,0,
2026-09-19,13:41:41,2026-09-19T13:41:41,NO,0,0,
2026-09-19,13:41:42,2026-09-19T13:41:42,NO,0,0,
2026-09-19,13:41:43,2026-09-19T13:41:43,NO,0,0,
2026-09-19,13:41:45,2026-09-19T13:41:45,NO,0,0,
2026-09-19,13:41:46,2026-09-19T13:41:46,NO,0,0,
2026-09-19,13:41:47,2026-09-19T13:41:47,NO,0,0,
2026-09-19,13:41:48,2026-09-19T13:41:48,NO,0,0,
2026-09-19,13:41:49,2026-09-19T13:41:49,NO,0,0,
2026-09-19,13:41:50,2026-09-19T13:41:50,NO,0,0,
2026-09-19,13:41:52,2026-09-19T13:41:52,NO,0,0,
2026-09-19,13:41:53,2026-09-19T13:41:53,NO,0,0,
2026-09-19,13:41:54,2026-09-19T13:41:54,NO,0,0,
2026-09-19,13:41:55,2026-09-19T13:41:55,NO,0,0,
2026-09-19,13:41:57,2026-09-19T13:41:57,NO,0,0,
2026-09-19,13:41:58,2026-09-19T13:41:58,NO,0,0,
2026-09-19,13:41:59,2026-09-19T13:41:59,NO,0,0,
2026-09-19,13:42:00,2026-09-19T13:42:00,NO,0,0,
2026-09-19,13:42:01,2026-09-19T13:42:01,NO,0,0,
2026-09-19,13:42:02,2026-09-19T13:42:02,NO,0,0,
2026-09-19,13:42:04,2026-09-19T13:42:04,NO,0,0,
2026-09-19,13:42:05,2026-09-19T13:42:05,NO,0,0,
2026-09-19,13:42:06,2026-09-19T13:42:06,NO,0,0,
2026-09-19,13:42:07,2026-09-19T13:42:07,NO,0,0,
2026-09-19,13:42:08,2026-09-19T13:42:08,NO,0,0,
2026-09-19,13:42:09,2026-09-19T13:42:09,NO,0,0,
2026-09-19,13:42:10,2026-09-19T13:42:10,NO,0,0,
2026-09-19,13:42:12,2026-09-19T13:42:12,NO,0,0,
2026-09-19,13:42:13,2026-09-19T13:42:13,NO,0,0,
2026-09-19,13:42:14,2026-09-19T13:42:14,NO,0,0,
2026-09-19,13:42:15,2026-09-19T13:42:15,NO,0,0,
2026-09-19,13:42:16,2026-09-19T13:42:16,NO,0,0,
2026-09-19,13:42:17,2026-09-19T13:42:17,NO,0,0,
2026-09-19,13:42:19,2026-09-19T13:42:19,NO,0,0,
2026-09-19,13:42:20,2026-09-19T13:42:20,NO,0,0,
2026-09-19,13:42:21,2026-09-19T13:42:21,NO,0,0,
2026-09-19,13:42:22,2026-09-19T13:42:22,NO,0,0,
2026-09-19,13:42:23,2026-09-19T13:42:23,NO,0,0,
2026-09-19,13:42:24,2026-09-19T13:42:24,NO,0,0,
2026-09-19,13:42:26,2026-09-19T13:42:26,NO,0,0,
2026-09-19,13:42:27,2026-09-19T13:42:27,NO,0,0,
2026-09-19,13:42:28,2026-09-19T13:42:28,NO,0,0,
2026-09-19,13:42:29,2026-09-19T13:42:29,NO,0,0,
2026-09-19,13:42:30,2026-09-19T13:42:30,NO,0,0,
2026-09-19,13:42:31,2026-09-19T13:42:31,NO,0,0,
2026-09-19,13:42:32,2026-09-19T13:42:32,NO,0,0,
2026-09-19,13:42:33,2026-09-19T13:42:33,NO,0,0,
2026-09-19,13:42:35,2026-09-19T13:42:35,NO,0,0,
2026-09-19,13:42:36,2026-09-19T13:42:36,NO,0,0,
2026-09-19,13:42:37,2026-09-19T13:42:37,NO,0,0,
2026-09-19,13:42:38,2026-09-19T13:42:38,NO,0,0,
2026-09-19,13:42:39,2026-09-19T13:42:39,NO,0,0,
2026-09-19,14:15:00,2026-09-19T14:15:00,NO,0,0,
2026-09-19,14:15:02,2026-09-19T14:15:02,NO,0,0,
2026-09-19,14:15:03,2026-09-19T14:15:03,NO,0,0,
2026-09-19,14:15:04,2026-09-19T14:15:04,NO,0,0,
2026-09-19,14:15:05,2026-09-19T14:15:05,NO,0,0,
2026-09-19,14:15:06,2026-09-19T14:15:06,NO,0,0,
2026-09-19,14:15:07,2026-09-19T14:15:07,NO,0,0,
2026-09-19,14:15:08,2026-09-19T14:15:08,NO,0,0,
2026-09-19,14:15:10,2026-09-19T14:15:10,NO,0,0,
2026-09-19,14:15:11,2026-09-19T14:15:11,NO,0,0,
2026-09-19,14:15:12,2026-09-19T14:15:12,NO,0,0,
2026-09-19,14:15:13,2026-09-19T14:15:13,NO,0,0,
2026-09-19,14:15:15,2026-09-19T14:15:15,NO,0,0,
2026-09-19,14:15:16,2026-09-19T14:15:16,NO,0,0,
2026-09-19,14:15:18,2026-09-19T14:15:18,NO,0,0,
2026-09-19,14:15:19,2026-09-19T14:15:19,NO,0,0,
2026-09-19,14:15:21,2026-09-19T14:15:21,NO,0,0,
2026-09-19,14:15:22,2026-09-19T14:15:22,NO,0,0,
2026-09-19,14:15:24,2026-09-19T14:15:24,NO,0,0,
2026-09-19,14:15:25,2026-09-19T14:15:25,NO,0,0,
2026-09-19,14:15:27,2026-09-19T14:15:27,NO,0,0,
2026-09-19,14:15:28,2026-09-19T14:15:28,NO,0,0,
2026-09-19,14:15:29,2026-09-19T14:15:29,NO,0,0,
2026-09-19,14:15:31,2026-09-19T14:15:31,NO,0,0,
2026-09-19,14:15:32,2026-09-19T14:15:32,NO,0,0,
2026-09-19,14:15:33,2026-09-19T14:15:33,NO,0,0,
2026-09-19,14:15:34,2026-09-19T14:15:34,NO,0,0,
2026-09-19,14:15:35,2026-09-19T14:15:35,NO,0,0,
2026-09-19,14:15:36,2026-09-19T14:15:36,NO,0,0,
2026-09-19,14:15:37,2026-09-19T14:15:37,NO,0,0,
2026-09-19,14:15:38,2026-09-19T14:15:38,NO,0,0,
2026-09-19,14:15:40,2026-09-19T14:15:40,NO,0,0,
2026-09-19,14:18:54,2026-09-19T14:18:54,NO,0,0,
2026-09-19,14:18:55,2026-09-19T14:18:55,NO,0,0,
2026-09-19,14:18:56,2026-09-19T14:18:56,NO,0,0,
2026-09-19,14:18:57,2026-09-19T14:18:57,NO,0,0,
2026-09-19,14:18:58,2026-09-19T14:18:58,NO,0,0,
2026-09-19,14:18:59,2026-09-19T14:18:59,NO,0,0,
2026-09-19,14:19:00,2026-09-19T14:19:00,NO,0,0,
2026-09-19,14:19:01,2026-09-19T14:19:01,NO,0,0,
2026-09-19,14:19:02,2026-09-19T14:19:02,NO,0,0,
2026-09-19,14:19:03,2026-09-19T14:19:03,NO,0,0,
2026-09-19,14:19:04,2026-09-19T14:19:04,NO,0,0,
2026-09-19,14:19:05,2026-09-19T14:19:05,NO,0,0,
2026-09-19,14:19:06,2026-09-19T14:19:06,NO,0,0,
2026-09-19,14:19:07,2026-09-19T14:19:07,NO,0,0,
2026-09-19,14:19:08,2026-09-19T14:19:08,NO,0,0,
2026-09-19,14:19:09,2026-09-19T14:19:09,NO,0,0,
2026-09-19,14:19:10,2026-09-19T14:19:10,NO,0,0,
2026-09-19,14:19:11,2026-09-19T14:19:11,NO,0,0,
2026-09-19,14:19:12,2026-09-19T14:19:12,NO,0,0,
2026-09-19,14:19:14,2026-09-19T14:19:14,NO,0,0,
2026-09-19,14:19:15,2026-09-19T14:19:15,NO,0,0,
2026-09-19,14:19:16,2026-09-19T14:19:16,NO,0,0,
2026-09-19,14:19:17,2026-09-19T14:19:17,NO,0,0,
2026-09-19,14:19:18,2026-09-19T14:19:18,NO,0,0,
2026-09-19,14:19:19,2026-09-19T14:19:19,NO,0,0,
2026-09-19,14:19:20,2026-09-19T14:19:20,NO,0,0,
2026-09-19,14:19:21,2026-09-19T14:19:21,NO,0,0,
2026-09-19,14:19:22,2026-09-19T14:19:22,NO,0,0,
2026-09-19,14:19:23,2026-09-19T14:19:23,NO,0,0,
2026-09-19,14:19:24,2026-09-19T14:19:24,NO,0,0,
2026-09-19,14:19:25,2026-09-19T14:19:25,NO,0,0,
2026-09-19,14:19:26,2026-09-19T14:19:26,NO,0,0,
2026-09-19,14:19:27,2026-09-19T14:19:27,NO,0,0,
2026-09-19,14:19:28,2026-09-19T14:19:28,NO,0,0,
2026-09-19,14:19:29,2026-09-19T14:19:29,NO,0,0,
2026-09-19,14:19:30,2026-09-19T14:19:30,NO,0,0,
2026-09-19,14:19:31,2026-09-19T14:19:31,NO,0,0,
2026-09-19,14:19:32,2026-09-19T14:19:32,NO,0,0,
2026-09-19,14:19:33,2026-09-19T14:19:33,NO,0,0,
2026-09-19,14:19:35,2026-09-19T14:19:35,NO,0,0,
2026-09-19,14:19:36,2026-09-19T14:19:36,NO,0,0,
2026-09-19,14:19:37,2026-09-19T14:19:37,NO,0,0,
2026-09-19,14:19:38,2026-09-19T14:19:38,NO,0,0,
2026-09-19,14:19:39,2026-09-19T14:19:39,NO,0,0,
2026-09-19,14:19:40,2026-09-19T14:19:40,NO,0,0,
2026-09-19,14:19:41,2026-09-19T14:19:41,NO,0,0,
2026-09-19,14:19:42,2026-09-19T14:19:42,NO,0,0,
2026-09-19,14:19:43,2026-09-19T14:19:43,NO,0,0,
2026-09-19,14:19:44,2026-09-19T14:19:44,NO,0,0,
2026-09-19,14:19:45,2026-09-19T14:19:45,NO,0,0,
2026-09-19,14:19:46,2026-09-19T14:19:46,NO,0,0,
2026-09-19,14:19:47,2026-09-19T14:19:47,NO,0,0,
2026-09-19,14:19:48,2026-09-19T14:19:48,NO,0,0,
2026-09-19,14:19:49,2026-09-19T14:19:49,NO,0,0,
2026-09-19,14:19:50,2026-09-19T14:19:50,NO,0,0,
2026-09-19,14:19:51,2026-09-19T14:19:51,NO,0,0,
2026-09-19,14:19:52,2026-09-19T14:19:52,NO,0,0,
2026-09-19,14:19:53,2026-09-19T14:19:53,NO,0,0,
2026-09-19,14:19:54,2026-09-19T14:19:54,NO,0,0,
2026-09-19,14:19:56,2026-09-19T14:19:56,NO,0,0,
2026-09-19,14:19:57,2026-09-19T14:19:57,NO,0,0,
2026-09-19,14:19:58,2026-09-19T14:19:58,NO,0,0,
2026-09-19,14:19:59,2026-09-19T14:19:59,NO,0,0,
2026-09-19,14:20:00,2026-09-19T14:20:00,NO,0,0,
2026-09-19,14:20:01,2026-09-19T14:20:01,NO,0,0,
2026-09-19,14:20:02,2026-09-19T14:20:02,NO,0,0,
2026-09-19,14:20:03,2026-09-19T14:20:03,NO,0,0,
2026-09-19,14:20:04,2026-09-19T14:20:04,NO,0,0,
2026-09-19,14:20:05,2026-09-19T14:20:05,NO,0,0,
2026-09-19,14:20:06,2026-09-19T14:20:06,NO,0,0,
2026-09-19,14:20:07,2026-09-19T14:20:07,NO,0,0,
2026-09-19,14:20:08,2026-09-19T14:20:08,NO,0,0,
2026-09-19,14:20:09,2026-09-19T14:20:09,NO,0,0,
2026-09-19,14:20:10,2026-09-19T14:20:10,NO,0,0,
2026-09-19,14:20:11,2026-09-19T14:20:11,NO,0,0,
2026-09-19,14:20:12,2026-09-19T14:20:12,NO,0,0,
2026-09-19,14:20:13,2026-09-19T14:20:13,NO,0,0,
2026-09-19,14:20:15,2026-09-19T14:20:15,NO,0,0,
2026-09-19,14:20:16,2026-09-19T14:20:16,NO,0,0,
2026-09-19,14:20:17,2026-09-19T14:20:17,NO,0,0,
2026-09-19,14:20:18,2026-09-19T14:20:18,NO,0,0,
2026-09-19,14:20:19,2026-09-19T14:20:19,NO,0,0,
2026-09-19,14:20:20,2026-09-19T14:20:20,NO,0,0,
2026-09-19,14:20:21,2026-09-19T14:20:21,NO,0,0,
2026-09-19,14:20:22,2026-09-19T14:20:22,NO,0,0,
2026-09-19,14:20:23,2026-09-19T14:20:23,NO,0,0,
2026-09-19,14:20:24,2026-09-19T14:20:24,NO,0,0,
2026-09-19,14:20:25,2026-09-19T14:20:25,NO,0,0,
2026-09-19,14:20:26,2026-09-19T14:20:26,NO,0,0,
2026-09-19,14:20:27,2026-09-19T14:20:27,NO,0,0,
2026-09-19,14:20:28,2026-09-19T14:20:28,NO,0,0,
2026-09-19,14:20:29,2026-09-19T14:20:29,NO,0,0,
2026-09-19,14:20:30,2026-09-19T14:20:30,NO,0,0,
2026-09-19,14:20:31,2026-09-19T14:20:31,NO,0,0,
2026-09-19,14:20:32,2026-09-19T14:20:32,NO,0,0,
2026-09-19,14:20:34,2026-09-19T14:20:34,NO,0,0,
2026-09-19,14:20:35,2026-09-19T14:20:35,NO,0,0,
2026-09-19,14:20:36,2026-09-19T14:20:36,NO,0,0,
2026-09-19,14:20:37,2026-09-19T14:20:37,NO,0,0,
2026-09-19,14:20:38,2026-09-19T14:20:38,NO,0,0,
2026-09-19,14:20:39,2026-09-19T14:20:39,NO,0,0,
2026-09-19,14:20:40,2026-09-19T14:20:40,NO,0,0,
2026-09-19,14:20:41,2026-09-19T14:20:41,NO,0,0,
2026-09-19,14:20:42,2026-09-19T14:20:42,NO,0,0,
2026-09-19,14:20:43,2026-09-19T14:20:43,NO,0,0,
2026-09-19,14:20:44,2026-09-19T14:20:44,NO,0,0,
2026-09-19,14:20:45,2026-09-19T14:20:45,NO,0,0,
2026-09-19,14:20:46,2026-09-19T14:20:46,NO,0,0,
2026-09-19,14:20:48,2026-09-19T14:20:48,NO,0,0,
2026-09-19,14:20:49,2026-09-19T14:20:49,NO,0,0,
2026-09-19,14:20:50,2026-09-19T14:20:50,NO,0,0,
2026-09-19,14:20:51,2026-09-19T14:20:51,NO,0,0,
2026-09-19,14:20:52,2026-09-19T14:20:52,NO,0,0,
2026-09-19,14:20:53,2026-09-19T14:20:53,NO,0,0,
2026-09-19,14:20:54,2026-09-19T14:20:54,NO,0,0,
2026-09-19,14:20:55,2026-09-19T14:20:55,NO,0,0,
2026-09-19,14:20:56,2026-09-19T14:20:56,NO,0,0,
2026-09-19,14:20:57,2026-09-19T14:20:57,NO,0,0,
2026-09-19,14:20:58,2026-09-19T14:20:58,NO,0,0,
2026-09-19,14:20:59,2026-09-19T14:20:59,NO,0,0,
2026-09-19,14:21:00,2026-09-19T14:21:00,NO,0,0,
2026-09-19,14:21:01,2026-09-19T14:21:01,NO,0,0,
2026-09-19,14:21:02,2026-09-19T14:21:02,NO,0,0,
2026-09-19,14:21:03,2026-09-19T14:21:03,NO,0,0,
2026-09-19,14:21:04,2026-09-19T14:21:04,NO,0,0,
2026-09-19,14:21:05,2026-09-19T14:21:05,NO,0,0,
2026-09-19,14:21:06,2026-09-19T14:21:06,NO,0,0,
2026-09-19,14:21:07,2026-09-19T14:21:07,NO,0,0,
2026-09-19,14:21:09,2026-09-19T14:21:09,NO,0,0,
2026-09-19,14:21:10,2026-09-19T14:21:10,NO,0,0,
2026-09-19,14:21:11,2026-09-19T14:21:11,NO,0,0,
2026-09-19,14:21:12,2026-09-19T14:21:12,NO,0,0,
2026-09-19,14:21:13,2026-09-19T14:21:13,NO,0,0,
2026-09-19,14:21:14,2026-09-19T14:21:14,NO,0,0,
2026-09-19,14:21:15,2026-09-19T14:21:15,NO,0,0,
2026-09-19,14:21:16,2026-09-19T14:21:16,NO,0,0,
2026-09-19,14:21:17,2026-09-19T14:21:17,NO,0,0,
2026-09-19,14:21:18,2026-09-19T14:21:18,YES,1,47.11,detected_elephants\elephant_20260919_142117.jpg
2026-09-19,14:21:19,2026-09-19T14:21:19,YES,8,77.24,detected_elephants\elephant_20260919_142117.jpg
2026-09-19,14:21:20,2026-09-19T14:21:20,YES,5,64.83,detected_elephants\elephant_20260919_142117.jpg
2026-09-19,14:21:21,2026-09-19T14:21:21,NO,0,0,
2026-09-19,14:21:22,2026-09-19T14:21:22,NO,0,0,
2026-09-19,14:21:23,2026-09-19T14:21:23,NO,0,0,
2026-09-19,14:21:24,2026-09-19T14:21:24,NO,0,0,
2026-09-19,14:21:25,2026-09-19T14:21:25,NO,0,0,
2026-09-19,14:21:26,2026-09-19T14:21:26,NO,0,0,
2026-09-19,14:21:28,2026-09-19T14:21:28,NO,0,0,
2026-09-19,14:21:29,2026-09-19T14:21:29,NO,0,0,
2026-09-19,14:21:30,2026-09-19T14:21:30,NO,0,0,
2026-09-19,14:21:31,2026-09-19T14:21:31,NO,0,0,
2026-09-19,14:21:32,2026-09-19T14:21:32,NO,0,0,
2026-09-19,14:21:33,2026-09-19T14:21:33,NO,0,0,
2026-09-19,14:21:34,2026-09-19T14:21:34,NO,0,0,
2026-09-19,14:21:35,2026-09-19T14:21:35,NO,0,0,
2026-09-19,14:21:36,2026-09-19T14:21:36,NO,0,0,
2026-09-19,14:21:37,2026-09-19T14:21:37,NO,0,0,
2026-09-19,14:21:38,2026-09-19T14:21:38,NO,0,0,
2026-09-19,14:21:39,2026-09-19T14:21:39,NO,0,0,
2026-09-19,14:21:40,2026-09-19T14:21:40,NO,0,0,
2026-09-19,14:21:41,2026-09-19T14:21:41,NO,0,0,
2026-09-19,14:21:42,2026-09-19T14:21:42,NO,0,0,
2026-09-19,14:21:43,2026-09-19T14:21:43,NO,0,0,
2026-09-19,14:21:45,2026-09-19T14:21:45,NO,0,0,
2026-09-19,14:21:46,2026-09-19T14:21:46,NO,0,0,
2026-09-19,14:21:47,2026-09-19T14:21:47,NO,0,0,
2026-09-19,14:21:48,2026-09-19T14:21:48,NO,0,0,
2026-09-19,14:21:49,2026-09-19T14:21:49,NO,0,0,
2026-09-19,14:21:50,2026-09-19T14:21:50,NO,0,0,
2026-09-19,14:21:51,2026-09-19T14:21:51,NO,0,0,
2026-09-19,14:21:52,2026-09-19T14:21:52,NO,0,0,
2026-09-19,14:21:53,2026-09-19T14:21:53,NO,0,0,
2026-09-19,14:21:54,2026-09-19T14:21:54,NO,0,0,
2026-09-19,14:21:55,2026-09-19T14:21:55,NO,0,0,
2026-09-19,14:21:56,2026-09-19T14:21:56,NO,0,0,
2026-09-19,14:21:57,2026-09-19T14:21:57,NO,0,0,
2026-09-19,14:21:58,2026-09-19T14:21:58,NO,0,0,
2026-09-19,14:21:59,2026-09-19T14:21:59,NO,0,0,
2026-09-19,14:22:00,2026-09-19T14:22:00,NO,0,0,
2026-09-19,14:22:01,2026-09-19T14:22:01,NO,0,0,
2026-09-19,14:22:02,2026-09-19T14:22:02,NO,0,0,
2026-09-19,14:22:03,2026-09-19T14:22:03,NO,0,0,
2026-09-19,14:22:04,2026-09-19T14:22:04,NO,0,0,
2026-09-19,14:22:05,2026-09-19T14:22:05,NO,0,0,
2026-09-19,14:22:07,2026-09-19T14:22:07,NO,0,0,
2026-09-19,14:22:08,2026-09-19T14:22:08,NO,0,0,
2026-09-19,14:22:09,2026-09-19T14:22:09,NO,0,0,
2026-09-19,14:22:10,2026-09-19T14:22:10,NO,0,0,
2026-09-19,14:22:11,2026-09-19T14:22:11,NO,0,0,
2026-09-19,14:22:12,2026-09-19T14:22:12,NO,0,0,
2026-09-19,14:22:13,2026-09-19T14:22:13,NO,0,0,
2026-09-19,14:22:14,2026-09-19T14:22:14,NO,0,0,
2026-09-19,14:22:15,2026-09-19T14:22:15,NO,0,0,
2026-09-19,14:22:16,2026-09-19T14:22:16,NO,0,0,
2026-09-19,14:22:17,2026-09-19T14:22:17,NO,0,0,
2026-09-19,14:22:18,2026-09-19T14:22:18,NO,0,0,
2026-09-19,14:22:19,2026-09-19T14:22:19,NO,0,0,
2026-09-19,14:22:20,2026-09-19T14:22:20,NO,0,0,
2026-09-19,14:22:21,2026-09-19T14:22:21,NO,0,0,
2026-09-19,14:22:22,2026-09-19T14:22:22,NO,0,0,
2026-09-19,14:22:23,2026-09-19T14:22:23,NO,0,0,
2026-09-19,14:22:25,2026-09-19T14:22:25,NO,0,0,
2026-09-19,14:22:26,2026-09-19T14:22:26,NO,0,0,
2026-09-19,14:22:27,2026-09-19T14:22:27,NO,0,0,
2026-09-19,14:22:28,2026-09-19T14:22:28,NO,0,0,
2026-09-19,14:22:29,2026-09-19T14:22:29,NO,0,0,
2026-09-19,14:22:30,2026-09-19T14:22:30,NO,0,0,
2026-09-19,14:22:31,2026-09-19T14:22:31,NO,0,0,
2026-09-19,14:22:32,2026-09-19T14:22:32,NO,0,0,
2026-09-19,14:22:33,2026-09-19T14:22:33,NO,0,0,
2026-09-19,14:22:34,2026-09-19T14:22:34,NO,0,0,
2026-09-19,14:22:35,2026-09-19T14:22:35,NO,0,0,
2026-09-19,14:22:36,2026-09-19T14:22:36,NO,0,0,
2026-09-19,14:22:37,2026-09-19T14:22:37,NO,0,0,
2026-09-19,14:22:38,2026-09-19T14:22:38,NO,0,0,
2026-09-19,14:22:39,2026-09-19T14:22:39,NO,0,0,
2026-09-19,14:22:40,2026-09-19T14:22:40,NO,0,0,
2026-09-19,14:22:41,2026-09-19T14:22:41,NO,0,0,
2026-09-19,14:22:43,2026-09-19T14:22:43,NO,0,0,
2026-09-19,14:22:44,2026-09-19T14:22:44,NO,0,0,
2026-09-19,14:22:45,2026-09-19T14:22:45,NO,0,0,
2026-09-19,14:22:46,2026-09-19T14:22:46,NO,0,0,
2026-09-19,14:22:47,2026-09-19T14:22:47,NO,0,0,
2026-09-19,14:22:48,2026-09-19T14:22:48,NO,0,0,
2026-09-19,14:22:49,2026-09-19T14:22:49,NO,0,0,
2026-09-19,14:22:50,2026-09-19T14:22:50,NO,0,0,
2026-09-19,14:22:51,2026-09-19T14:22:51,NO,0,0,
2026-09-19,14:22:52,2026-09-19T14:22:52,NO,0,0,
2026-09-19,14:22:53,2026-09-19T14:22:53,NO,0,0,
2026-09-19,14:22:54,2026-09-19T14:22:54,NO,0,0,
2026-09-19,14:22:55,2026-09-19T14:22:55,NO,0,0,
2026-09-19,14:22:56,2026-09-19T14:22:56,NO,0,0,
2026-09-19,14:22:57,2026-09-19T14:22:57,NO,0,0,
2026-09-19,14:22:58,2026-09-19T14:22:58,NO,0,0,
2026-09-19,14:23:00,2026-09-19T14:23:00,NO,0,0,
2026-09-19,14:23:01,2026-09-19T14:23:01,NO,0,0,
2026-09-19,14:23:02,2026-09-19T14:23:02,NO,0,0,
2026-09-19,14:23:03,2026-09-19T14:23:03,NO,0,0,
2026-09-19,14:23:04,2026-09-19T14:23:04,NO,0,0,
2026-09-19,14:23:05,2026-09-19T14:23:05,NO,0,0,
2026-09-19,14:23:06,2026-09-19T14:23:06,NO,0,0,
2026-09-19,14:23:07,2026-09-19T14:23:07,NO,0,0,
2026-09-19,14:23:08,2026-09-19T14:23:08,NO,0,0,
2026-09-19,14:23:09,2026-09-19T14:23:09,NO,0,0,
2026-09-19,14:23:10,2026-09-19T14:23:10,NO,0,0,
2026-09-19,14:23:11,2026-09-19T14:23:11,NO,0,0,
2026-09-19,14:23:12,2026-09-19T14:23:12,NO,0,0,
2026-09-19,14:23:13,2026-09-19T14:23:13,NO,0,0,
2026-09-19,14:23:14,2026-09-19T14:23:14,NO,0,0,
2026-09-19,14:23:15,2026-09-19T14:23:15,NO,0,0,
2026-09-19,14:23:16,2026-09-19T14:23:16,NO,0,0,
2026-09-19,14:23:17,2026-09-19T14:23:17,NO,0,0,
2026-09-19,14:23:19,2026-09-19T14:23:19,NO,0,0,
2026-09-19,14:23:20,2026-09-19T14:23:20,NO,0,0,
2026-09-19,14:23:21,2026-09-19T14:23:21,NO,0,0,
2026-09-19,14:23:22,2026-09-19T14:23:22,NO,0,0,
2026-09-19,14:23:23,2026-09-19T14:23:23,NO,0,0,
2026-09-19,14:23:24,2026-09-19T14:23:24,NO,0,0,
2026-09-19,14:23:25,2026-09-19T14:23:25,NO,0,0,
2026-09-19,14:23:26,2026-09-19T14:23:26,NO,0,0,
2026-09-19,14:23:27,2026-09-19T14:23:27,NO,0,0,
2026-09-19,14:23:28,2026-09-19T14:23:28,NO,0,0,
2026-09-19,14:23:29,2026-09-19T14:23:29,NO,0,0,
2026-09-19,14:23:30,2026-09-19T14:23:30,NO,0,0,
2026-09-19,14:23:31,2026-09-19T14:23:31,NO,0,0,
2026-09-19,14:23:32,2026-09-19T14:23:32,NO,0,0,
2026-09-19,14:23:33,2026-09-19T14:23:33,NO,0,0,
2026-09-19,14:23:34,2026-09-19T14:23:34,NO,0,0,
2026-09-19,14:23:35,2026-09-19T14:23:35,NO,0,0,
2026-09-19,14:23:36,2026-09-19T14:23:36,NO,0,0,
2026-09-19,14:23:37,2026-09-19T14:23:37,NO,0,0,
2026-09-19,14:23:38,2026-09-19T14:23:38,NO,0,0,
2026-09-19,14:23:39,2026-09-19T14:23:39,NO,0,0,
2026-09-19,14:23:40,2026-09-19T14:23:40,NO,0,0,
2026-09-19,14:23:41,2026-09-19T14:23:41,NO,0,0,
2026-09-19,14:23:42,2026-09-19T14:23:42,NO,0,0,
2026-09-19,14:23:43,2026-09-19T14:23:43,NO,0,0,
2026-09-19,14:23:44,2026-09-19T14:23:44,NO,0,0,
2026-09-19,14:23:46,2026-09-19T14:23:46,NO,0,0,
2026-09-19,14:23:47,2026-09-19T14:23:47,NO,0,0,
2026-09-19,14:23:48,2026-09-19T14:23:48,NO,0,0,
2026-09-19,14:23:49,2026-09-19T14:23:49,NO,0,0,
2026-09-19,14:23:50,2026-09-19T14:23:50,NO,0,0,
2026-09-19,14:23:51,2026-09-19T14:23:51,NO,0,0,
2026-09-19,14:23:52,2026-09-19T14:23:52,NO,0,0,
2026-09-19,14:23:53,2026-09-19T14:23:53,NO,0,0,
2026-09-19,14:23:54,2026-09-19T14:23:54,NO,0,0,
2026-09-19,14:23:55,2026-09-19T14:23:55,NO,0,0,
2026-09-19,14:23:56,2026-09-19T14:23:56,NO,0,0,
2026-09-19,14:23:57,2026-09-19T14:23:57,NO,0,0,
2026-09-19,14:23:58,2026-09-19T14:23:58,NO,0,0,
2026-09-19,14:23:59,2026-09-19T14:23:59,NO,0,0,
2026-09-19,14:24:00,2026-09-19T14:24:00,NO,0,0,
2026-09-19,14:24:01,2026-09-19T14:24:01,NO,0,0,
2026-09-19,14:24:02,2026-09-19T14:24:02,NO,0,0,
2026-09-19,14:24:04,2026-09-19T14:24:04,NO,0,0,
2026-09-19,14:24:05,2026-09-19T14:24:05,NO,0,0,
2026-09-19,14:24:06,2026-09-19T14:24:06,NO,0,0,
2026-09-19,14:24:07,2026-09-19T14:24:07,NO,0,0,
2026-09-19,14:24:08,2026-09-19T14:24:08,NO,0,0,
2026-09-19,14:24:09,2026-09-19T14:24:09,NO,0,0,
2026-09-19,14:24:10,2026-09-19T14:24:10,NO,0,0,
2026-09-19,14:24:11,2026-09-19T14:24:11,NO,0,0,
2026-09-19,14:24:12,2026-09-19T14:24:12,NO,0,0,
2026-09-19,14:24:13,2026-09-19T14:24:13,NO,0,0,
2026-09-19,14:24:14,2026-09-19T14:24:14,NO,0,0,
2026-09-19,14:24:15,2026-09-19T14:24:15,NO,0,0,
2026-09-19,14:24:16,2026-09-19T14:24:16,NO,0,0,
2026-09-19,14:24:17,2026-09-19T14:24:17,NO,0,0,
2026-09-19,14:24:18,2026-09-19T14:24:18,NO,0,0,
2026-09-19,14:24:19,2026-09-19T14:24:19,NO,0,0,
2026-09-19,14:24:21,2026-09-19T14:24:21,NO,0,0,
2026-09-19,14:24:22,2026-09-19T14:24:22,NO,0,0,
2026-09-19,14:24:23,2026-09-19T14:24:23,NO,0,0,
2026-09-19,14:24:24,2026-09-19T14:24:24,NO,0,0,
2026-09-19,14:24:25,2026-09-19T14:24:25,NO,0,0,
2026-09-19,14:24:26,2026-09-19T14:24:26,NO,0,0,
2026-09-19,14:24:27,2026-09-19T14:24:27,NO,0,0,
2026-09-19,14:24:28,2026-09-19T14:24:28,NO,0,0,
2026-09-19,14:24:29,2026-09-19T14:24:29,NO,0,0,
2026-09-19,14:24:30,2026-09-19T14:24:30,NO,0,0,
2026-09-19,14:24:31,2026-09-19T14:24:31,NO,0,0,
2026-09-19,14:24:32,2026-09-19T14:24:32,NO,0,0,
2026-09-19,14:24:33,2026-09-19T14:24:33,NO,0,0,
2026-09-19,14:24:35,2026-09-19T14:24:35,NO,0,0,
2026-09-19,14:24:36,2026-09-19T14:24:36,NO,0,0,
2026-09-19,14:24:37,2026-09-19T14:24:37,NO,0,0,
2026-09-19,14:24:38,2026-09-19T14:24:38,NO,0,0,
2026-09-19,14:24:39,2026-09-19T14:24:39,NO,0,0,
2026-09-19,14:24:40,2026-09-19T14:24:40,NO,0,0,
2026-09-19,14:24:41,2026-09-19T14:24:41,NO,0,0,
2026-09-19,14:24:42,2026-09-19T14:24:42,NO,0,0,
2026-09-19,14:24:43,2026-09-19T14:24:43,NO,0,0,
2026-09-19,14:24:44,2026-09-19T14:24:44,NO,0,0,
2026-09-19,14:24:45,2026-09-19T14:24:45,NO,0,0,
2026-09-19,14:24:46,2026-09-19T14:24:46,NO,0,0,
2026-09-19,14:24:48,2026-09-19T14:24:48,NO,0,0,
2026-09-19,14:24:49,2026-09-19T14:24:49,NO,0,0,
2026-09-19,14:24:50,2026-09-19T14:24:50,NO,0,0,
2026-09-19,14:24:51,2026-09-19T14:24:51,NO,0,0,
2026-09-19,14:24:52,2026-09-19T14:24:52,NO,0,0,
2026-09-19,14:24:53,2026-09-19T14:24:53,NO,0,0,
2026-09-19,14:24:54,2026-09-19T14:24:54,NO,0,0,
2026-09-19,14:24:55,2026-09-19T14:24:55,NO,0,0,
2026-09-19,14:24:56,2026-09-19T14:24:56,NO,0,0,
2026-09-19,14:24:57,2026-09-19T14:24:57,NO,0,0,
2026-09-19,14:24:58,2026-09-19T14:24:58,NO,0,0,
2026-09-19,14:24:59,2026-09-19T14:24:59,NO,0,0,
2026-09-19,14:25:00,2026-09-19T14:25:00,NO,0,0,
2026-09-19,14:25:01,2026-09-19T14:25:01,NO,0,0,
2026-09-19,14:25:02,2026-09-19T14:25:02,NO,0,0,
2026-09-19,14:25:03,2026-09-19T14:25:03,NO,0,0,
2026-09-19,14:25:04,2026-09-19T14:25:04,NO,0,0,
2026-09-19,14:25:05,2026-09-19T14:25:05,NO,0,0,
2026-09-19,14:25:06,2026-09-19T14:25:06,NO,0,0,
2026-09-19,14:25:08,2026-09-19T14:25:08,NO,0,0,
2026-09-19,14:25:09,2026-09-19T14:25:09,NO,0,0,
2026-09-19,14:25:10,2026-09-19T14:25:10,NO,0,0,
2026-09-19,14:25:11,2026-09-19T14:25:11,NO,0,0,
2026-09-19,14:25:12,2026-09-19T14:25:12,NO,0,0,
2026-09-19,14:25:13,2026-09-19T14:25:13,NO,0,0,
2026-09-19,14:25:14,2026-09-19T14:25:14,NO,0,0,
2026-09-19,14:25:15,2026-09-19T14:25:15,NO,0,0,
2026-09-19,14:25:16,2026-09-19T14:25:16,NO,0,0,
2026-09-19,14:25:17,2026-09-19T14:25:17,NO,0,0,
2026-09-19,14:25:18,2026-09-19T14:25:18,NO,0,0,
2026-09-19,14:25:19,2026-09-19T14:25:19,NO,0,0,
2026-09-19,14:25:20,2026-09-19T14:25:20,NO,0,0,
2026-09-19,14:25:21,2026-09-19T14:25:21,NO,0,0,
2026-09-19,14:25:22,2026-09-19T14:25:22,NO,0,0,
2026-09-19,14:25:23,2026-09-19T14:25:23,NO,0,0,
2026-09-19,14:25:25,2026-09-19T14:25:25,NO,0,0,
2026-09-19,14:25:26,2026-09-19T14:25:26,NO,0,0,
2026-09-19,14:25:27,2026-09-19T14:25:27,NO,0,0,
2026-09-19,14:25:28,2026-09-19T14:25:28,NO,0,0,
2026-09-19,14:25:29,2026-09-19T14:25:29,NO,0,0,
2026-09-19,14:25:30,2026-09-19T14:25:30,NO,0,0,
2026-09-19,14:25:31,2026-09-19T14:25:31,NO,0,0,
2026-09-19,14:25:32,2026-09-19T14:25:32,NO,0,0,
2026-09-19,14:25:33,2026-09-19T14:25:33,NO,0,0,
2026-09-19,14:25:34,2026-09-19T14:25:34,NO,0,0,
2026-09-19,14:25:36,2026-09-19T14:25:36,NO,0,0,
2026-09-19,14:25:37,2026-09-19T14:25:37,NO,0,0,
2026-09-19,14:25:38,2026-09-19T14:25:38,NO,0,0,
2026-09-19,14:25:39,2026-09-19T14:25:39,NO,0,0,
2026-09-19,14:25:40,2026-09-19T14:25:40,NO,0,0,
2026-09-19,14:25:41,2026-09-19T14:25:41,NO,0,0,
2026-09-19,14:25:42,2026-09-19T14:25:42,NO,0,0,
2026-09-19,14:25:43,2026-09-19T14:25:43,NO,0,0,
2026-09-19,14:25:44,2026-09-19T14:25:44,NO,0,0,
2026-09-19,14:25:45,2026-09-19T14:25:45,NO,0,0,
2026-09-19,14:25:46,2026-09-19T14:25:46,NO,0,0,
2026-09-19,14:25:47,2026-09-19T14:25:47,NO,0,0,
2026-09-19,14:25:48,2026-09-19T14:25:48,NO,0,0,
2026-09-19,14:25:49,2026-09-19T14:25:49,NO,0,0,
2026-09-19,14:25:50,2026-09-19T14:25:50,NO,0,0,
2026-09-19,14:25:51,2026-09-19T14:25:51,NO,0,0,
2026-09-19,14:25:52,2026-09-19T14:25:52,NO,0,0,
2026-09-19,14:25:53,2026-09-19T14:25:53,NO,0,0,
2026-09-19,14:25:55,2026-09-19T14:25:55,NO,0,0,
2026-09-19,14:25:56,2026-09-19T14:25:56,NO,0,0,
2026-09-19,14:25:57,2026-09-19T14:25:57,NO,0,0,
2026-09-19,14:25:58,2026-09-19T14:25:58,NO,0,0,
2026-09-19,14:25:59,2026-09-19T14:25:59,NO,0,0,
2026-09-19,14:26:00,2026-09-19T14:26:00,NO,0,0,
2026-09-19,14:26:01,2026-09-19T14:26:01,NO,0,0,
2026-09-19,14:26:02,2026-09-19T14:26:02,NO,0,0,
2026-09-19,14:26:03,2026-09-19T14:26:03,NO,0,0,
2026-09-19,14:26:04,2026-09-19T14:26:04,NO,0,0,
2026-09-19,14:26:05,2026-09-19T14:26:05,NO,0,0,
2026-09-19,14:26:06,2026-09-19T14:26:06,NO,0,0,
2026-09-19,14:26:07,2026-09-19T14:26:07,NO,0,0,
2026-09-19,14:26:08,2026-09-19T14:26:08,NO,0,0,
2026-09-19,14:26:09,2026-09-19T14:26:09,NO,0,0,
2026-09-19,14:26:11,2026-09-19T14:26:11,NO,0,0,
2026-09-19,14:26:12,2026-09-19T14:26:12,NO,0,0,
2026-09-19,14:26:13,2026-09-19T14:26:13,NO,0,0,
2026-09-19,14:26:14,2026-09-19T14:26:14,NO,0,0,
2026-09-19,14:26:15,2026-09-19T14:26:15,NO,0,0,
2026-09-19,14:26:16,2026-09-19T14:26:16,NO,0,0,
2026-09-19,14:26:17,2026-09-19T14:26:17,NO,0,0,
2026-09-19,14:26:18,2026-09-19T14:26:18,NO,0,0,
2026-09-19,14:26:19,2026-09-19T14:26:19,NO,0,0,
2026-09-19,14:26:20,2026-09-19T14:26:20,NO,0,0,
2026-09-19,14:26:21,2026-09-19T14:26:21,NO,0,0,
2026-09-19,14:26:23,2026-09-19T14:26:23,NO,0,0,
2026-09-19,14:26:24,2026-09-19T14:26:24,NO,0,0,
2026-09-19,14:26:25,2026-09-19T14:26:25,NO,0,0,
2026-09-19,14:26:26,2026-09-19T14:26:26,NO,0,0,
2026-09-19,14:26:27,2026-09-19T14:26:27,NO,0,0,
2026-09-19,14:26:28,2026-09-19T14:26:28,NO,0,0,
2026-09-19,14:26:29,2026-09-19T14:26:29,NO,0,0,
2026-09-19,14:26:30,2026-09-19T14:26:30,NO,0,0,
2026-09-19,14:26:31,2026-09-19T14:26:31,NO,0,0,
2026-09-19,14:26:32,2026-09-19T14:26:32,NO,0,0,
2026-09-19,14:26:33,2026-09-19T14:26:33,NO,0,0,
2026-09-19,14:26:34,2026-09-19T14:26:34,NO,0,0,
2026-09-19,14:26:35,2026-09-19T14:26:35,NO,0,0,
2026-09-19,14:26:36,2026-09-19T14:26:36,NO,0,0,
2026-09-19,14:26:37,2026-09-19T14:26:37,NO,0,0,
2026-09-19,14:26:39,2026-09-19T14:26:39,NO,0,0,
2026-09-19,14:26:40,2026-09-19T14:26:40,NO,0,0,
2026-09-19,14:26:41,2026-09-19T14:26:41,NO,0,0,
2026-09-19,14:26:42,2026-09-19T14:26:42,NO,0,0,
2026-09-19,14:26:43,2026-09-19T14:26:43,NO,0,0,
2026-09-19,14:26:44,2026-09-19T14:26:44,NO,0,0,
2026-09-19,14:26:45,2026-09-19T14:26:45,NO,0,0,
2026-09-19,14:26:46,2026-09-19T14:26:46,NO,0,0,
2026-09-19,14:26:47,2026-09-19T14:26:47,NO,0,0,
2026-09-19,14:26:48,2026-09-19T14:26:48,NO,0,0,
2026-09-19,14:26:49,2026-09-19T14:26:49,NO,0,0,
2026-09-19,14:26:50,2026-09-19T14:26:50,NO,0,0,
2026-09-19,14:26:51,2026-09-19T14:26:51,NO,0,0,
2026-09-19,14:26:52,2026-09-19T14:26:52,NO,0,0,
2026-09-19,14:26:53,2026-09-19T14:26:53,NO,0,0,
2026-09-19,14:26:54,2026-09-19T14:26:54,NO,0,0,
2026-09-19,14:26:55,2026-09-19T14:26:55,NO,0,0,
2026-09-19,14:26:56,2026-09-19T14:26:56,NO,0,0,
2026-09-19,14:26:57,2026-09-19T14:26:57,NO,0,0,
2026-09-19,14:26:58,2026-09-19T14:26:58,NO,0,0,
2026-09-19,14:26:59,2026-09-19T14:26:59,NO,0,0,
2026-09-19,14:27:00,2026-09-19T14:27:00,NO,0,0,
2026-09-19,14:27:02,2026-09-19T14:27:02,NO,0,0,
2026-09-19,14:27:03,2026-09-19T14:27:03,NO,0,0,
2026-09-19,14:27:04,2026-09-19T14:27:04,NO,0,0,
2026-09-19,14:27:05,2026-09-19T14:27:05,NO,0,0,
2026-09-19,14:27:06,2026-09-19T14:27:06,NO,0,0,
2026-09-19,14:27:07,2026-09-19T14:27:07,NO,0,0,
2026-09-19,14:27:08,2026-09-19T14:27:08,NO,0,0,
2026-09-19,14:27:09,2026-09-19T14:27:09,NO,0,0,
2026-09-19,14:27:10,2026-09-19T14:27:10,NO,0,0,
2026-09-19,14:27:11,2026-09-19T14:27:11,NO,0,0,
2026-09-19,14:27:12,2026-09-19T14:27:12,NO,0,0,
2026-09-19,14:27:13,2026-09-19T14:27:13,NO,0,0,
2026-09-19,14:27:14,2026-09-19T14:27:14,NO,0,0,
2026-09-19,14:27:15,2026-09-19T14:27:15,NO,0,0,
2026-09-19,14:27:16,2026-09-19T14:27:16,NO,0,0,
2026-09-19,14:27:18,2026-09-19T14:27:18,NO,0,0,
2026-09-19,14:27:19,2026-09-19T14:27:19,NO,0,0,
2026-09-19,14:27:20,2026-09-19T14:27:20,NO,0,0,
2026-09-19,14:27:21,2026-09-19T14:27:21,NO,0,0,
2026-09-19,14:27:22,2026-09-19T14:27:22,NO,0,0,
2026-09-19,14:27:23,2026-09-19T14:27:23,NO,0,0,
2026-09-19,14:27:24,2026-09-19T14:27:24,NO,0,0,
2026-09-19,14:27:25,2026-09-19T14:27:25,NO,0,0,
2026-09-19,14:27:26,2026-09-19T14:27:26,NO,0,0,
2026-09-19,14:27:27,2026-09-19T14:27:27,NO,0,0,
2026-09-19,14:27:28,2026-09-19T14:27:28,NO,0,0,
2026-09-19,14:27:29,2026-09-19T14:27:29,NO,0,0,
2026-09-19,14:27:30,2026-09-19T14:27:30,NO,0,0,
2026-09-19,14:27:31,2026-09-19T14:27:31,NO,0,0,
2026-09-19,14:27:32,2026-09-19T14:27:32,NO,0,0,
2026-09-19,14:27:33,2026-09-19T14:27:33,NO,0,0,
2026-09-19,14:27:35,2026-09-19T14:27:35,NO,0,0,
2026-09-19,14:27:36,2026-09-19T14:27:36,NO,0,0,
2026-09-19,14:27:37,2026-09-19T14:27:37,NO,0,0,
2026-09-19,14:27:38,2026-09-19T14:27:38,NO,0,0,
2026-09-19,14:27:39,2026-09-19T14:27:39,NO,0,0,
2026-09-19,14:27:40,2026-09-19T14:27:40,NO,0,0,
2026-09-19,14:27:41,2026-09-19T14:27:41,NO,0,0,
2026-09-19,14:27:42,2026-09-19T14:27:42,NO,0,0,
2026-09-19,14:27:43,2026-09-19T14:27:43,NO,0,0,
2026-09-19,14:27:44,2026-09-19T14:27:44,NO,0,0,
2026-09-19,14:27:45,2026-09-19T14:27:45,NO,0,0,
2026-09-19,14:27:46,2026-09-19T14:27:46,NO,0,0,
2026-09-19,14:27:48,2026-09-19T14:27:48,NO,0,0,
2026-09-19,14:27:49,2026-09-19T14:27:49,NO,0,0,
2026-09-19,14:27:50,2026-09-19T14:27:50,NO,0,0,
2026-09-19,14:27:51,2026-09-19T14:27:51,NO,0,0,
2026-09-19,14:27:52,2026-09-19T14:27:52,NO,0,0,
2026-09-19,14:27:53,2026-09-19T14:27:53,NO,0,0,
2026-09-19,14:27:54,2026-09-19T14:27:54,NO,0,0,
2026-09-19,14:27:55,2026-09-19T14:27:55,NO,0,0,
2026-09-19,14:27:56,2026-09-19T14:27:56,NO,0,0,
2026-09-19,14:27:57,2026-09-19T14:27:57,NO,0,0,
2026-09-19,14:27:58,2026-09-19T14:27:58,NO,0,0,
2026-09-19,14:27:59,2026-09-19T14:27:59,NO,0,0,
2026-09-19,14:28:00,2026-09-19T14:28:00,NO,0,0,
2026-09-19,14:28:01,2026-09-19T14:28:01,NO,0,0,
2026-09-19,14:28:03,2026-09-19T14:28:03,NO,0,0,
2026-09-19,14:28:04,2026-09-19T14:28:04,NO,0,0,
2026-09-19,14:28:05,2026-09-19T14:28:05,NO,0,0,
2026-09-19,14:28:06,2026-09-19T14:28:06,NO,0,0,
2026-09-19,14:28:07,2026-09-19T14:28:07,NO,0,0,
2026-09-19,14:28:08,2026-09-19T14:28:08,NO,0,0,
2026-09-19,14:28:09,2026-09-19T14:28:09,NO,0,0,
2026-09-19,14:28:10,2026-09-19T14:28:10,NO,0,0,
2026-09-19,14:28:11,2026-09-19T14:28:11,NO,0,0,
2026-09-19,14:28:12,2026-09-19T14:28:12,NO,0,0,
2026-09-19,14:28:13,2026-09-19T14:28:13,NO,0,0,
2026-09-19,14:28:14,2026-09-19T14:28:14,NO,0,0,
2026-09-19,14:28:15,2026-09-19T14:28:15,NO,0,0,
2026-09-19,14:28:16,2026-09-19T14:28:16,NO,0,0,
2026-09-19,14:28:17,2026-09-19T14:28:17,NO,0,0,
2026-09-19,14:28:19,2026-09-19T14:28:19,NO,0,0,
2026-09-19,14:28:20,2026-09-19T14:28:20,NO,0,0,
2026-09-19,14:28:21,2026-09-19T14:28:21,NO,0,0,
2026-09-19,14:28:22,2026-09-19T14:28:22,NO,0,0,
2026-09-19,14:28:23,2026-09-19T14:28:23,NO,0,0,
2026-09-19,14:28:24,2026-09-19T14:28:24,NO,0,0,
2026-09-19,14:28:25,2026-09-19T14:28:25,NO,0,0,
2026-09-19,14:31:40,2026-09-19T14:31:40,NO,0,0,
2026-09-19,14:31:41,2026-09-19T14:31:41,NO,0,0,
2026-09-19,14:31:42,2026-09-19T14:31:42,NO,0,0,
2026-09-19,14:31:43,2026-09-19T14:31:43,NO,0,0,
2026-09-19,14:31:44,2026-09-19T14:31:44,NO,0,0,
2026-09-19,14:31:45,2026-09-19T14:31:45,NO,0,0,
2026-09-19,14:31:47,2026-09-19T14:31:47,NO,0,0,
2026-09-19,14:31:48,2026-09-19T14:31:48,NO,0,0,
2026-09-19,14:31:49,2026-09-19T14:31:49,NO,0,0,
2026-09-19,14:31:50,2026-09-19T14:31:50,NO,0,0,
2026-09-19,14:31:51,2026-09-19T14:31:51,NO,0,0,
2026-09-19,14:31:52,2026-09-19T14:31:52,NO,0,0,
2026-09-19,14:31:53,2026-09-19T14:31:53,NO,0,0,
2026-09-19,14:31:54,2026-09-19T14:31:54,NO,0,0,
2026-09-19,14:31:55,2026-09-19T14:31:55,NO,0,0,
2026-09-19,14:31:56,2026-09-19T14:31:56,NO,0,0,
2026-09-19,14:31:57,2026-09-19T14:31:57,NO,0,0,
2026-09-19,14:31:58,2026-09-19T14:31:58,NO,0,0,
2026-09-19,14:31:59,2026-09-19T14:31:59,NO,0,0,
2026-09-19,14:32:00,2026-09-19T14:32:00,NO,0,0,
2026-09-19,14:32:02,2026-09-19T14:32:02,NO,0,0,
2026-09-19,14:32:03,2026-09-19T14:32:03,NO,0,0,
2026-09-19,14:32:04,2026-09-19T14:32:04,NO,0,0,
2026-09-19,14:32:05,2026-09-19T14:32:05,NO,0,0,
2026-09-19,14:32:06,2026-09-19T14:32:06,NO,0,0,
2026-09-19,14:32:07,2026-09-19T14:32:07,NO,0,0,
2026-09-19,14:32:08,2026-09-19T14:32:08,NO,0,0,
2026-09-19,14:32:09,2026-09-19T14:32:09,NO,0,0,
2026-09-19,14:32:10,2026-09-19T14:32:10,NO,0,0,
2026-09-19,14:32:11,2026-09-19T14:32:11,NO,0,0,
2026-09-19,14:32:12,2026-09-19T14:32:12,NO,0,0,
2026-09-19,14:32:14,2026-09-19T14:32:14,NO,0,0,
2026-09-19,14:32:15,2026-09-19T14:32:15,NO,0,0,
2026-09-19,14:32:16,2026-09-19T14:32:16,NO,0,0,
2026-09-19,14:32:17,2026-09-19T14:32:17,NO,0,0,
2026-09-19,14:32:18,2026-09-19T14:32:18,NO,0,0,
2026-09-19,14:32:19,2026-09-19T14:32:19,NO,0,0,
2026-09-19,14:32:20,2026-09-19T14:32:20,NO,0,0,
2026-09-19,14:32:21,2026-09-19T14:32:21,NO,0,0,
2026-09-19,14:32:22,2026-09-19T14:32:22,NO,0,0,
2026-09-19,14:32:23,2026-09-19T14:32:23,NO,0,0,
2026-09-19,14:32:24,2026-09-19T14:32:24,NO,0,0,
2026-09-19,14:32:25,2026-09-19T14:32:25,NO,0,0,
2026-09-19,14:32:26,2026-09-19T14:32:26,NO,0,0,
2026-09-19,14:32:27,2026-09-19T14:32:27,YES,1,49.04,detected_elephants\elephant_20260919_143227.jpg
2026-09-19,14:32:28,2026-09-19T14:32:28,YES,1,47.89,detected_elephants\elephant_20260919_143228.jpg
2026-09-19,14:32:29,2026-09-19T14:32:29,NO,0,0,
2026-09-19,14:32:30,2026-09-19T14:32:30,NO,0,0,
2026-09-19,14:32:31,2026-09-19T14:32:31,NO,0,0,
2026-09-19,14:32:32,2026-09-19T14:32:32,NO,0,0,
2026-09-19,14:32:33,2026-09-19T14:32:33,NO,0,0,
2026-09-19,14:32:34,2026-09-19T14:32:34,NO,0,0,
2026-09-19,14:32:36,2026-09-19T14:32:36,NO,0,0,
2026-09-19,14:32:37,2026-09-19T14:32:37,NO,0,0,
2026-09-19,14:32:38,2026-09-19T14:32:38,NO,0,0,
2026-09-19,14:32:39,2026-09-19T14:32:39,YES,2,46.01,detected_elephants\elephant_20260919_143238.jpg
2026-09-19,14:32:40,2026-09-19T14:32:40,NO,0,0,
2026-09-19,14:32:41,2026-09-19T14:32:41,NO,0,0,
2026-09-19,14:32:42,2026-09-19T14:32:42,NO,0,0,
2026-09-19,14:32:43,2026-09-19T14:32:43,NO,0,0,
2026-09-19,14:32:44,2026-09-19T14:32:44,NO,0,0,
2026-09-19,14:32:45,2026-09-19T14:32:45,NO,0,0,
2026-09-19,14:32:46,2026-09-19T14:32:46,NO,0,0,
2026-09-19,14:32:47,2026-09-19T14:32:47,NO,0,0,
2026-09-19,14:32:48,2026-09-19T14:32:48,NO,0,0,
2026-09-19,14:32:50,2026-09-19T14:32:50,NO,0,0,
2026-09-19,14:32:51,2026-09-19T14:32:51,NO,0,0,
2026-09-19,14:32:52,2026-09-19T14:32:52,NO,0,0,
2026-09-19,14:32:53,2026-09-19T14:32:53,NO,0,0,
2026-09-19,14:32:54,2026-09-19T14:32:54,NO,0,0,
2026-09-19,14:32:55,2026-09-19T14:32:55,NO,0,0,
2026-09-19,14:32:56,2026-09-19T14:32:56,NO,0,0,
2026-09-19,14:32:57,2026-09-19T14:32:57,NO,0,0,
2026-09-19,14:32:58,2026-09-19T14:32:58,NO,0,0,
2026-09-19,14:32:59,2026-09-19T14:32:59,NO,0,0,
2026-09-19,14:33:00,2026-09-19T14:33:00,NO,0,0,
2026-09-19,14:33:01,2026-09-19T14:33:01,NO,0,0,
2026-09-19,14:33:02,2026-09-19T14:33:02,NO,0,0,
2026-09-19,14:33:03,2026-09-19T14:33:03,NO,0,0,
2026-09-19,14:33:04,2026-09-19T14:33:04,NO,0,0,
2026-09-19,14:33:05,2026-09-19T14:33:05,NO,0,0,
2026-09-19,14:33:06,2026-09-19T14:33:06,NO,0,0,
2026-09-19,14:33:07,2026-09-19T14:33:07,NO,0,0,
2026-09-19,14:33:08,2026-09-19T14:33:08,NO,0,0,
2026-09-19,14:33:10,2026-09-19T14:33:10,NO,0,0,
2026-09-19,14:33:11,2026-09-19T14:33:11,NO,0,0,
2026-09-19,14:33:12,2026-09-19T14:33:12,NO,0,0,
2026-09-19,14:33:13,2026-09-19T14:33:13,NO,0,0,
2026-09-19,14:33:14,2026-09-19T14:33:14,NO,0,0,
2026-09-19,14:33:15,2026-09-19T14:33:15,NO,0,0,
2026-09-19,14:33:16,2026-09-19T14:33:16,NO,0,0,
2026-09-19,14:33:17,2026-09-19T14:33:17,NO,0,0,
2026-09-19,14:33:18,2026-09-19T14:33:18,NO,0,0,
2026-09-19,14:33:19,2026-09-19T14:33:19,NO,0,0,
2026-09-19,14:33:21,2026-09-19T14:33:21,NO,0,0,
2026-09-19,14:33:22,2026-09-19T14:33:22,NO,0,0,
2026-09-19,14:33:23,2026-09-19T14:33:23,NO,0,0,
2026-09-19,14:33:24,2026-09-19T14:33:24,NO,0,0,
2026-09-19,14:33:25,2026-09-19T14:33:25,NO,0,0,
2026-09-19,14:33:26,2026-09-19T14:33:26,NO,0,0,
2026-09-19,14:33:27,2026-09-19T14:33:27,NO,0,0,
2026-09-19,14:33:28,2026-09-19T14:33:28,NO,0,0,
2026-09-19,14:33:29,2026-09-19T14:33:29,NO,0,0,
2026-09-19,14:33:30,2026-09-19T14:33:30,NO,0,0,
2026-09-19,14:33:31,2026-09-19T14:33:31,NO,0,0,
2026-09-19,14:33:32,2026-09-19T14:33:32,NO,0,0,
2026-09-19,14:33:33,2026-09-19T14:33:33,NO,0,0,
2026-09-19,14:33:34,2026-09-19T14:33:34,NO,0,0,
2026-09-19,14:33:35,2026-09-19T14:33:35,NO,0,0,
2026-09-19,14:33:36,2026-09-19T14:33:36,NO,0,0,
2026-09-19,14:33:37,2026-09-19T14:33:37,NO,0,0,
2026-09-19,14:33:38,2026-09-19T14:33:38,NO,0,0,
2026-09-19,14:33:39,2026-09-19T14:33:39,NO,0,0,
2026-09-19,14:33:41,2026-09-19T14:33:41,NO,0,0,
2026-09-19,14:33:42,2026-09-19T14:33:42,NO,0,0,
2026-09-19,14:33:43,2026-09-19T14:33:43,NO,0,0,
2026-09-19,16:22:00,2026-09-19T16:22:00,NO,0,0,
2026-09-19,16:22:01,2026-09-19T16:22:01,NO,0,0,
2026-09-19,16:22:02,2026-09-19T16:22:02,NO,0,0,
2026-09-19,16:22:03,2026-09-19T16:22:03,NO,0,0,
2026-09-19,16:22:04,2026-09-19T16:22:04,NO,0,0,
2026-09-19,16:22:05,2026-09-19T16:22:05,NO,0,0,
2026-09-19,16:22:06,2026-09-19T16:22:06,NO,0,0,
2026-09-19,16:22:07,2026-09-19T16:22:07,NO,0,0,
2026-09-19,16:22:08,2026-09-19T16:22:08,NO,0,0,
2026-09-19,16:22:09,2026-09-19T16:22:09,NO,0,0,
2026-09-19,16:22:10,2026-09-19T16:22:10,NO,0,0,
2026-09-19,16:22:11,2026-09-19T16:22:11,NO,0,0,
2026-09-19,16:22:12,2026-09-19T16:22:12,NO,0,0,
2026-09-19,16:22:13,2026-09-19T16:22:13,NO,0,0,
2026-09-19,16:22:15,2026-09-19T16:22:15,NO,0,0,
2026-09-19,16:22:16,2026-09-19T16:22:16,NO,0,0,
2026-09-19,16:22:17,2026-09-19T16:22:17,NO,0,0,
2026-09-19,16:22:18,2026-09-19T16:22:18,NO,0,0,
2026-09-19,16:22:19,2026-09-19T16:22:19,NO,0,0,
2026-09-19,16:22:20,2026-09-19T16:22:20,NO,0,0,
2026-09-19,16:22:21,2026-09-19T16:22:21,NO,0,0,
2026-09-19,16:22:22,2026-09-19T16:22:22,NO,0,0,
2026-09-19,16:22:23,2026-09-19T16:22:23,NO,0,0,
2026-09-19,16:22:24,2026-09-19T16:22:24,NO,0,0,
2026-09-19,16:22:25,2026-09-19T16:22:25,NO,0,0,
2026-09-19,16:22:26,2026-09-19T16:22:26,NO,0,0,
2026-09-19,16:22:27,2026-09-19T16:22:27,NO,0,0,
2026-09-19,16:22:28,2026-09-19T16:22:28,NO,0,0,
2026-09-19,16:22:29,2026-09-19T16:22:29,NO,0,0,
2026-09-19,16:22:30,2026-09-19T16:22:30,NO,0,0,
2026-09-19,16:22:31,2026-09-19T16:22:31,NO,0,0,
2026-09-19,16:22:33,2026-09-19T16:22:33,NO,0,0,
2026-09-19,16:22:34,2026-09-19T16:22:34,NO,0,0,
2026-09-19,16:22:35,2026-09-19T16:22:35,NO,0,0,
2026-09-19,16:22:36,2026-09-19T16:22:36,NO,0,0,
2026-09-19,16:22:37,2026-09-19T16:22:37,NO,0,0,
2026-09-19,16:22:38,2026-09-19T16:22:38,NO,0,0,
2026-09-19,16:22:39,2026-09-19T16:22:39,NO,0,0,
2026-09-19,16:22:40,2026-09-19T16:22:40,NO,0,0,
2026-09-19,16:22:41,2026-09-19T16:22:41,NO,0,0,
2026-09-19,16:22:42,2026-09-19T16:22:42,NO,0,0,
2026-09-19,16:22:43,2026-09-19T16:22:43,NO,0,0,
2026-09-19,16:22:44,2026-09-19T16:22:44,NO,0,0,
2026-09-19,16:22:45,2026-09-19T16:22:45,NO,0,0,
2026-09-19,16:22:46,2026-09-19T16:22:46,NO,0,0,
2026-09-19,16:22:47,2026-09-19T16:22:47,NO,0,0,
2026-09-19,16:22:48,2026-09-19T16:22:48,NO,0,0,
2026-09-19,16:22:49,2026-09-19T16:22:49,NO,0,0,
2026-09-19,16:22:50,2026-09-19T16:22:50,NO,0,0,
2026-09-19,16:22:51,2026-09-19T16:22:51,NO,0,0,
2026-09-19,16:22:52,2026-09-19T16:22:52,NO,0,0,
2026-09-19,16:22:54,2026-09-19T16:22:54,NO,0,0,
2026-09-19,16:22:55,2026-09-19T16:22:55,NO,0,0,
2026-09-19,16:22:56,2026-09-19T16:22:56,NO,0,0,
2026-09-19,16:22:57,2026-09-19T16:22:57,NO,0,0,
2026-09-19,16:22:58,2026-09-19T16:22:58,NO,0,0,
2026-09-19,16:22:59,2026-09-19T16:22:59,NO,0,0,
2026-09-19,16:23:00,2026-09-19T16:23:00,NO,0,0,
2026-09-19,16:23:01,2026-09-19T16:23:01,NO,0,0,
2026-09-19,16:23:02,2026-09-19T16:23:02,NO,0,0,
2026-09-19,16:23:03,2026-09-19T16:23:03,NO,0,0,
2026-09-19,16:23:04,2026-09-19T16:23:04,NO,0,0,
2026-09-19,16:23:05,2026-09-19T16:23:05,NO,0,0,
2026-09-19,16:23:06,2026-09-19T16:23:06,NO,0,0,
2026-09-19,16:23:07,2026-09-19T16:23:07,NO,0,0,
2026-09-19,16:23:08,2026-09-19T16:23:08,NO,0,0,
2026-09-19,16:23:09,2026-09-19T16:23:09,NO,0,0,
2026-09-19,16:23:10,2026-09-19T16:23:10,NO,0,0,
2026-09-19,16:23:11,2026-09-19T16:23:11,NO,0,0,
2026-09-19,16:23:12,2026-09-19T16:23:12,NO,0,0,
2026-09-19,16:23:13,2026-09-19T16:23:13,NO,0,0,
2026-09-19,16:23:14,2026-09-19T16:23:14,NO,0,0,
2026-09-19,16:23:15,2026-09-19T16:23:15,NO,0,0,
2026-09-19,16:23:16,2026-09-19T16:23:16,NO,0,0,
2026-09-19,16:23:17,2026-09-19T16:23:17,NO,0,0,
2026-09-19,16:23:18,2026-09-19T16:23:18,NO,0,0,
2026-09-19,16:23:19,2026-09-19T16:23:19,NO,0,0,
2026-09-19,16:23:20,2026-09-19T16:23:20,NO,0,0,
2026-09-19,16:23:22,2026-09-19T16:23:22,NO,0,0,
2026-09-19,16:23:23,2026-09-19T16:23:23,NO,0,0,
2026-09-19,16:23:24,2026-09-19T16:23:24,NO,0,0,
2026-09-19,16:23:25,2026-09-19T16:23:25,NO,0,0,
2026-09-19,16:23:26,2026-09-19T16:23:26,NO,0,0,
2026-09-19,16:23:27,2026-09-19T16:23:27,NO,0,0,
2026-09-19,16:23:28,2026-09-19T16:23:28,NO,0,0,
2026-09-19,16:23:29,2026-09-19T16:23:29,NO,0,0,
2026-09-19,16:23:30,2026-09-19T16:23:30,NO,0,0,
2026-09-19,16:23:31,2026-09-19T16:23:31,NO,0,0,
2026-09-19,16:23:32,2026-09-19T16:23:32,NO,0,0,
2026-09-19,16:23:33,2026-09-19T16:23:33,NO,0,0,
2026-09-19,16:23:34,2026-09-19T16:23:34,NO,0,0,
2026-09-19,16:23:35,2026-09-19T16:23:35,NO,0,0,
2026-09-19,16:23:36,2026-09-19T16:23:36,NO,0,0,
2026-09-19,16:23:37,2026-09-19T16:23:37,NO,0,0,
2026-09-19,16:23:39,2026-09-19T16:23:39,NO,0,0,
2026-09-19,16:23:40,2026-09-19T16:23:40,NO,0,0,
2026-09-19,16:23:41,2026-09-19T16:23:41,NO,0,0,
2026-09-19,16:23:42,2026-09-19T16:23:42,NO,0,0,
2026-09-19,16:23:43,2026-09-19T16:23:43,NO,0,0,
2026-09-19,16:23:44,2026-09-19T16:23:44,NO,0,0,
2026-09-19,16:23:45,2026-09-19T16:23:45,NO,0,0,
2026-09-19,16:23:46,2026-09-19T16:23:46,NO,0,0,
2026-09-19,16:23:47,2026-09-19T16:23:47,NO,0,0,
2026-09-19,16:23:48,2026-09-19T16:23:48,NO,0,0,
2026-09-19,16:23:49,2026-09-19T16:23:49,NO,0,0,
2026-09-19,16:23:50,2026-09-19T16:23:50,NO,0,0,
2026-09-19,16:23:51,2026-09-19T16:23:51,NO,0,0,
2026-09-19,16:23:52,2026-09-19T16:23:52,NO,0,0,
2026-09-19,16:23:53,2026-09-19T16:23:53,NO,0,0,
2026-09-19,16:23:54,2026-09-19T16:23:54,NO,0,0,
2026-09-19,16:23:55,2026-09-19T16:23:55,NO,0,0,
2026-09-19,16:23:57,2026-09-19T16:23:57,NO,0,0,
2026-09-19,16:23:58,2026-09-19T16:23:58,NO,0,0,
2026-09-19,16:23:59,2026-09-19T16:23:59,NO,0,0,
2026-09-19,16:24:00,2026-09-19T16:24:00,NO,0,0,
2026-09-19,16:24:01,2026-09-19T16:24:01,NO,0,0,
2026-09-19,16:24:02,2026-09-19T16:24:02,NO,0,0,
2026-09-19,16:24:03,2026-09-19T16:24:03,NO,0,0,
2026-09-19,16:24:04,2026-09-19T16:24:04,NO,0,0,
2026-09-19,16:24:05,2026-09-19T16:24:05,NO,0,0,
2026-09-19,16:24:06,2026-09-19T16:24:06,NO,0,0,
2026-09-19,16:24:07,2026-09-19T16:24:07,NO,0,0,
2026-09-19,16:24:08,2026-09-19T16:24:08,NO,0,0,
2026-09-19,16:24:09,2026-09-19T16:24:09,NO,0,0,
2026-09-19,16:24:10,2026-09-19T16:24:10,NO,0,0,
2026-09-19,16:24:11,2026-09-19T16:24:11,NO,0,0,
2026-09-19,16:24:12,2026-09-19T16:24:12,NO,0,0,
2026-09-19,16:24:13,2026-09-19T16:24:13,NO,0,0,
2026-09-19,16:24:15,2026-09-19T16:24:15,NO,0,0,
2026-09-19,16:24:16,2026-09-19T16:24:16,NO,0,0,
2026-09-19,16:24:17,2026-09-19T16:24:17,NO,0,0,
2026-09-19,16:24:18,2026-09-19T16:24:18,NO,0,0,
2026-09-19,16:24:19,2026-09-19T16:24:19,NO,0,0,
2026-09-19,16:24:20,2026-09-19T16:24:20,NO,0,0,
2026-09-19,16:24:21,2026-09-19T16:24:21,NO,0,0,
2026-09-19,16:24:22,2026-09-19T16:24:22,NO,0,0,
2026-09-19,16:24:23,2026-09-19T16:24:23,NO,0,0,
2026-09-19,16:24:24,2026-09-19T16:24:24,NO,0,0,
2026-09-19,16:24:25,2026-09-19T16:24:25,NO,0,0,
2026-09-19,16:24:26,2026-09-19T16:24:26,NO,0,0,
2026-09-19,16:24:27,2026-09-19T16:24:27,NO,0,0,
2026-09-19,16:24:28,2026-09-19T16:24:28,NO,0,0,
2026-09-19,16:24:29,2026-09-19T16:24:29,NO,0,0,
2026-09-19,16:24:30,2026-09-19T16:24:30,NO,0,0,
2026-09-19,16:24:32,2026-09-19T16:24:32,NO,0,0,
2026-09-19,16:24:33,2026-09-19T16:24:33,NO,0,0,
2026-09-19,16:24:34,2026-09-19T16:24:34,NO,0,0,
2026-09-19,16:24:35,2026-09-19T16:24:35,NO,0,0,
2026-09-19,16:24:36,2026-09-19T16:24:36,NO,0,0,
2026-09-19,16:24:37,2026-09-19T16:24:37,NO,0,0,
2026-09-19,16:24:38,2026-09-19T16:24:38,NO,0,0,
2026-09-19,16:24:39,2026-09-19T16:24:39,NO,0,0,
2026-09-19,16:24:40,2026-09-19T16:24:40,NO,0,0,
2026-09-19,16:24:41,2026-09-19T16:24:41,NO,0,0,
2026-09-19,16:24:42,2026-09-19T16:24:42,NO,0,0,
2026-09-19,16:24:43,2026-09-19T16:24:43,NO,0,0,
2026-09-19,16:24:44,2026-09-19T16:24:44,NO,0,0,
2026-09-19,16:24:45,2026-09-19T16:24:45,NO,0,0,
2026-09-19,16:24:46,2026-09-19T16:24:46,NO,0,0,
2026-09-19,16:24:47,2026-09-19T16:24:47,NO,0,0,
2026-09-19,16:24:48,2026-09-19T16:24:48,NO,0,0,
2026-09-19,16:24:49,2026-09-19T16:24:49,NO,0,0,
2026-09-19,16:24:50,2026-09-19T16:24:50,NO,0,0,
2026-09-19,16:24:52,2026-09-19T16:24:52,NO,0,0,
2026-09-19,16:24:53,2026-09-19T16:24:53,NO,0,0,
2026-09-19,16:24:54,2026-09-19T16:24:54,NO,0,0,
2026-09-19,16:24:55,2026-09-19T16:24:55,NO,0,0,
2026-09-19,16:24:56,2026-09-19T16:24:56,NO,0,0,
2026-09-19,16:24:57,2026-09-19T16:24:57,NO,0,0,
2026-09-19,16:24:58,2026-09-19T16:24:58,NO,0,0,
2026-09-19,16:24:59,2026-09-19T16:24:59,NO,0,0,
2026-09-19,16:25:00,2026-09-19T16:25:00,NO,0,0,
2026-09-19,16:25:01,2026-09-19T16:25:01,NO,0,0,
2026-09-19,16:25:02,2026-09-19T16:25:02,NO,0,0,
2026-09-19,16:25:03,2026-09-19T16:25:03,NO,0,0,
2026-09-19,16:25:04,2026-09-19T16:25:04,NO,0,0,
2026-09-19,16:25:05,2026-09-19T16:25:05,NO,0,0,
2026-09-19,16:25:06,2026-09-19T16:25:06,NO,0,0,
2026-09-19,16:25:07,2026-09-19T16:25:07,NO,0,0,
2026-09-19,16:25:08,2026-09-19T16:25:08,NO,0,0,
2026-09-19,16:25:10,2026-09-19T16:25:10,NO,0,0,
2026-09-19,16:25:11,2026-09-19T16:25:11,NO,0,0,
2026-09-19,16:25:12,2026-09-19T16:25:12,NO,0,0,
2026-09-19,16:25:13,2026-09-19T16:25:13,NO,0,0,
2026-09-19,16:25:14,2026-09-19T16:25:14,NO,0,0,
2026-09-19,16:25:15,2026-09-19T16:25:15,NO,0,0,
2026-09-19,16:25:16,2026-09-19T16:25:16,NO,0,0,
2026-09-19,16:25:17,2026-09-19T16:25:17,NO,0,0,
2026-09-19,16:25:18,2026-09-19T16:25:18,NO,0,0,
2026-09-19,16:25:19,2026-09-19T16:25:19,NO,0,0,
2026-09-19,16:25:20,2026-09-19T16:25:20,NO,0,0,
2026-09-19,16:25:21,2026-09-19T16:25:21,NO,0,0,
2026-09-19,16:25:22,2026-09-19T16:25:22,NO,0,0,
2026-09-19,16:25:23,2026-09-19T16:25:23,NO,0,0,
2026-09-19,16:25:24,2026-09-19T16:25:24,NO,0,0,
2026-09-19,16:25:25,2026-09-19T16:25:25,NO,0,0,
2026-09-19,16:25:27,2026-09-19T16:25:27,NO,0,0,
2026-09-19,16:25:28,2026-09-19T16:25:28,NO,0,0,
2026-09-19,16:25:29,2026-09-19T16:25:29,NO,0,0,
2026-09-19,16:25:30,2026-09-19T16:25:30,NO,0,0,
2026-09-19,16:25:31,2026-09-19T16:25:31,NO,0,0,
2026-09-19,16:25:32,2026-09-19T16:25:32,NO,0,0,
2026-09-19,16:25:33,2026-09-19T16:25:33,NO,0,0,
2026-09-19,16:25:34,2026-09-19T16:25:34,NO,0,0,
2026-09-19,16:25:35,2026-09-19T16:25:35,NO,0,0,
2026-09-19,16:25:36,2026-09-19T16:25:36,NO,0,0,
2026-09-19,16:25:37,2026-09-19T16:25:37,NO,0,0,
2026-09-19,16:25:38,2026-09-19T16:25:38,NO,0,0,
2026-09-19,16:25:39,2026-09-19T16:25:39,NO,0,0,
2026-09-19,16:25:40,2026-09-19T16:25:40,NO,0,0,
2026-09-19,16:25:41,2026-09-19T16:25:41,NO,0,0,
2026-09-19,16:25:42,2026-09-19T16:25:42,NO,0,0,
2026-09-19,16:25:44,2026-09-19T16:25:44,NO,0,0,
2026-09-19,16:25:45,2026-09-19T16:25:45,NO,0,0,
2026-09-19,16:25:46,2026-09-19T16:25:46,NO,0,0,
2026-09-19,16:25:47,2026-09-19T16:25:47,NO,0,0,
2026-09-19,16:25:48,2026-09-19T16:25:48,NO,0,0,
2026-09-19,16:25:49,2026-09-19T16:25:49,NO,0,0,
2026-09-19,16:25:50,2026-09-19T16:25:50,NO,0,0,
2026-09-19,16:25:51,2026-09-19T16:25:51,NO,0,0,
2026-09-19,16:25:52,2026-09-19T16:25:52,NO,0,0,
2026-09-19,16:25:53,2026-09-19T16:25:53,NO,0,0,
2026-09-19,16:25:54,2026-09-19T16:25:54,NO,0,0,
2026-09-19,16:25:55,2026-09-19T16:25:55,NO,0,0,
2026-09-19,16:25:56,2026-09-19T16:25:56,NO,0,0,
2026-09-19,16:25:57,2026-09-19T16:25:57,NO,0,0,
2026-09-19,16:25:58,2026-09-19T16:25:58,NO,0,0,
2026-09-19,16:25:59,2026-09-19T16:25:59,NO,0,0,
2026-09-19,16:26:00,2026-09-19T16:26:00,NO,0,0,
2026-09-19,16:26:01,2026-09-19T16:26:01,NO,0,0,
2026-09-19,16:26:02,2026-09-19T16:26:02,NO,0,0,
2026-09-19,16:26:04,2026-09-19T16:26:04,NO,0,0,
2026-09-19,16:26:05,2026-09-19T16:26:05,NO,0,0,
2026-09-19,16:26:06,2026-09-19T16:26:06,NO,0,0,
2026-09-19,16:26:07,2026-09-19T16:26:07,NO,0,0,
2026-09-19,16:26:08,2026-09-19T16:26:08,NO,0,0,
2026-09-19,16:26:09,2026-09-19T16:26:09,NO,0,0,
2026-09-19,16:26:10,2026-09-19T16:26:10,NO,0,0,
2026-09-19,16:26:11,2026-09-19T16:26:11,NO,0,0,
2026-09-19,16:26:12,2026-09-19T16:26:12,NO,0,0,
2026-09-19,16:26:13,2026-09-19T16:26:13,NO,0,0,
2026-09-19,16:26:14,2026-09-19T16:26:14,NO,0,0,
2026-09-19,16:26:15,2026-09-19T16:26:15,NO,0,0,
2026-09-19,16:26:16,2026-09-19T16:26:16,NO,0,0,
2026-09-19,16:26:17,2026-09-19T16:26:17,NO,0,0,
2026-09-19,16:26:18,2026-09-19T16:26:18,NO,0,0,
2026-09-19,16:26:20,2026-09-19T16:26:20,NO,0,0,
2026-09-19,16:26:21,2026-09-19T16:26:21,NO,0,0,
2026-09-19,16:26:22,2026-09-19T16:26:22,NO,0,0,
2026-09-19,16:26:23,2026-09-19T16:26:23,NO,0,0,
2026-09-19,16:26:24,2026-09-19T16:26:24,NO,0,0,
2026-09-19,16:26:25,2026-09-19T16:26:25,NO,0,0,
2026-09-19,16:26:26,2026-09-19T16:26:26,NO,0,0,
2026-09-19,16:26:27,2026-09-19T16:26:27,NO,0,0,
2026-09-19,16:26:28,2026-09-19T16:26:28,NO,0,0,
2026-09-19,16:26:29,2026-09-19T16:26:29,NO,0,0,
2026-09-19,16:26:30,2026-09-19T16:26:30,NO,0,0,
2026-09-19,16:26:31,2026-09-19T16:26:31,NO,0,0,
2026-09-19,16:26:32,2026-09-19T16:26:32,NO,0,0,
2026-09-19,16:26:33,2026-09-19T16:26:33,NO,0,0,
2026-09-19,16:26:34,2026-09-19T16:26:34,NO,0,0,
2026-09-19,16:26:35,2026-09-19T16:26:35,NO,0,0,
2026-09-19,16:26:36,2026-09-19T16:26:36,NO,0,0,
2026-09-19,16:26:37,2026-09-19T16:26:37,NO,0,0,
2026-09-19,16:26:38,2026-09-19T16:26:38,NO,0,0,
2026-09-19,16:26:40,2026-09-19T16:26:40,NO,0,0,
2026-09-19,16:26:41,2026-09-19T16:26:41,NO,0,0,
2026-09-19,16:26:42,2026-09-19T16:26:42,NO,0,0,
2026-09-19,16:26:43,2026-09-19T16:26:43,NO,0,0,
2026-09-19,16:26:44,2026-09-19T16:26:44,NO,0,0,
2026-09-19,16:26:45,2026-09-19T16:26:45,NO,0,0,
2026-09-19,16:26:46,2026-09-19T16:26:46,NO,0,0,
2026-09-19,16:26:47,2026-09-19T16:26:47,NO,0,0,
2026-09-19,16:26:48,2026-09-19T16:26:48,NO,0,0,
2026-09-19,16:26:49,2026-09-19T16:26:49,NO,0,0,
2026-09-19,16:26:50,2026-09-19T16:26:50,NO,0,0,
2026-09-19,16:26:51,2026-09-19T16:26:51,NO,0,0,
2026-09-19,16:26:52,2026-09-19T16:26:52,NO,0,0,
2026-09-19,16:26:54,2026-09-19T16:26:54,NO,0,0,
2026-09-19,16:26:55,2026-09-19T16:26:55,NO,0,0,
2026-09-19,16:26:56,2026-09-19T16:26:56,NO,0,0,
2026-09-19,16:26:57,2026-09-19T16:26:57,NO,0,0,
2026-09-19,16:26:58,2026-09-19T16:26:58,NO,0,0,
2026-09-19,16:26:59,2026-09-19T16:26:59,NO,0,0,
2026-09-19,16:27:00,2026-09-19T16:27:00,NO,0,0,
2026-09-19,16:27:01,2026-09-19T16:27:01,NO,0,0,
2026-09-19,16:27:02,2026-09-19T16:27:02,NO,0,0,
2026-09-19,16:27:03,2026-09-19T16:27:03,NO,0,0,
2026-09-19,16:27:04,2026-09-19T16:27:04,NO,0,0,
2026-09-19,16:27:05,2026-09-19T16:27:05,NO,0,0,
2026-09-19,16:27:06,2026-09-19T16:27:06,NO,0,0,
2026-09-19,16:27:08,2026-09-19T16:27:08,NO,0,0,
2026-09-19,16:27:09,2026-09-19T16:27:09,NO,0,0,
2026-09-19,16:27:10,2026-09-19T16:27:10,NO,0,0,
2026-09-19,16:27:11,2026-09-19T16:27:11,NO,0,0,
2026-09-19,16:27:12,2026-09-19T16:27:12,NO,0,0,
2026-09-19,16:27:13,2026-09-19T16:27:13,NO,0,0,
2026-09-19,16:27:14,2026-09-19T16:27:14,NO,0,0,
2026-09-19,16:27:15,2026-09-19T16:27:15,NO,0,0,
2026-09-19,16:27:16,2026-09-19T16:27:16,NO,0,0,
2026-09-19,16:27:17,2026-09-19T16:27:17,NO,0,0,
2026-09-19,16:27:18,2026-09-19T16:27:18,NO,0,0,
2026-09-19,16:27:19,2026-09-19T16:27:19,NO,0,0,
2026-09-19,16:27:20,2026-09-19T16:27:20,NO,0,0,
2026-09-19,16:27:21,2026-09-19T16:27:21,NO,0,0,
2026-09-19,16:27:22,2026-09-19T16:27:22,NO,0,0,
2026-09-19,16:27:23,2026-09-19T16:27:23,NO,0,0,
2026-09-19,16:27:24,2026-09-19T16:27:24,NO,0,0,
2026-09-19,16:27:26,2026-09-19T16:27:26,NO,0,0,
2026-09-19,16:27:27,2026-09-19T16:27:27,NO,0,0,
2026-09-19,16:27:28,2026-09-19T16:27:28,NO,0,0,
2026-09-19,16:27:28,2026-09-19T16:27:28,NO,0,0,
2026-09-19,16:27:29,2026-09-19T16:27:29,NO,0,0,
2026-09-19,16:27:29,2026-09-19T16:27:29,NO,0,0,
2026-09-19,16:27:30,2026-09-19T16:27:30,NO,0,0,
2026-09-19,16:27:30,2026-09-19T16:27:30,NO,0,0,
2026-09-19,16:27:31,2026-09-19T16:27:31,NO,0,0,
2026-09-19,16:27:32,2026-09-19T16:27:32,NO,0,0,
2026-09-19,16:27:32,2026-09-19T16:27:32,NO,0,0,
2026-09-19,16:27:33,2026-09-19T16:27:33,NO,0,0,
2026-09-19,16:27:33,2026-09-19T16:27:33,NO,0,0,
2026-09-19,16:27:34,2026-09-19T16:27:34,NO,0,0,
2026-09-19,16:27:34,2026-09-19T16:27:34,NO,0,0,
2026-09-19,16:27:35,2026-09-19T16:27:35,NO,0,0,
2026-09-19,16:27:35,2026-09-19T16:27:35,NO,0,0,
2026-09-19,16:27:36,2026-09-19T16:27:36,NO,0,0,
2026-09-19,16:27:36,2026-09-19T16:27:36,NO,0,0,
2026-09-19,16:27:37,2026-09-19T16:27:37,NO,0,0,
2026-09-19,16:27:38,2026-09-19T16:27:38,NO,0,0,
2026-09-19,16:27:38,2026-09-19T16:27:38,NO,0,0,
2026-09-19,16:27:39,2026-09-19T16:27:39,NO,0,0,
2026-09-19,16:27:39,2026-09-19T16:27:39,NO,0,0,
2026-09-19,16:27:40,2026-09-19T16:27:40,NO,0,0,
2026-09-19,16:27:40,2026-09-19T16:27:40,NO,0,0,
2026-09-19,16:27:41,2026-09-19T16:27:41,NO,0,0,
2026-09-19,16:27:42,2026-09-19T16:27:42,NO,0,0,
2026-09-19,16:27:42,2026-09-19T16:27:42,NO,0,0,
2026-09-19,16:27:43,2026-09-19T16:27:43,NO,0,0,
2026-09-19,16:27:43,2026-09-19T16:27:43,NO,0,0,
2026-09-19,16:27:44,2026-09-19T16:27:44,NO,0,0,
2026-09-19,16:27:44,2026-09-19T16:27:44,NO,0,0,
2026-09-19,16:27:45,2026-09-19T16:27:45,NO,0,0,
2026-09-19,16:27:46,2026-09-19T16:27:46,NO,0,0,
2026-09-19,16:27:46,2026-09-19T16:27:46,NO,0,0,
2026-09-19,16:27:47,2026-09-19T16:27:47,NO,0,0,
2026-09-19,16:27:47,2026-09-19T16:27:47,NO,0,0,
2026-09-19,16:27:48,2026-09-19T16:27:48,NO,0,0,
2026-09-19,16:27:48,2026-09-19T16:27:48,NO,0,0,
2026-09-19,16:27:49,2026-09-19T16:27:49,NO,0,0,
2026-09-19,16:27:49,2026-09-19T16:27:49,NO,0,0,
2026-09-19,16:27:50,2026-09-19T16:27:50,NO,0,0,
2026-09-19,16:27:50,2026-09-19T16:27:50,NO,0,0,
2026-09-19,16:27:51,2026-09-19T16:27:51,NO,0,0,
2026-09-19,16:27:51,2026-09-19T16:27:51,NO,0,0,
2026-09-19,16:27:52,2026-09-19T16:27:52,NO,0,0,
2026-09-19,16:27:53,2026-09-19T16:27:53,NO,0,0,
2026-09-19,16:27:53,2026-09-19T16:27:53,NO,0,0,
2026-09-19,16:27:54,2026-09-19T16:27:54,NO,0,0,
2026-09-19,16:27:54,2026-09-19T16:27:54,NO,0,0,
2026-09-19,16:27:55,2026-09-19T16:27:55,NO,0,0,
2026-09-19,16:27:56,2026-09-19T16:27:56,NO,0,0,
2026-09-19,16:27:57,2026-09-19T16:27:57,NO,0,0,
2026-09-19,16:27:57,2026-09-19T16:27:57,NO,0,0,
2026-09-19,16:27:58,2026-09-19T16:27:58,NO,0,0,
2026-09-19,16:27:58,2026-09-19T16:27:58,NO,0,0,
2026-09-19,16:27:59,2026-09-19T16:27:59,NO,0,0,
2026-09-19,16:28:00,2026-09-19T16:28:00,NO,0,0,
2026-09-19,16:28:00,2026-09-19T16:28:00,NO,0,0,
2026-09-19,16:28:01,2026-09-19T16:28:01,NO,0,0,
2026-09-19,16:28:01,2026-09-19T16:28:01,NO,0,0,
2026-09-19,16:28:02,2026-09-19T16:28:02,NO,0,0,
2026-09-19,16:28:03,2026-09-19T16:28:03,NO,0,0,
2026-09-19,16:28:03,2026-09-19T16:28:03,NO,0,0,
2026-09-19,16:28:04,2026-09-19T16:28:04,NO,0,0,
2026-09-19,16:28:04,2026-09-19T16:28:04,NO,0,0,
2026-09-19,16:28:05,2026-09-19T16:28:05,NO,0,0,
2026-09-19,16:28:05,2026-09-19T16:28:05,NO,0,0,
2026-09-19,16:28:06,2026-09-19T16:28:06,YES,1,54.19,detected_elephants\elephant_20260919_162806.jpg
2026-09-19,16:28:06,2026-09-19T16:28:06,NO,0,0,
2026-09-19,16:28:07,2026-09-19T16:28:07,YES,1,56.83,detected_elephants\elephant_20260919_162807.jpg
2026-09-19,16:28:08,2026-09-19T16:28:08,NO,0,0,
2026-09-19,16:28:08,2026-09-19T16:28:08,NO,0,0,
2026-09-19,16:28:09,2026-09-19T16:28:09,NO,0,0,
2026-09-19,16:28:09,2026-09-19T16:28:09,NO,0,0,
2026-09-19,16:28:10,2026-09-19T16:28:10,NO,0,0,
2026-09-19,16:28:10,2026-09-19T16:28:10,NO,0,0,
2026-09-19,16:28:11,2026-09-19T16:28:11,NO,0,0,
2026-09-19,16:28:11,2026-09-19T16:28:11,NO,0,0,
2026-09-19,16:28:12,2026-09-19T16:28:12,NO,0,0,
2026-09-19,16:28:12,2026-09-19T16:28:12,NO,0,0,
2026-09-19,16:28:13,2026-09-19T16:28:13,NO,0,0,
2026-09-19,16:28:14,2026-09-19T16:28:14,NO,0,0,
2026-09-19,16:28:15,2026-09-19T16:28:15,NO,0,0,
2026-09-19,16:28:15,2026-09-19T16:28:15,NO,0,0,
2026-09-19,16:28:16,2026-09-19T16:28:16,NO,0,0,
2026-09-19,16:28:16,2026-09-19T16:28:16,NO,0,0,
2026-09-19,16:28:17,2026-09-19T16:28:17,NO,0,0,
2026-09-19,16:28:17,2026-09-19T16:28:17,NO,0,0,
2026-09-19,16:28:18,2026-09-19T16:28:18,NO,0,0,
2026-09-19,16:28:18,2026-09-19T16:28:18,NO,0,0,
2026-09-19,16:28:19,2026-09-19T16:28:19,NO,0,0,
2026-09-19,16:28:19,2026-09-19T16:28:19,NO,0,0,
2026-09-19,16:28:20,2026-09-19T16:28:20,NO,0,0,
2026-09-19,16:28:20,2026-09-19T16:28:20,NO,0,0,
2026-09-19,16:28:21,2026-09-19T16:28:21,NO,0,0,
2026-09-19,16:28:21,2026-09-19T16:28:21,NO,0,0,
2026-09-19,16:28:22,2026-09-19T16:28:22,NO,0,0,
2026-09-19,16:28:22,2026-09-19T16:28:22,NO,0,0,
2026-09-19,16:28:23,2026-09-19T16:28:23,NO,0,0,
2026-09-19,16:28:24,2026-09-19T16:28:24,NO,0,0,
2026-09-19,16:28:24,2026-09-19T16:28:24,NO,0,0,
2026-09-19,16:28:25,2026-09-19T16:28:25,NO,0,0,
2026-09-19,16:28:25,2026-09-19T16:28:25,YES,1,47.05,detected_elephants\elephant_20260919_162825.jpg
2026-09-19,16:28:26,2026-09-19T16:28:26,NO,0,0,
2026-09-19,16:28:26,2026-09-19T16:28:26,NO,0,0,
2026-09-19,16:28:27,2026-09-19T16:28:27,NO,0,0,
2026-09-19,16:28:27,2026-09-19T16:28:27,NO,0,0,
2026-09-19,16:28:28,2026-09-19T16:28:28,NO,0,0,
2026-09-19,16:28:29,2026-09-19T16:28:29,NO,0,0,
2026-09-19,16:28:29,2026-09-19T16:28:29,NO,0,0,
2026-09-19,16:28:30,2026-09-19T16:28:30,NO,0,0,
2026-09-19,16:28:31,2026-09-19T16:28:31,NO,0,0,
2026-09-19,16:28:31,2026-09-19T16:28:31,NO,0,0,
2026-09-19,16:28:32,2026-09-19T16:28:32,YES,1,70.13,detected_elephants\elephant_20260919_162831.jpg
2026-09-19,16:28:32,2026-09-19T16:28:32,NO,0,0,
2026-09-19,16:28:33,2026-09-19T16:28:33,NO,0,0,
2026-09-19,16:28:33,2026-09-19T16:28:33,NO,0,0,
2026-09-19,16:28:34,2026-09-19T16:28:34,NO,0,0,
2026-09-19,16:28:34,2026-09-19T16:28:34,NO,0,0,
2026-09-19,16:28:35,2026-09-19T16:28:35,NO,0,0,
2026-09-19,16:28:36,2026-09-19T16:28:36,NO,0,0,
2026-09-19,16:28:36,2026-09-19T16:28:36,NO,0,0,
2026-09-19,16:28:37,2026-09-19T16:28:37,NO,0,0,
2026-09-19,16:28:37,2026-09-19T16:28:37,NO,0,0,
2026-09-19,16:28:38,2026-09-19T16:28:38,NO,0,0,
2026-09-19,16:28:38,2026-09-19T16:28:38,NO,0,0,
2026-09-19,16:28:39,2026-09-19T16:28:39,NO,0,0,
2026-09-19,16:28:39,2026-09-19T16:28:39,NO,0,0,
2026-09-19,16:28:40,2026-09-19T16:28:40,NO,0,0,
2026-09-19,16:28:40,2026-09-19T16:28:40,NO,0,0,
2026-09-19,16:28:41,2026-09-19T16:28:41,NO,0,0,
2026-09-19,16:28:41,2026-09-19T16:28:41,NO,0,0,
2026-09-19,16:28:42,2026-09-19T16:28:42,NO,0,0,
2026-09-19,16:28:42,2026-09-19T16:28:42,NO,0,0,
2026-09-19,16:28:43,2026-09-19T16:28:43,NO,0,0,
2026-09-19,16:28:43,2026-09-19T16:28:43,NO,0,0,
2026-09-19,16:28:44,2026-09-19T16:28:44,NO,0,0,
2026-09-19,16:28:44,2026-09-19T16:28:44,NO,0,0,
2026-09-19,16:28:45,2026-09-19T16:28:45,NO,0,0,
2026-09-19,16:28:46,2026-09-19T16:28:46,NO,0,0,
2026-09-19,16:28:46,2026-09-19T16:28:46,NO,0,0,
2026-09-19,16:28:47,2026-09-19T16:28:47,NO,0,0,
2026-09-19,16:28:47,2026-09-19T16:28:47,NO,0,0,
2026-09-19,16:28:48,2026-09-19T16:28:48,NO,0,0,
2026-09-19,16:28:48,2026-09-19T16:28:48,NO,0,0,
2026-09-19,16:28:49,2026-09-19T16:28:49,NO,0,0,
2026-09-19,16:28:49,2026-09-19T16:28:49,NO,0,0,
2026-09-19,16:28:50,2026-09-19T16:28:50,NO,0,0,
2026-09-19,16:28:50,2026-09-19T16:28:50,NO,0,0,
2026-09-19,16:28:51,2026-09-19T16:28:51,NO,0,0,
2026-09-19,16:28:52,2026-09-19T16:28:52,NO,0,0,
2026-09-19,16:28:52,2026-09-19T16:28:52,NO,0,0,
2026-09-19,16:28:53,2026-09-19T16:28:53,NO,0,0,
2026-09-19,16:28:53,2026-09-19T16:28:53,NO,0,0,
2026-09-19,16:28:54,2026-09-19T16:28:54,NO,0,0,
2026-09-19,16:28:54,2026-09-19T16:28:54,NO,0,0,
2026-09-19,16:28:55,2026-09-19T16:28:55,NO,0,0,
2026-09-19,16:28:55,2026-09-19T16:28:55,NO,0,0,
2026-09-19,16:28:56,2026-09-19T16:28:56,NO,0,0,
2026-09-19,16:28:56,2026-09-19T16:28:56,NO,0,0,
2026-09-19,16:28:57,2026-09-19T16:28:57,NO,0,0,
2026-09-19,16:28:58,2026-09-19T16:28:58,NO,0,0,
2026-09-19,16:28:58,2026-09-19T16:28:58,NO,0,0,
2026-09-19,16:28:59,2026-09-19T16:28:59,NO,0,0,
2026-09-19,16:28:59,2026-09-19T16:28:59,NO,0,0,
2026-09-19,16:29:00,2026-09-19T16:29:00,NO,0,0,
2026-09-19,16:29:00,2026-09-19T16:29:00,NO,0,0,
2026-09-19,16:29:01,2026-09-19T16:29:01,NO,0,0,
2026-09-19,16:29:01,2026-09-19T16:29:01,NO,0,0,
2026-09-19,16:29:02,2026-09-19T16:29:02,NO,0,0,
2026-09-19,16:29:02,2026-09-19T16:29:02,NO,0,0,
2026-09-19,16:29:03,2026-09-19T16:29:03,NO,0,0,
2026-09-19,16:29:03,2026-09-19T16:29:03,NO,0,0,
2026-09-19,16:29:04,2026-09-19T16:29:04,NO,0,0,
2026-09-19,16:29:05,2026-09-19T16:29:05,NO,0,0,
2026-09-19,16:29:05,2026-09-19T16:29:05,NO,0,0,
2026-09-19,16:29:06,2026-09-19T16:29:06,NO,0,0,
2026-09-19,16:29:06,2026-09-19T16:29:06,NO,0,0,
2026-09-19,16:29:07,2026-09-19T16:29:07,NO,0,0,
2026-09-19,16:29:07,2026-09-19T16:29:07,NO,0,0,
2026-09-19,16:29:08,2026-09-19T16:29:08,NO,0,0,
2026-09-19,16:29:08,2026-09-19T16:29:08,NO,0,0,
2026-09-19,16:29:09,2026-09-19T16:29:09,NO,0,0,
2026-09-19,16:29:09,2026-09-19T16:29:09,NO,0,0,
2026-09-19,16:29:10,2026-09-19T16:29:10,NO,0,0,
2026-09-19,16:29:10,2026-09-19T16:29:10,NO,0,0,
2026-09-19,16:29:11,2026-09-19T16:29:11,NO,0,0,
2026-09-19,16:29:11,2026-09-19T16:29:11,NO,0,0,
2026-09-19,16:29:13,2026-09-19T16:29:13,NO,0,0,
2026-09-19,16:29:13,2026-09-19T16:29:13,NO,0,0,
2026-09-19,16:29:14,2026-09-19T16:29:14,NO,0,0,
2026-09-19,16:29:14,2026-09-19T16:29:14,NO,0,0,
2026-09-19,16:29:15,2026-09-19T16:29:15,NO,0,0,
2026-09-19,16:29:15,2026-09-19T16:29:15,NO,0,0,
2026-09-19,16:29:16,2026-09-19T16:29:16,NO,0,0,
2026-09-19,16:29:16,2026-09-19T16:29:16,NO,0,0,
2026-09-19,16:29:17,2026-09-19T16:29:17,NO,0,0,
2026-09-19,16:29:17,2026-09-19T16:29:17,NO,0,0,
2026-09-19,16:29:18,2026-09-19T16:29:18,NO,0,0,
2026-09-19,16:29:18,2026-09-19T16:29:18,NO,0,0,
2026-09-19,16:29:19,2026-09-19T16:29:19,NO,0,0,
2026-09-19,16:29:19,2026-09-19T16:29:19,NO,0,0,
2026-09-19,16:29:20,2026-09-19T16:29:20,NO,0,0,
2026-09-19,16:29:20,2026-09-19T16:29:20,NO,0,0,
2026-09-19,16:29:21,2026-09-19T16:29:21,NO,0,0,
2026-09-19,16:29:22,2026-09-19T16:29:22,NO,0,0,
2026-09-19,16:29:22,2026-09-19T16:29:22,NO,0,0,
2026-09-19,16:29:23,2026-09-19T16:29:23,NO,0,0,
2026-09-19,16:29:23,2026-09-19T16:29:23,NO,0,0,
2026-09-19,16:29:24,2026-09-19T16:29:24,NO,0,0,
2026-09-19,16:29:24,2026-09-19T16:29:24,NO,0,0,
2026-09-19,16:29:25,2026-09-19T16:29:25,NO,0,0,
2026-09-19,16:29:25,2026-09-19T16:29:25,NO,0,0,
2026-09-19,16:29:26,2026-09-19T16:29:26,NO,0,0,
2026-09-19,16:29:26,2026-09-19T16:29:26,NO,0,0,
2026-09-19,16:29:27,2026-09-19T16:29:27,NO,0,0,
2026-09-19,16:29:27,2026-09-19T16:29:27,NO,0,0,
2026-09-19,16:29:28,2026-09-19T16:29:28,NO,0,0,
2026-09-19,16:29:28,2026-09-19T16:29:28,NO,0,0,
2026-09-19,16:29:29,2026-09-19T16:29:29,NO,0,0,
2026-09-19,16:29:29,2026-09-19T16:29:29,NO,0,0,
2026-09-19,16:29:30,2026-09-19T16:29:30,NO,0,0,
2026-09-19,16:29:30,2026-09-19T16:29:30,NO,0,0,
2026-09-19,16:29:32,2026-09-19T16:29:32,NO,0,0,
2026-09-19,16:29:32,2026-09-19T16:29:32,NO,0,0,
2026-09-19,16:29:33,2026-09-19T16:29:33,NO,0,0,
2026-09-19,16:29:33,2026-09-19T16:29:33,NO,0,0,
2026-09-19,16:29:34,2026-09-19T16:29:34,NO,0,0,
2026-09-19,16:29:34,2026-09-19T16:29:34,NO,0,0,
2026-09-19,16:29:35,2026-09-19T16:29:35,NO,0,0,
2026-09-19,16:29:35,2026-09-19T16:29:35,NO,0,0,
2026-09-19,16:29:36,2026-09-19T16:29:36,NO,0,0,
2026-09-19,16:29:36,2026-09-19T16:29:36,NO,0,0,
2026-09-19,16:29:37,2026-09-19T16:29:37,NO,0,0,
2026-09-19,16:29:37,2026-09-19T16:29:37,NO,0,0,
2026-09-19,16:29:38,2026-09-19T16:29:38,NO,0,0,
2026-09-19,16:29:38,2026-09-19T16:29:38,NO,0,0,
2026-09-19,16:29:39,2026-09-19T16:29:39,NO,0,0,
2026-09-19,16:29:39,2026-09-19T16:29:39,NO,0,0,
2026-09-19,16:29:40,2026-09-19T16:29:40,NO,0,0,
2026-09-19,16:29:41,2026-09-19T16:29:41,NO,0,0,
2026-09-19,16:29:41,2026-09-19T16:29:41,NO,0,0,
2026-09-19,16:29:42,2026-09-19T16:29:42,NO,0,0,
2026-09-19,16:29:42,2026-09-19T16:29:42,NO,0,0,
2026-09-19,16:29:43,2026-09-19T16:29:43,NO,0,0,
2026-09-19,16:29:43,2026-09-19T16:29:43,NO,0,0,
2026-09-19,16:29:44,2026-09-19T16:29:44,NO,0,0,
2026-09-19,16:29:44,2026-09-19T16:29:44,NO,0,0,
2026-09-19,16:29:45,2026-09-19T16:29:45,NO,0,0,
2026-09-19,16:29:45,2026-09-19T16:29:45,NO,0,0,
2026-09-19,16:29:46,2026-09-19T16:29:46,NO,0,0,
2026-09-19,16:29:46,2026-09-19T16:29:46,NO,0,0,
2026-09-19,16:29:47,2026-09-19T16:29:47,NO,0,0,
2026-09-19,16:29:47,2026-09-19T16:29:47,NO,0,0,
2026-09-19,16:29:48,2026-09-19T16:29:48,NO,0,0,
2026-09-19,16:29:48,2026-09-19T16:29:48,NO,0,0,
2026-09-19,16:29:49,2026-09-19T16:29:49,NO,0,0,
2026-09-19,16:29:50,2026-09-19T16:29:50,NO,0,0,
2026-09-19,16:29:50,2026-09-19T16:29:50,NO,0,0,
2026-09-19,16:29:51,2026-09-19T16:29:51,NO,0,0,
2026-09-19,16:29:51,2026-09-19T16:29:51,NO,0,0,
2026-09-19,16:29:52,2026-09-19T16:29:52,NO,0,0,
2026-09-19,16:29:53,2026-09-19T16:29:53,NO,0,0,
2026-09-19,16:29:53,2026-09-19T16:29:53,NO,0,0,
2026-09-19,16:29:54,2026-09-19T16:29:54,NO,0,0,
2026-09-19,16:29:54,2026-09-19T16:29:54,NO,0,0,
2026-09-19,16:29:55,2026-09-19T16:29:55,NO,0,0,
2026-09-19,16:29:55,2026-09-19T16:29:55,NO,0,0,
2026-09-19,16:29:56,2026-09-19T16:29:56,NO,0,0,
2026-09-19,16:29:56,2026-09-19T16:29:56,NO,0,0,
2026-09-19,16:29:57,2026-09-19T16:29:57,NO,0,0,
2026-09-19,16:29:58,2026-09-19T16:29:58,NO,0,0,
2026-09-19,16:29:58,2026-09-19T16:29:58,NO,0,0,
2026-09-19,16:29:59,2026-09-19T16:29:59,NO,0,0,
2026-09-19,16:29:59,2026-09-19T16:29:59,NO,0,0,
2026-09-19,16:30:00,2026-09-19T16:30:00,NO,0,0,
2026-09-19,16:30:00,2026-09-19T16:30:00,NO,0,0,
2026-09-19,16:30:01,2026-09-19T16:30:01,NO,0,0,
2026-09-19,16:30:01,2026-09-19T16:30:01,NO,0,0,
2026-09-19,16:30:02,2026-09-19T16:30:02,NO,0,0,
2026-09-19,16:30:02,2026-09-19T16:30:02,NO,0,0,
2026-09-19,16:30:03,2026-09-19T16:30:03,NO,0,0,
2026-09-19,16:30:03,2026-09-19T16:30:03,NO,0,0,
2026-09-19,16:30:04,2026-09-19T16:30:04,NO,0,0,
2026-09-19,16:30:05,2026-09-19T16:30:05,NO,0,0,
2026-09-19,16:30:05,2026-09-19T16:30:05,NO,0,0,
2026-09-19,16:30:06,2026-09-19T16:30:06,NO,0,0,
2026-09-19,16:30:06,2026-09-19T16:30:06,NO,0,0,
2026-09-19,16:30:07,2026-09-19T16:30:07,NO,0,0,
2026-09-19,16:30:07,2026-09-19T16:30:07,NO,0,0,
2026-09-19,16:30:08,2026-09-19T16:30:08,NO,0,0,
2026-09-19,16:30:09,2026-09-19T16:30:09,NO,0,0,
2026-09-19,16:30:09,2026-09-19T16:30:09,NO,0,0,
2026-09-19,16:30:10,2026-09-19T16:30:10,NO,0,0,
2026-09-19,16:30:10,2026-09-19T16:30:10,NO,0,0,
2026-09-19,16:30:11,2026-09-19T16:30:11,NO,0,0,
2026-09-19,16:30:11,2026-09-19T16:30:11,NO,0,0,
2026-09-19,16:30:12,2026-09-19T16:30:12,NO,0,0,
2026-09-19,16:30:13,2026-09-19T16:30:13,NO,0,0,
2026-09-19,16:30:13,2026-09-19T16:30:13,NO,0,0,
2026-09-19,16:30:14,2026-09-19T16:30:14,NO,0,0,
2026-09-19,16:30:14,2026-09-19T16:30:14,NO,0,0,
2026-09-19,16:30:15,2026-09-19T16:30:15,NO,0,0,
2026-09-19,16:30:15,2026-09-19T16:30:15,NO,0,0,
2026-09-19,16:30:16,2026-09-19T16:30:16,NO,0,0,
2026-09-19,16:30:16,2026-09-19T16:30:16,NO,0,0,
2026-09-19,16:30:17,2026-09-19T16:30:17,NO,0,0,
2026-09-19,16:30:17,2026-09-19T16:30:17,NO,0,0,
2026-09-19,16:30:18,2026-09-19T16:30:18,NO,0,0,
2026-09-19,16:30:18,2026-09-19T16:30:18,NO,0,0,
2026-09-19,16:30:19,2026-09-19T16:30:19,NO,0,0,
2026-09-19,16:30:19,2026-09-19T16:30:19,NO,0,0,
2026-09-19,16:30:20,2026-09-19T16:30:20,NO,0,0,
2026-09-19,16:30:21,2026-09-19T16:30:21,NO,0,0,
2026-09-19,16:30:21,2026-09-19T16:30:21,NO,0,0,
2026-09-19,16:30:22,2026-09-19T16:30:22,NO,0,0,
2026-09-19,16:30:22,2026-09-19T16:30:22,NO,0,0,
2026-09-19,16:30:23,2026-09-19T16:30:23,NO,0,0,
2026-09-19,16:30:23,2026-09-19T16:30:23,NO,0,0,
2026-09-19,16:30:24,2026-09-19T16:30:24,NO,0,0,
2026-09-19,16:30:24,2026-09-19T16:30:24,NO,0,0,
2026-09-19,16:30:25,2026-09-19T16:30:25,NO,0,0,
2026-09-19,16:30:25,2026-09-19T16:30:25,NO,0,0,
2026-09-19,16:30:27,2026-09-19T16:30:27,NO,0,0,
2026-09-19,16:30:27,2026-09-19T16:30:27,NO,0,0,
2026-09-19,16:30:28,2026-09-19T16:30:28,NO,0,0,
2026-09-19,16:30:28,2026-09-19T16:30:28,NO,0,0,
2026-09-19,16:30:29,2026-09-19T16:30:29,NO,0,0,
2026-09-19,16:30:29,2026-09-19T16:30:29,NO,0,0,
2026-09-19,16:30:30,2026-09-19T16:30:30,NO,0,0,
2026-09-19,16:30:30,2026-09-19T16:30:30,NO,0,0,
2026-09-19,16:30:31,2026-09-19T16:30:31,NO,0,0,
2026-09-19,16:30:31,2026-09-19T16:30:31,NO,0,0,
2026-09-19,16:30:32,2026-09-19T16:30:32,NO,0,0,
2026-09-19,16:30:32,2026-09-19T16:30:32,NO,0,0,
2026-09-19,16:30:33,2026-09-19T16:30:33,NO,0,0,
2026-09-19,16:30:34,2026-09-19T16:30:34,NO,0,0,
2026-09-19,16:30:34,2026-09-19T16:30:34,NO,0,0,
2026-09-19,16:30:35,2026-09-19T16:30:35,NO,0,0,
2026-09-19,16:30:35,2026-09-19T16:30:35,NO,0,0,
2026-09-19,16:30:36,2026-09-19T16:30:36,NO,0,0,
2026-09-19,16:30:36,2026-09-19T16:30:36,NO,0,0,
2026-09-19,16:30:37,2026-09-19T16:30:37,NO,0,0,
2026-09-19,16:30:38,2026-09-19T16:30:38,NO,0,0,
2026-09-19,16:30:39,2026-09-19T16:30:39,NO,0,0,
2026-09-19,16:30:39,2026-09-19T16:30:39,NO,0,0,
2026-09-19,16:30:40,2026-09-19T16:30:40,NO,0,0,
2026-09-19,16:30:40,2026-09-19T16:30:40,NO,0,0,
2026-09-19,16:30:41,2026-09-19T16:30:41,NO,0,0,
2026-09-19,16:30:41,2026-09-19T16:30:41,NO,0,0,
2026-09-19,16:30:42,2026-09-19T16:30:42,NO,0,0,
2026-09-19,16:30:42,2026-09-19T16:30:42,NO,0,0,
2026-09-19,16:30:43,2026-09-19T16:30:43,NO,0,0,
2026-09-19,16:30:43,2026-09-19T16:30:43,NO,0,0,
2026-09-19,16:30:44,2026-09-19T16:30:44,NO,0,0,
2026-09-19,16:30:45,2026-09-19T16:30:45,NO,0,0,
2026-09-19,16:30:45,2026-09-19T16:30:45,NO,0,0,
2026-09-19,16:30:46,2026-09-19T16:30:46,NO,0,0,
2026-09-19,16:30:46,2026-09-19T16:30:46,NO,0,0,
2026-09-19,16:30:47,2026-09-19T16:30:47,NO,0,0,
2026-09-19,16:30:48,2026-09-19T16:30:48,NO,0,0,
2026-09-19,16:30:48,2026-09-19T16:30:48,NO,0,0,
2026-09-19,16:30:49,2026-09-19T16:30:49,NO,0,0,
2026-09-19,16:30:50,2026-09-19T16:30:50,NO,0,0,
2026-09-19,16:30:50,2026-09-19T16:30:50,NO,0,0,
2026-09-19,16:30:51,2026-09-19T16:30:51,NO,0,0,
2026-09-19,16:30:51,2026-09-19T16:30:51,NO,0,0,
2026-09-19,16:30:52,2026-09-19T16:30:52,NO,0,0,
2026-09-19,16:30:52,2026-09-19T16:30:52,NO,0,0,
2026-09-19,16:30:53,2026-09-19T16:30:53,NO,0,0,
2026-09-19,16:30:53,2026-09-19T16:30:53,NO,0,0,
2026-09-19,16:30:54,2026-09-19T16:30:54,NO,0,0,
2026-09-19,16:30:54,2026-09-19T16:30:54,NO,0,0,
2026-09-19,16:30:55,2026-09-19T16:30:55,NO,0,0,
2026-09-19,16:30:56,2026-09-19T16:30:56,NO,0,0,
2026-09-19,16:30:56,2026-09-19T16:30:56,NO,0,0,
2026-09-19,16:30:57,2026-09-19T16:30:57,NO,0,0,
2026-09-19,16:30:57,2026-09-19T16:30:57,NO,0,0,
2026-09-19,16:30:58,2026-09-19T16:30:58,NO,0,0,
2026-09-19,16:30:58,2026-09-19T16:30:58,NO,0,0,
2026-09-19,16:30:59,2026-09-19T16:30:59,NO,0,0,
2026-09-19,16:31:00,2026-09-19T16:31:00,NO,0,0,
2026-09-19,16:31:00,2026-09-19T16:31:00,NO,0,0,
2026-09-19,16:31:01,2026-09-19T16:31:01,NO,0,0,
2026-09-19,16:31:02,2026-09-19T16:31:02,NO,0,0,
2026-09-19,16:31:02,2026-09-19T16:31:02,NO,0,0,
2026-09-19,16:31:03,2026-09-19T16:31:03,NO,0,0,
2026-09-19,16:31:03,2026-09-19T16:31:03,NO,0,0,
2026-09-19,16:31:04,2026-09-19T16:31:04,NO,0,0,
2026-09-19,16:31:04,2026-09-19T16:31:04,NO,0,0,
2026-09-19,16:31:05,2026-09-19T16:31:05,NO,0,0,
2026-09-19,16:31:05,2026-09-19T16:31:05,NO,0,0,
2026-09-19,16:31:06,2026-09-19T16:31:06,NO,0,0,
2026-09-19,16:31:06,2026-09-19T16:31:06,NO,0,0,
2026-09-19,16:31:07,2026-09-19T16:31:07,NO,0,0,
2026-09-19,16:31:08,2026-09-19T16:31:08,NO,0,0,
2026-09-19,16:31:08,2026-09-19T16:31:08,NO,0,0,
2026-09-19,16:31:09,2026-09-19T16:31:09,NO,0,0,
2026-09-19,16:31:09,2026-09-19T16:31:09,NO,0,0,
2026-09-19,16:31:10,2026-09-19T16:31:10,NO,0,0,
2026-09-19,16:31:10,2026-09-19T16:31:10,NO,0,0,
2026-09-19,16:31:11,2026-09-19T16:31:11,NO,0,0,
2026-09-19,16:31:11,2026-09-19T16:31:11,NO,0,0,
2026-09-19,16:31:13,2026-09-19T16:31:13,NO,0,0,
2026-09-19,16:31:13,2026-09-19T16:31:13,NO,0,0,
2026-09-19,16:31:14,2026-09-19T16:31:14,NO,0,0,
2026-09-19,16:31:14,2026-09-19T16:31:14,NO,0,0,
2026-09-19,16:31:15,2026-09-19T16:31:15,NO,0,0,
2026-09-19,16:31:15,2026-09-19T16:31:15,NO,0,0,
2026-09-19,16:31:16,2026-09-19T16:31:16,NO,0,0,
2026-09-19,16:31:16,2026-09-19T16:31:16,NO,0,0,
2026-09-19,16:31:17,2026-09-19T16:31:17,NO,0,0,
2026-09-19,16:31:17,2026-09-19T16:31:17,NO,0,0,
2026-09-19,16:31:18,2026-09-19T16:31:18,NO,0,0,
2026-09-19,16:31:19,2026-09-19T16:31:19,NO,0,0,
2026-09-19,16:31:19,2026-09-19T16:31:19,NO,0,0,
2026-09-19,16:31:20,2026-09-19T16:31:20,NO,0,0,
2026-09-19,16:31:20,2026-09-19T16:31:20,NO,0,0,
2026-09-19,16:31:21,2026-09-19T16:31:21,NO,0,0,
2026-09-19,16:31:21,2026-09-19T16:31:21,NO,0,0,
2026-09-19,16:31:22,2026-09-19T16:31:22,NO,0,0,
2026-09-19,16:31:22,2026-09-19T16:31:22,NO,0,0,
2026-09-19,16:31:23,2026-09-19T16:31:23,NO,0,0,
2026-09-19,16:31:24,2026-09-19T16:31:24,NO,0,0,
2026-09-19,16:31:25,2026-09-19T16:31:25,NO,0,0,
2026-09-19,16:31:25,2026-09-19T16:31:25,NO,0,0,
2026-09-19,16:31:26,2026-09-19T16:31:26,NO,0,0,
2026-09-19,16:31:26,2026-09-19T16:31:26,NO,0,0,
2026-09-19,16:31:27,2026-09-19T16:31:27,NO,0,0,
2026-09-19,16:31:27,2026-09-19T16:31:27,NO,0,0,
2026-09-19,16:31:28,2026-09-19T16:31:28,NO,0,0,
2026-09-19,16:31:28,2026-09-19T16:31:28,NO,0,0,
2026-09-19,16:31:29,2026-09-19T16:31:29,NO,0,0,
2026-09-19,16:31:29,2026-09-19T16:31:29,NO,0,0,
2026-09-19,16:31:30,2026-09-19T16:31:30,NO,0,0,
2026-09-19,16:31:31,2026-09-19T16:31:31,NO,0,0,
2026-09-19,16:31:31,2026-09-19T16:31:31,NO,0,0,
2026-09-19,16:31:32,2026-09-19T16:31:32,NO,0,0,
2026-09-19,16:31:32,2026-09-19T16:31:32,NO,0,0,
2026-09-19,16:31:33,2026-09-19T16:31:33,NO,0,0,
2026-09-19,16:31:33,2026-09-19T16:31:33,NO,0,0,
2026-09-19,16:31:34,2026-09-19T16:31:34,NO,0,0,
2026-09-19,16:31:34,2026-09-19T16:31:34,NO,0,0,
2026-09-19,16:31:35,2026-09-19T16:31:35,NO,0,0,
2026-09-19,16:31:36,2026-09-19T16:31:36,NO,0,0,
2026-09-19,16:31:37,2026-09-19T16:31:37,NO,0,0,
2026-09-19,16:31:37,2026-09-19T16:31:37,NO,0,0,
2026-09-19,16:31:38,2026-09-19T16:31:38,NO,0,0,
2026-09-19,16:31:38,2026-09-19T16:31:38,NO,0,0,
2026-09-19,16:31:39,2026-09-19T16:31:39,NO,0,0,
2026-09-19,16:31:39,2026-09-19T16:31:39,NO,0,0,
2026-09-19,16:31:40,2026-09-19T16:31:40,NO,0,0,
2026-09-19,16:31:40,2026-09-19T16:31:40,NO,0,0,
2026-09-19,16:31:41,2026-09-19T16:31:41,NO,0,0,
2026-09-19,16:31:42,2026-09-19T16:31:42,NO,0,0,
2026-09-19,16:31:42,2026-09-19T16:31:42,NO,0,0,
2026-09-19,16:31:43,2026-09-19T16:31:43,NO,0,0,
2026-09-19,16:31:43,2026-09-19T16:31:43,NO,0,0,
2026-09-19,16:31:44,2026-09-19T16:31:44,NO,0,0,
2026-09-19,16:31:44,2026-09-19T16:31:44,NO,0,0,
2026-09-19,16:31:45,2026-09-19T16:31:45,NO,0,0,
2026-09-19,16:31:46,2026-09-19T16:31:46,NO,0,0,
2026-09-19,16:31:47,2026-09-19T16:31:47,NO,0,0,
2026-09-19,16:31:47,2026-09-19T16:31:47,NO,0,0,
2026-09-19,16:31:48,2026-09-19T16:31:48,NO,0,0,
2026-09-19,16:31:48,2026-09-19T16:31:48,NO,0,0,
2026-09-19,16:31:49,2026-09-19T16:31:49,NO,0,0,
2026-09-19,16:31:49,2026-09-19T16:31:49,NO,0,0,
2026-09-19,16:31:50,2026-09-19T16:31:50,NO,0,0,
2026-09-19,16:31:50,2026-09-19T16:31:50,NO,0,0,
2026-09-19,16:31:51,2026-09-19T16:31:51,NO,0,0,
2026-09-19,16:31:52,2026-09-19T16:31:52,NO,0,0,
2026-09-19,16:31:52,2026-09-19T16:31:52,NO,0,0,
2026-09-19,16:31:53,2026-09-19T16:31:53,NO,0,0,
2026-09-19,16:31:53,2026-09-19T16:31:53,NO,0,0,
2026-09-19,16:31:54,2026-09-19T16:31:54,NO,0,0,
2026-09-19,16:31:54,2026-09-19T16:31:54,NO,0,0,
2026-09-19,16:31:56,2026-09-19T16:31:56,NO,0,0,
2026-09-19,16:31:56,2026-09-19T16:31:56,NO,0,0,
2026-09-19,16:31:57,2026-09-19T16:31:57,NO,0,0,
2026-09-19,16:31:57,2026-09-19T16:31:57,NO,0,0,
2026-09-19,16:31:58,2026-09-19T16:31:58,NO,0,0,
2026-09-19,16:31:58,2026-09-19T16:31:58,NO,0,0,
2026-09-19,16:31:59,2026-09-19T16:31:59,NO,0,0,
2026-09-19,16:31:59,2026-09-19T16:31:59,NO,0,0,
2026-09-19,16:32:00,2026-09-19T16:32:00,NO,0,0,
2026-09-19,16:32:00,2026-09-19T16:32:00,NO,0,0,
2026-09-19,16:32:01,2026-09-19T16:32:01,NO,0,0,
2026-09-19,16:32:02,2026-09-19T16:32:02,NO,0,0,
2026-09-19,16:32:02,2026-09-19T16:32:02,NO,0,0,
2026-09-19,16:32:03,2026-09-19T16:32:03,NO,0,0,
2026-09-19,16:32:03,2026-09-19T16:32:03,NO,0,0,
2026-09-19,16:32:04,2026-09-19T16:32:04,NO,0,0,
2026-09-19,16:32:04,2026-09-19T16:32:04,NO,0,0,
2026-09-19,16:32:05,2026-09-19T16:32:05,NO,0,0,
2026-09-19,16:32:05,2026-09-19T16:32:05,NO,0,0,
2026-09-19,16:32:06,2026-09-19T16:32:06,NO,0,0,
2026-09-19,16:32:06,2026-09-19T16:32:06,NO,0,0,
2026-09-19,16:32:07,2026-09-19T16:32:07,NO,0,0,
2026-09-19,16:32:07,2026-09-19T16:32:07,NO,0,0,
2026-09-19,16:32:08,2026-09-19T16:32:08,NO,0,0,
2026-09-19,16:32:09,2026-09-19T16:32:09,NO,0,0,
2026-09-19,16:32:09,2026-09-19T16:32:09,NO,0,0,
2026-09-19,16:32:10,2026-09-19T16:32:10,NO,0,0,
2026-09-19,16:32:10,2026-09-19T16:32:10,NO,0,0,
2026-09-19,16:32:11,2026-09-19T16:32:11,NO,0,0,
2026-09-19,16:32:11,2026-09-19T16:32:11,NO,0,0,
2026-09-19,16:32:12,2026-09-19T16:32:12,NO,0,0,
2026-09-19,16:32:13,2026-09-19T16:32:13,NO,0,0,
2026-09-19,16:32:14,2026-09-19T16:32:14,NO,0,0,
2026-09-19,16:32:14,2026-09-19T16:32:14,NO,0,0,
2026-09-19,16:32:15,2026-09-19T16:32:15,NO,0,0,
2026-09-19,16:32:15,2026-09-19T16:32:15,NO,0,0,
2026-09-19,16:32:16,2026-09-19T16:32:16,NO,0,0,
2026-09-19,16:32:16,2026-09-19T16:32:16,NO,0,0,
2026-09-19,16:32:17,2026-09-19T16:32:17,NO,0,0,
2026-09-19,16:32:17,2026-09-19T16:32:17,NO,0,0,
2026-09-19,16:32:18,2026-09-19T16:32:18,NO,0,0,
2026-09-19,16:32:19,2026-09-19T16:32:19,NO,0,0,
2026-09-19,16:32:19,2026-09-19T16:32:19,NO,0,0,
2026-09-19,16:32:20,2026-09-19T16:32:20,NO,0,0,
2026-09-19,16:32:20,2026-09-19T16:32:20,NO,0,0,
2026-09-19,16:32:22,2026-09-19T16:32:22,NO,0,0,
2026-09-19,16:32:22,2026-09-19T16:32:22,NO,0,0,
2026-09-19,16:32:23,2026-09-19T16:32:23,NO,0,0,
2026-09-19,16:32:23,2026-09-19T16:32:23,NO,0,0,
2026-09-19,16:32:24,2026-09-19T16:32:24,NO,0,0,
2026-09-19,16:32:24,2026-09-19T16:32:24,NO,0,0,
2026-09-19,16:32:25,2026-09-19T16:32:25,NO,0,0,
2026-09-19,16:32:26,2026-09-19T16:32:26,NO,0,0,
2026-09-19,16:32:26,2026-09-19T16:32:26,NO,0,0,
2026-09-19,16:32:27,2026-09-19T16:32:27,NO,0,0,
2026-09-19,16:32:27,2026-09-19T16:32:27,NO,0,0,
2026-09-19,16:32:28,2026-09-19T16:32:28,NO,0,0,
2026-09-19,16:32:28,2026-09-19T16:32:28,NO,0,0,
2026-09-19,16:32:30,2026-09-19T16:32:30,NO,0,0,
2026-09-19,16:32:30,2026-09-19T16:32:30,NO,0,0,
2026-09-19,16:32:31,2026-09-19T16:32:31,NO,0,0,
2026-09-19,16:32:31,2026-09-19T16:32:31,NO,0,0,
2026-09-19,16:32:32,2026-09-19T16:32:32,NO,0,0,
2026-09-19,16:32:32,2026-09-19T16:32:32,NO,0,0,
2026-09-19,16:32:33,2026-09-19T16:32:33,NO,0,0,
2026-09-19,16:32:34,2026-09-19T16:32:34,NO,0,0,
2026-09-19,16:32:34,2026-09-19T16:32:34,NO,0,0,
2026-09-19,16:32:35,2026-09-19T16:32:35,NO,0,0,
2026-09-19,16:32:35,2026-09-19T16:32:35,NO,0,0,
2026-09-19,16:32:36,2026-09-19T16:32:36,NO,0,0,
2026-09-19,16:32:36,2026-09-19T16:32:36,NO,0,0,
2026-09-19,16:32:37,2026-09-19T16:32:37,NO,0,0,
2026-09-19,16:32:37,2026-09-19T16:32:37,NO,0,0,
2026-09-19,16:32:38,2026-09-19T16:32:38,NO,0,0,
2026-09-19,16:32:39,2026-09-19T16:32:39,NO,0,0,
2026-09-19,16:32:40,2026-09-19T16:32:40,NO,0,0,
2026-09-19,16:32:40,2026-09-19T16:32:40,NO,0,0,
2026-09-19,16:32:41,2026-09-19T16:32:41,NO,0,0,
2026-09-19,16:32:41,2026-09-19T16:32:41,NO,0,0,
2026-09-19,16:32:42,2026-09-19T16:32:42,NO,0,0,
2026-09-19,16:32:43,2026-09-19T16:32:43,NO,0,0,
2026-09-19,16:32:43,2026-09-19T16:32:43,NO,0,0,
2026-09-19,16:32:44,2026-09-19T16:32:44,NO,0,0,
2026-09-19,16:32:44,2026-09-19T16:32:44,NO,0,0,
2026-09-19,16:32:45,2026-09-19T16:32:45,NO,0,0,
2026-09-19,16:32:45,2026-09-19T16:32:45,NO,0,0,
2026-09-19,16:32:47,2026-09-19T16:32:47,NO,0,0,
2026-09-19,16:32:47,2026-09-19T16:32:47,NO,0,0,
2026-09-19,16:32:48,2026-09-19T16:32:48,NO,0,0,
2026-09-19,16:32:48,2026-09-19T16:32:48,NO,0,0,
2026-09-19,16:32:49,2026-09-19T16:32:49,NO,0,0,
2026-09-19,16:32:49,2026-09-19T16:32:49,NO,0,0,
2026-09-19,16:32:50,2026-09-19T16:32:50,NO,0,0,
2026-09-19,16:32:51,2026-09-19T16:32:51,NO,0,0,
2026-09-19,16:32:51,2026-09-19T16:32:51,NO,0,0,
2026-09-19,16:32:52,2026-09-19T16:32:52,NO,0,0,
2026-09-19,16:32:52,2026-09-19T16:32:52,NO,0,0,
2026-09-19,16:32:53,2026-09-19T16:32:53,NO,0,0,
2026-09-19,16:32:54,2026-09-19T16:32:54,NO,0,0,
2026-09-19,16:32:55,2026-09-19T16:32:55,NO,0,0,
2026-09-19,16:32:55,2026-09-19T16:32:55,NO,0,0,
2026-09-19,16:32:56,2026-09-19T16:32:56,NO,0,0,
2026-09-19,16:32:56,2026-09-19T16:32:56,NO,0,0,
2026-09-19,16:32:57,2026-09-19T16:32:57,NO,0,0,
2026-09-19,16:32:57,2026-09-19T16:32:57,NO,0,0,
2026-09-19,16:32:58,2026-09-19T16:32:58,NO,0,0,
2026-09-19,16:32:59,2026-09-19T16:32:59,NO,0,0,
2026-09-19,16:32:59,2026-09-19T16:32:59,NO,0,0,
2026-09-19,16:33:00,2026-09-19T16:33:00,NO,0,0,
2026-09-19,16:33:00,2026-09-19T16:33:00,NO,0,0,
2026-09-19,16:33:01,2026-09-19T16:33:01,NO,0,0,
2026-09-19,16:33:01,2026-09-19T16:33:01,NO,0,0,
2026-09-19,16:33:02,2026-09-19T16:33:02,NO,0,0,
2026-09-19,16:33:02,2026-09-19T16:33:02,NO,0,0,
2026-09-19,16:33:04,2026-09-19T16:33:04,NO,0,0,
2026-09-19,16:33:04,2026-09-19T16:33:04,NO,0,0,
2026-09-19,16:33:05,2026-09-19T16:33:05,NO,0,0,
2026-09-19,16:33:05,2026-09-19T16:33:05,NO,0,0,
2026-09-19,16:33:06,2026-09-19T16:33:06,NO,0,0,
2026-09-19,16:33:07,2026-09-19T16:33:07,NO,0,0,
2026-09-19,16:33:07,2026-09-19T16:33:07,NO,0,0,
2026-09-19,16:33:08,2026-09-19T16:33:08,NO,0,0,
2026-09-19,16:33:08,2026-09-19T16:33:08,NO,0,0,
2026-09-19,16:33:09,2026-09-19T16:33:09,NO,0,0,
2026-09-19,16:33:09,2026-09-19T16:33:09,NO,0,0,
2026-09-19,16:33:10,2026-09-19T16:33:10,NO,0,0,
2026-09-19,16:33:11,2026-09-19T16:33:11,NO,0,0,
2026-09-19,16:33:12,2026-09-19T16:33:12,NO,0,0,
2026-09-19,16:33:13,2026-09-19T16:33:13,NO,0,0,
2026-09-19,16:33:13,2026-09-19T16:33:13,NO,0,0,
2026-09-19,16:33:14,2026-09-19T16:33:14,NO,0,0,
2026-09-19,16:33:14,2026-09-19T16:33:14,NO,0,0,
2026-09-19,16:33:15,2026-09-19T16:33:15,NO,0,0,
2026-09-19,16:33:15,2026-09-19T16:33:15,NO,0,0,
2026-09-19,16:33:16,2026-09-19T16:33:16,NO,0,0,
2026-09-19,16:33:17,2026-09-19T16:33:17,NO,0,0,
2026-09-19,16:33:17,2026-09-19T16:33:17,NO,0,0,
2026-09-19,16:33:18,2026-09-19T16:33:18,NO,0,0,
2026-09-19,16:33:18,2026-09-19T16:33:18,NO,0,0,
2026-09-19,16:33:19,2026-09-19T16:33:19,NO,0,0,
2026-09-19,16:33:19,2026-09-19T16:33:19,NO,0,0,
2026-09-19,16:33:21,2026-09-19T16:33:21,NO,0,0,
2026-09-19,16:33:22,2026-09-19T16:33:22,NO,0,0,
2026-09-19,16:33:22,2026-09-19T16:33:22,NO,0,0,
2026-09-19,16:33:23,2026-09-19T16:33:23,NO,0,0,
2026-09-19,16:33:23,2026-09-19T16:33:23,NO,0,0,
2026-09-19,16:33:24,2026-09-19T16:33:24,NO,0,0,
2026-09-19,16:33:24,2026-09-19T16:33:24,NO,0,0,
2026-09-19,16:33:25,2026-09-19T16:33:25,NO,0,0,
2026-09-19,16:33:26,2026-09-19T16:33:26,NO,0,0,
2026-09-19,16:33:26,2026-09-19T16:33:26,NO,0,0,
2026-09-19,16:33:27,2026-09-19T16:33:27,NO,0,0,
2026-09-19,16:33:27,2026-09-19T16:33:27,NO,0,0,
2026-09-19,16:33:28,2026-09-19T16:33:28,NO,0,0,
2026-09-19,16:33:28,2026-09-19T16:33:28,NO,0,0,
2026-09-19,16:33:29,2026-09-19T16:33:29,NO,0,0,
2026-09-19,16:33:29,2026-09-19T16:33:29,NO,0,0,
2026-09-19,16:33:30,2026-09-19T16:33:30,NO,0,0,
2026-09-19,16:33:31,2026-09-19T16:33:31,NO,0,0,
2026-09-19,16:33:31,2026-09-19T16:33:31,NO,0,0,
2026-09-19,16:33:32,2026-09-19T16:33:32,NO,0,0,
2026-09-19,16:33:33,2026-09-19T16:33:33,NO,0,0,
2026-09-19,16:33:34,2026-09-19T16:33:34,NO,0,0,
2026-09-19,16:33:34,2026-09-19T16:33:34,NO,0,0,
2026-09-19,16:33:35,2026-09-19T16:33:35,NO,0,0,
2026-09-19,16:33:35,2026-09-19T16:33:35,NO,0,0,
2026-09-19,16:33:36,2026-09-19T16:33:36,NO,0,0,
2026-09-19,16:33:36,2026-09-19T16:33:36,NO,0,0,
2026-09-19,16:33:37,2026-09-19T16:33:37,NO,0,0,
2026-09-19,16:33:37,2026-09-19T16:33:37,NO,0,0,
2026-09-19,16:33:38,2026-09-19T16:33:38,NO,0,0,
2026-09-19,16:33:39,2026-09-19T16:33:39,NO,0,0,
2026-09-19,16:33:39,2026-09-19T16:33:39,NO,0,0,
2026-09-19,16:33:40,2026-09-19T16:33:40,NO,0,0,
2026-09-19,16:33:40,2026-09-19T16:33:40,NO,0,0,
2026-09-19,16:33:41,2026-09-19T16:33:41,NO,0,0,
2026-09-19,16:33:42,2026-09-19T16:33:42,NO,0,0,
2026-09-19,16:33:42,2026-09-19T16:33:42,NO,0,0,
2026-09-19,16:33:43,2026-09-19T16:33:43,NO,0,0,
2026-09-19,16:33:43,2026-09-19T16:33:43,NO,0,0,
2026-09-19,16:33:44,2026-09-19T16:33:44,NO,0,0,
2026-09-19,16:33:45,2026-09-19T16:33:45,NO,0,0,
2026-09-19,16:33:45,2026-09-19T16:33:45,NO,0,0,
2026-09-19,16:33:46,2026-09-19T16:33:46,NO,0,0,
2026-09-19,16:33:46,2026-09-19T16:33:46,NO,0,0,
2026-09-19,16:33:47,2026-09-19T16:33:47,NO,0,0,
2026-09-19,16:33:47,2026-09-19T16:33:47,NO,0,0,
2026-09-19,16:33:48,2026-09-19T16:33:48,NO,0,0,
2026-09-19,16:33:48,2026-09-19T16:33:48,NO,0,0,
2026-09-19,16:33:49,2026-09-19T16:33:49,NO,0,0,
2026-09-19,16:33:49,2026-09-19T16:33:49,NO,0,0,
2026-09-19,16:33:50,2026-09-19T16:33:50,NO,0,0,
2026-09-19,16:33:51,2026-09-19T16:33:51,NO,0,0,
2026-09-19,16:33:51,2026-09-19T16:33:51,NO,0,0,
2026-09-19,16:33:52,2026-09-19T16:33:52,NO,0,0,
2026-09-19,16:33:52,2026-09-19T16:33:52,NO,0,0,
2026-09-19,16:33:53,2026-09-19T16:33:53,NO,0,0,
2026-09-19,16:33:53,2026-09-19T16:33:53,NO,0,0,
2026-09-19,16:33:54,2026-09-19T16:33:54,NO,0,0,
2026-09-19,16:33:55,2026-09-19T16:33:55,NO,0,0,
2026-09-19,16:33:55,2026-09-19T16:33:55,NO,0,0,
2026-09-19,16:33:56,2026-09-19T16:33:56,NO,0,0,
2026-09-19,16:33:57,2026-09-19T16:33:57,NO,0,0,
2026-09-19,16:33:57,2026-09-19T16:33:57,NO,0,0,
2026-09-19,16:33:58,2026-09-19T16:33:58,NO,0,0,
2026-09-19,16:33:58,2026-09-19T16:33:58,NO,0,0,
2026-09-19,16:33:59,2026-09-19T16:33:59,NO,0,0,
2026-09-19,16:33:59,2026-09-19T16:33:59,NO,0,0,
2026-09-19,16:34:00,2026-09-19T16:34:00,NO,0,0,
2026-09-19,16:34:00,2026-09-19T16:34:00,NO,0,0,
2026-09-19,16:34:01,2026-09-19T16:34:01,NO,0,0,
2026-09-19,16:34:01,2026-09-19T16:34:01,NO,0,0,
2026-09-19,16:34:02,2026-09-19T16:34:02,NO,0,0,
2026-09-19,16:34:03,2026-09-19T16:34:03,NO,0,0,
2026-09-19,16:34:03,2026-09-19T16:34:03,NO,0,0,
2026-09-19,16:34:04,2026-09-19T16:34:04,NO,0,0,
2026-09-19,16:34:04,2026-09-19T16:34:04,NO,0,0,
2026-09-19,16:34:05,2026-09-19T16:34:05,NO,0,0,
2026-09-19,16:34:05,2026-09-19T16:34:05,NO,0,0,
2026-09-19,16:34:06,2026-09-19T16:34:06,NO,0,0,
2026-09-19,16:34:06,2026-09-19T16:34:06,NO,0,0,
2026-09-19,16:34:07,2026-09-19T16:34:07,NO,0,0,
2026-09-19,16:34:07,2026-09-19T16:34:07,NO,0,0,
2026-09-19,16:34:09,2026-09-19T16:34:09,NO,0,0,
2026-09-19,16:34:09,2026-09-19T16:34:09,NO,0,0,
2026-09-19,16:34:10,2026-09-19T16:34:10,NO,0,0,
2026-09-19,16:34:10,2026-09-19T16:34:10,NO,0,0,
2026-09-19,16:34:11,2026-09-19T16:34:11,NO,0,0,
2026-09-19,16:34:11,2026-09-19T16:34:11,NO,0,0,
2026-09-19,16:34:12,2026-09-19T16:34:12,NO,0,0,
2026-09-19,16:34:13,2026-09-19T16:34:13,NO,0,0,
2026-09-19,16:34:13,2026-09-19T16:34:13,NO,0,0,
2026-09-19,16:34:14,2026-09-19T16:34:14,NO,0,0,
2026-09-19,16:34:14,2026-09-19T16:34:14,NO,0,0,
2026-09-19,16:34:15,2026-09-19T16:34:15,NO,0,0,
2026-09-19,16:34:15,2026-09-19T16:34:15,NO,0,0,
2026-09-19,16:34:16,2026-09-19T16:34:16,NO,0,0,
2026-09-19,16:34:17,2026-09-19T16:34:17,NO,0,0,
2026-09-19,16:34:18,2026-09-19T16:34:18,NO,0,0,
2026-09-19,16:34:18,2026-09-19T16:34:18,NO,0,0,
2026-09-19,16:34:19,2026-09-19T16:34:19,NO,0,0,
2026-09-19,16:34:19,2026-09-19T16:34:19,NO,0,0,
2026-09-19,16:34:20,2026-09-19T16:34:20,NO,0,0,
2026-09-19,16:34:21,2026-09-19T16:34:21,NO,0,0,
2026-09-19,16:34:21,2026-09-19T16:34:21,NO,0,0,
2026-09-19,16:34:22,2026-09-19T16:34:22,NO,0,0,
2026-09-19,16:34:22,2026-09-19T16:34:22,NO,0,0,
2026-09-19,16:34:23,2026-09-19T16:34:23,NO,0,0,
2026-09-19,16:34:23,2026-09-19T16:34:23,NO,0,0,
2026-09-19,16:34:24,2026-09-19T16:34:24,NO,0,0,
2026-09-19,16:34:24,2026-09-19T16:34:24,NO,0,0,
2026-09-19,16:34:25,2026-09-19T16:34:25,NO,0,0,
2026-09-19,16:34:26,2026-09-19T16:34:26,NO,0,0,
2026-09-19,16:34:26,2026-09-19T16:34:26,NO,0,0,
2026-09-19,16:34:27,2026-09-19T16:34:27,NO,0,0,
2026-09-19,16:34:28,2026-09-19T16:34:28,NO,0,0,
2026-09-19,16:34:28,2026-09-19T16:34:28,NO,0,0,
2026-09-19,16:34:29,2026-09-19T16:34:29,NO,0,0,
2026-09-19,16:34:29,2026-09-19T16:34:29,NO,0,0,
2026-09-19,16:34:30,2026-09-19T16:34:30,NO,0,0,
2026-09-19,16:34:31,2026-09-19T16:34:31,NO,0,0,
2026-09-19,16:34:31,2026-09-19T16:34:31,NO,0,0,
2026-09-19,16:34:32,2026-09-19T16:34:32,NO,0,0,
2026-09-19,16:34:32,2026-09-19T16:34:32,NO,0,0,
2026-09-19,16:34:33,2026-09-19T16:34:33,NO,0,0,
2026-09-19,16:34:33,2026-09-19T16:34:33,NO,0,0,
2026-09-19,16:34:34,2026-09-19T16:34:34,NO,0,0,
2026-09-19,16:34:34,2026-09-19T16:34:34,NO,0,0,
2026-09-19,16:34:35,2026-09-19T16:34:35,NO,0,0,
2026-09-19,16:34:35,2026-09-19T16:34:35,NO,0,0,
2026-09-19,16:34:36,2026-09-19T16:34:36,NO,0,0,
2026-09-19,16:34:37,2026-09-19T16:34:37,NO,0,0,
2026-09-19,16:34:37,2026-09-19T16:34:37,NO,0,0,
2026-09-19,16:34:38,2026-09-19T16:34:38,NO,0,0,
2026-09-19,16:34:39,2026-09-19T16:34:39,NO,0,0,
2026-09-19,16:34:40,2026-09-19T16:34:40,NO,0,0,
2026-09-19,16:34:40,2026-09-19T16:34:40,NO,0,0,
2026-09-19,16:34:41,2026-09-19T16:34:41,NO,0,0,
2026-09-19,16:34:41,2026-09-19T16:34:41,NO,0,0,
2026-09-19,16:34:42,2026-09-19T16:34:42,NO,0,0,
2026-09-19,16:34:42,2026-09-19T16:34:42,NO,0,0,
2026-09-19,16:34:43,2026-09-19T16:34:43,NO,0,0,
2026-09-19,16:34:43,2026-09-19T16:34:43,NO,0,0,
2026-09-19,16:34:44,2026-09-19T16:34:44,NO,0,0,
2026-09-19,16:34:44,2026-09-19T16:34:44,NO,0,0,
2026-09-19,16:34:45,2026-09-19T16:34:45,NO,0,0,
2026-09-19,16:34:46,2026-09-19T16:34:46,NO,0,0,
2026-09-19,16:34:46,2026-09-19T16:34:46,NO,0,0,
2026-09-19,16:34:47,2026-09-19T16:34:47,NO,0,0,
2026-09-19,16:34:47,2026-09-19T16:34:47,NO,0,0,
2026-09-19,16:34:48,2026-09-19T16:34:48,NO,0,0,
2026-09-19,16:34:48,2026-09-19T16:34:48,NO,0,0,
2026-09-19,16:34:49,2026-09-19T16:34:49,NO,0,0,
2026-09-19,16:34:49,2026-09-19T16:34:49,NO,0,0,
2026-09-19,16:34:50,2026-09-19T16:34:50,NO,0,0,
2026-09-19,16:34:50,2026-09-19T16:34:50,NO,0,0,
2026-09-19,16:34:52,2026-09-19T16:34:52,NO,0,0,
2026-09-19,16:34:52,2026-09-19T16:34:52,NO,0,0,
2026-09-19,16:34:53,2026-09-19T16:34:53,NO,0,0,
2026-09-19,16:34:53,2026-09-19T16:34:53,NO,0,0,
2026-09-19,16:34:54,2026-09-19T16:34:54,NO,0,0,
2026-09-19,16:34:54,2026-09-19T16:34:54,NO,0,0,
2026-09-19,16:34:55,2026-09-19T16:34:55,NO,0,0,
2026-09-19,16:34:55,2026-09-19T16:34:55,NO,0,0,
2026-09-19,16:34:56,2026-09-19T16:34:56,NO,0,0,
2026-09-19,16:34:57,2026-09-19T16:34:57,NO,0,0,
2026-09-19,16:34:57,2026-09-19T16:34:57,NO,0,0,
2026-09-19,16:34:58,2026-09-19T16:34:58,NO,0,0,
2026-09-19,16:34:58,2026-09-19T16:34:58,NO,0,0,
2026-09-19,16:34:59,2026-09-19T16:34:59,NO,0,0,
2026-09-19,16:34:59,2026-09-19T16:34:59,NO,0,0,
2026-09-19,16:35:00,2026-09-19T16:35:00,NO,0,0,
2026-09-19,16:35:00,2026-09-19T16:35:00,NO,0,0,
2026-09-19,16:35:01,2026-09-19T16:35:01,NO,0,0,
2026-09-19,16:35:01,2026-09-19T16:35:01,NO,0,0,
2026-09-19,16:35:02,2026-09-19T16:35:02,NO,0,0,
2026-09-19,16:35:03,2026-09-19T16:35:03,NO,0,0,
2026-09-19,16:35:03,2026-09-19T16:35:03,NO,0,0,
2026-09-19,16:35:04,2026-09-19T16:35:04,NO,0,0,
2026-09-19,16:35:05,2026-09-19T16:35:05,NO,0,0,
2026-09-19,16:35:05,2026-09-19T16:35:05,NO,0,0,
2026-09-19,16:35:06,2026-09-19T16:35:06,NO,0,0,
2026-09-19,16:35:06,2026-09-19T16:35:06,NO,0,0,
2026-09-19,16:35:07,2026-09-19T16:35:07,NO,0,0,
2026-09-19,16:35:07,2026-09-19T16:35:07,NO,0,0,
2026-09-19,16:35:08,2026-09-19T16:35:08,NO,0,0,
2026-09-19,16:35:08,2026-09-19T16:35:08,NO,0,0,
2026-09-19,16:35:09,2026-09-19T16:35:09,NO,0,0,
2026-09-19,16:35:10,2026-09-19T16:35:10,NO,0,0,
2026-09-19,16:35:10,2026-09-19T16:35:10,NO,0,0,
2026-09-19,16:35:11,2026-09-19T16:35:11,NO,0,0,
2026-09-19,16:35:11,2026-09-19T16:35:11,NO,0,0,
2026-09-19,16:35:12,2026-09-19T16:35:12,NO,0,0,
2026-09-19,16:35:12,2026-09-19T16:35:12,NO,0,0,
2026-09-19,16:35:13,2026-09-19T16:35:13,NO,0,0,
2026-09-19,16:35:13,2026-09-19T16:35:13,NO,0,0,
2026-09-19,16:35:14,2026-09-19T16:35:14,NO,0,0,
2026-09-19,16:35:14,2026-09-19T16:35:14,NO,0,0,
2026-09-19,16:35:15,2026-09-19T16:35:15,NO,0,0,
2026-09-19,16:35:16,2026-09-19T16:35:16,NO,0,0,
2026-09-19,16:35:16,2026-09-19T16:35:16,NO,0,0,
2026-09-19,16:35:17,2026-09-19T16:35:17,NO,0,0,
2026-09-19,16:35:17,2026-09-19T16:35:17,NO,0,0,
2026-09-19,16:35:18,2026-09-19T16:35:18,NO,0,0,
2026-09-19,16:35:18,2026-09-19T16:35:18,NO,0,0,
2026-09-19,16:35:19,2026-09-19T16:35:19,NO,0,0,
2026-09-19,16:35:20,2026-09-19T16:35:20,NO,0,0,
2026-09-19,16:35:20,2026-09-19T16:35:20,NO,0,0,
2026-09-19,16:35:21,2026-09-19T16:35:21,NO,0,0,
2026-09-19,16:35:22,2026-09-19T16:35:22,NO,0,0,
2026-09-19,16:35:22,2026-09-19T16:35:22,NO,0,0,
2026-09-19,16:35:23,2026-09-19T16:35:23,NO,0,0,
2026-09-19,16:35:23,2026-09-19T16:35:23,NO,0,0,
2026-09-19,16:35:24,2026-09-19T16:35:24,NO,0,0,
2026-09-19,16:35:24,2026-09-19T16:35:24,NO,0,0,
2026-09-19,16:35:25,2026-09-19T16:35:25,NO,0,0,
2026-09-19,16:35:25,2026-09-19T16:35:25,NO,0,0,
2026-09-19,16:35:26,2026-09-19T16:35:26,NO,0,0,
2026-09-19,16:35:26,2026-09-19T16:35:26,NO,0,0,
2026-09-19,16:35:27,2026-09-19T16:35:27,NO,0,0,
2026-09-19,16:35:28,2026-09-19T16:35:28,NO,0,0,
2026-09-19,16:35:28,2026-09-19T16:35:28,NO,0,0,
2026-09-19,16:35:29,2026-09-19T16:35:29,NO,0,0,
2026-09-19,16:35:29,2026-09-19T16:35:29,NO,0,0,
2026-09-19,16:35:30,2026-09-19T16:35:30,NO,0,0,
2026-09-19,16:35:31,2026-09-19T16:35:31,NO,0,0,
2026-09-19,16:35:31,2026-09-19T16:35:31,NO,0,0,
2026-09-19,16:35:32,2026-09-19T16:35:32,NO,0,0,
2026-09-19,16:35:33,2026-09-19T16:35:33,NO,0,0,
2026-09-19,16:35:33,2026-09-19T16:35:33,NO,0,0,
2026-09-19,16:35:34,2026-09-19T16:35:34,NO,0,0,
2026-09-19,16:35:34,2026-09-19T16:35:34,NO,0,0,
2026-09-19,16:35:35,2026-09-19T16:35:35,NO,0,0,
2026-09-19,16:35:35,2026-09-19T16:35:35,NO,0,0,
2026-09-19,16:35:36,2026-09-19T16:35:36,NO,0,0,
2026-09-19,16:35:37,2026-09-19T16:35:37,NO,0,0,
2026-09-19,16:35:37,2026-09-19T16:35:37,NO,0,0,
2026-09-19,16:35:38,2026-09-19T16:35:38,NO,0,0,
2026-09-19,16:35:38,2026-09-19T16:35:38,NO,0,0,
2026-09-19,16:35:39,2026-09-19T16:35:39,NO,0,0,
2026-09-19,16:35:39,2026-09-19T16:35:39,NO,0,0,
2026-09-19,16:35:41,2026-09-19T16:35:41,NO,0,0,
2026-09-19,16:35:41,2026-09-19T16:35:41,NO,0,0,
2026-09-19,16:35:42,2026-09-19T16:35:42,NO,0,0,
2026-09-19,16:35:42,2026-09-19T16:35:42,NO,0,0,
2026-09-19,16:35:43,2026-09-19T16:35:43,NO,0,0,
2026-09-19,16:35:43,2026-09-19T16:35:43,NO,0,0,
2026-09-19,16:35:44,2026-09-19T16:35:44,NO,0,0,
2026-09-19,16:35:44,2026-09-19T16:35:44,NO,0,0,
2026-09-19,16:35:45,2026-09-19T16:35:45,NO,0,0,
2026-09-19,16:35:46,2026-09-19T16:35:46,NO,0,0,
2026-09-19,16:35:47,2026-09-19T16:35:47,NO,0,0,
2026-09-19,16:35:47,2026-09-19T16:35:47,NO,0,0,
2026-09-19,16:35:48,2026-09-19T16:35:48,NO,0,0,
2026-09-19,16:35:48,2026-09-19T16:35:48,NO,0,0,
2026-09-19,16:35:49,2026-09-19T16:35:49,NO,0,0,
2026-09-19,16:35:49,2026-09-19T16:35:49,NO,0,0,
2026-09-19,16:35:50,2026-09-19T16:35:50,NO,0,0,
2026-09-19,16:35:51,2026-09-19T16:35:51,NO,0,0,
2026-09-19,16:35:51,2026-09-19T16:35:51,NO,0,0,
2026-09-19,16:35:52,2026-09-19T16:35:52,NO,0,0,
2026-09-19,16:35:52,2026-09-19T16:35:52,NO,0,0,
2026-09-19,16:35:53,2026-09-19T16:35:53,NO,0,0,
2026-09-19,16:35:53,2026-09-19T16:35:53,NO,0,0,
2026-09-19,16:35:54,2026-09-19T16:35:54,NO,0,0,
2026-09-19,16:35:54,2026-09-19T16:35:54,NO,0,0,
2026-09-19,16:35:55,2026-09-19T16:35:55,NO,0,0,
2026-09-19,16:35:55,2026-09-19T16:35:55,NO,0,0,
2026-09-19,16:35:56,2026-09-19T16:35:56,NO,0,0,
2026-09-19,16:35:57,2026-09-19T16:35:57,NO,0,0,
2026-09-19,16:35:58,2026-09-19T16:35:58,NO,0,0,
2026-09-19,16:35:58,2026-09-19T16:35:58,NO,0,0,
2026-09-19,16:35:59,2026-09-19T16:35:59,NO,0,0,
2026-09-19,16:35:59,2026-09-19T16:35:59,NO,0,0,
2026-09-19,16:36:00,2026-09-19T16:36:00,NO,0,0,
2026-09-19,16:36:00,2026-09-19T16:36:00,NO,0,0,
2026-09-19,16:36:01,2026-09-19T16:36:01,NO,0,0,
2026-09-19,16:36:01,2026-09-19T16:36:01,NO,0,0,
2026-09-19,16:36:02,2026-09-19T16:36:02,NO,0,0,
2026-09-19,16:36:03,2026-09-19T16:36:03,NO,0,0,
2026-09-19,16:36:03,2026-09-19T16:36:03,NO,0,0,
2026-09-19,16:36:04,2026-09-19T16:36:04,NO,0,0,
2026-09-19,16:36:04,2026-09-19T16:36:04,NO,0,0,
2026-09-19,16:36:05,2026-09-19T16:36:05,NO,0,0,
2026-09-19,16:36:05,2026-09-19T16:36:05,NO,0,0,
2026-09-19,16:36:06,2026-09-19T16:36:06,NO,0,0,
2026-09-19,16:36:06,2026-09-19T16:36:06,NO,0,0,
2026-09-19,16:36:07,2026-09-19T16:36:07,NO,0,0,
2026-09-19,16:36:07,2026-09-19T16:36:07,NO,0,0,
2026-09-19,16:36:08,2026-09-19T16:36:08,NO,0,0,
2026-09-19,16:36:09,2026-09-19T16:36:09,NO,0,0,
2026-09-19,16:36:10,2026-09-19T16:36:10,NO,0,0,
2026-09-19,16:36:10,2026-09-19T16:36:10,NO,0,0,
2026-09-19,16:36:11,2026-09-19T16:36:11,NO,0,0,
2026-09-19,16:36:11,2026-09-19T16:36:11,NO,0,0,
2026-09-19,16:36:12,2026-09-19T16:36:12,NO,0,0,
2026-09-19,16:36:12,2026-09-19T16:36:12,NO,0,0,
2026-09-19,16:36:13,2026-09-19T16:36:13,NO,0,0,
2026-09-19,16:36:13,2026-09-19T16:36:13,NO,0,0,
2026-09-19,16:36:14,2026-09-19T16:36:14,NO,0,0,
2026-09-19,16:36:15,2026-09-19T16:36:15,NO,0,0,
2026-09-19,16:36:15,2026-09-19T16:36:15,NO,0,0,
2026-09-19,16:36:16,2026-09-19T16:36:16,NO,0,0,
2026-09-19,16:36:16,2026-09-19T16:36:16,NO,0,0,
2026-09-19,16:36:17,2026-09-19T16:36:17,NO,0,0,
2026-09-19,16:36:17,2026-09-19T16:36:17,NO,0,0,
2026-09-19,16:36:18,2026-09-19T16:36:18,NO,0,0,
2026-09-19,16:36:19,2026-09-19T16:36:19,NO,0,0,
2026-09-19,16:36:19,2026-09-19T16:36:19,NO,0,0,
2026-09-19,16:36:20,2026-09-19T16:36:20,NO,0,0,
2026-09-19,16:36:21,2026-09-19T16:36:21,NO,0,0,
2026-09-19,16:36:21,2026-09-19T16:36:21,NO,0,0,
2026-09-19,16:36:22,2026-09-19T16:36:22,NO,0,0,
2026-09-19,16:36:22,2026-09-19T16:36:22,NO,0,0,
2026-09-19,16:36:23,2026-09-19T16:36:23,NO,0,0,
2026-09-19,16:36:23,2026-09-19T16:36:23,NO,0,0,
2026-09-19,16:36:24,2026-09-19T16:36:24,NO,0,0,
2026-09-19,16:36:25,2026-09-19T16:36:25,NO,0,0,
2026-09-19,16:36:25,2026-09-19T16:36:25,NO,0,0,
2026-09-19,16:36:26,2026-09-19T16:36:26,NO,0,0,
2026-09-19,16:36:26,2026-09-19T16:36:26,NO,0,0,
2026-09-19,16:36:27,2026-09-19T16:36:27,NO,0,0,
2026-09-19,16:36:27,2026-09-19T16:36:27,NO,0,0,
2026-09-19,16:36:28,2026-09-19T16:36:28,NO,0,0,
2026-09-19,16:36:28,2026-09-19T16:36:28,NO,0,0,
2026-09-19,16:36:30,2026-09-19T16:36:30,NO,0,0,
2026-09-19,16:36:30,2026-09-19T16:36:30,NO,0,0,
2026-09-19,16:36:31,2026-09-19T16:36:31,NO,0,0,
2026-09-19,16:36:31,2026-09-19T16:36:31,NO,0,0,
2026-09-19,16:36:32,2026-09-19T16:36:32,NO,0,0,
2026-09-19,16:36:32,2026-09-19T16:36:32,NO,0,0,
2026-09-19,16:36:33,2026-09-19T16:36:33,NO,0,0,
2026-09-19,16:36:33,2026-09-19T16:36:33,NO,0,0,
2026-09-19,16:36:34,2026-09-19T16:36:34,NO,0,0,
2026-09-19,16:36:34,2026-09-19T16:36:34,NO,0,0,
2026-09-19,16:36:35,2026-09-19T16:36:35,NO,0,0,
2026-09-19,16:36:36,2026-09-19T16:36:36,NO,0,0,
2026-09-19,16:36:36,2026-09-19T16:36:36,NO,0,0,
2026-09-19,16:36:37,2026-09-19T16:36:37,NO,0,0,
2026-09-19,16:36:37,2026-09-19T16:36:37,NO,0,0,
2026-09-19,16:36:38,2026-09-19T16:36:38,NO,0,0,
2026-09-19,16:36:38,2026-09-19T16:36:38,NO,0,0,
2026-09-19,16:36:39,2026-09-19T16:36:39,NO,0,0,
2026-09-19,16:36:39,2026-09-19T16:36:39,NO,0,0,
2026-09-19,16:36:40,2026-09-19T16:36:40,NO,0,0,
2026-09-19,16:36:40,2026-09-19T16:36:40,NO,0,0,
2026-09-19,16:36:41,2026-09-19T16:36:41,NO,0,0,
2026-09-19,16:36:42,2026-09-19T16:36:42,NO,0,0,
2026-09-19,16:36:43,2026-09-19T16:36:43,NO,0,0,
2026-09-19,16:36:43,2026-09-19T16:36:43,NO,0,0,
2026-09-19,16:36:44,2026-09-19T16:36:44,NO,0,0,
2026-09-19,16:36:44,2026-09-19T16:36:44,NO,0,0,
2026-09-19,16:36:45,2026-09-19T16:36:45,NO,0,0,
2026-09-19,16:36:45,2026-09-19T16:36:45,NO,0,0,
2026-09-19,16:36:46,2026-09-19T16:36:46,NO,0,0,
2026-09-19,16:36:47,2026-09-19T16:36:47,NO,0,0,
2026-09-19,16:36:47,2026-09-19T16:36:47,NO,0,0,
2026-09-19,16:36:48,2026-09-19T16:36:48,NO,0,0,
2026-09-19,16:36:48,2026-09-19T16:36:48,NO,0,0,
2026-09-19,16:36:49,2026-09-19T16:36:49,NO,0,0,
2026-09-19,16:36:49,2026-09-19T16:36:49,NO,0,0,
2026-09-19,16:36:50,2026-09-19T16:36:50,NO,0,0,
2026-09-19,16:36:50,2026-09-19T16:36:50,NO,0,0,
2026-09-19,16:36:51,2026-09-19T16:36:51,NO,0,0,
2026-09-19,16:36:51,2026-09-19T16:36:51,NO,0,0,
2026-09-19,16:36:53,2026-09-19T16:36:53,NO,0,0,
2026-09-19,16:36:53,2026-09-19T16:36:53,NO,0,0,
2026-09-19,16:36:54,2026-09-19T16:36:54,NO,0,0,
2026-09-19,16:36:54,2026-09-19T16:36:54,NO,0,0,
2026-09-19,16:36:55,2026-09-19T16:36:55,NO,0,0,
2026-09-19,16:36:55,2026-09-19T16:36:55,NO,0,0,
2026-09-19,16:36:56,2026-09-19T16:36:56,NO,0,0,
2026-09-19,16:36:57,2026-09-19T16:36:57,NO,0,0,
2026-09-19,16:36:57,2026-09-19T16:36:57,NO,0,0,
2026-09-19,16:36:58,2026-09-19T16:36:58,NO,0,0,
2026-09-19,16:36:58,2026-09-19T16:36:58,NO,0,0,
2026-09-19,16:36:59,2026-09-19T16:36:59,NO,0,0,
2026-09-19,16:36:59,2026-09-19T16:36:59,NO,0,0,
2026-09-19,16:37:00,2026-09-19T16:37:00,NO,0,0,
2026-09-19,16:37:00,2026-09-19T16:37:00,NO,0,0,
2026-09-19,16:37:01,2026-09-19T16:37:01,NO,0,0,
2026-09-19,16:37:01,2026-09-19T16:37:01,NO,0,0,
2026-09-19,16:37:02,2026-09-19T16:37:02,NO,0,0,
2026-09-19,16:37:03,2026-09-19T16:37:03,NO,0,0,
2026-09-19,16:37:04,2026-09-19T16:37:04,NO,0,0,
2026-09-19,16:37:04,2026-09-19T16:37:04,NO,0,0,
2026-09-19,16:37:05,2026-09-19T16:37:05,NO,0,0,
2026-09-19,16:37:05,2026-09-19T16:37:05,NO,0,0,
2026-09-19,16:37:06,2026-09-19T16:37:06,NO,0,0,
2026-09-19,16:37:06,2026-09-19T16:37:06,NO,0,0,
2026-09-19,16:37:07,2026-09-19T16:37:07,NO,0,0,
2026-09-19,16:37:07,2026-09-19T16:37:07,NO,0,0,
2026-09-19,16:37:08,2026-09-19T16:37:08,NO,0,0,
2026-09-19,16:37:09,2026-09-19T16:37:09,NO,0,0,
2026-09-19,16:37:09,2026-09-19T16:37:09,NO,0,0,
2026-09-19,16:37:10,2026-09-19T16:37:10,NO,0,0,
2026-09-19,16:37:10,2026-09-19T16:37:10,NO,0,0,
2026-09-19,16:37:11,2026-09-19T16:37:11,NO,0,0,
2026-09-19,16:37:11,2026-09-19T16:37:11,NO,0,0,
2026-09-19,16:37:12,2026-09-19T16:37:12,NO,0,0,
2026-09-19,16:37:12,2026-09-19T16:37:12,NO,0,0,
2026-09-19,16:37:13,2026-09-19T16:37:13,NO,0,0,
2026-09-19,16:37:14,2026-09-19T16:37:14,NO,0,0,
2026-09-19,16:37:14,2026-09-19T16:37:14,NO,0,0,
2026-09-19,16:37:15,2026-09-19T16:37:15,NO,0,0,
2026-09-19,16:37:16,2026-09-19T16:37:16,NO,0,0,
2026-09-19,16:37:16,2026-09-19T16:37:16,NO,0,0,
2026-09-19,16:37:17,2026-09-19T16:37:17,NO,0,0,
2026-09-19,16:37:17,2026-09-19T16:37:17,NO,0,0,
2026-09-19,16:37:18,2026-09-19T16:37:18,NO,0,0,
2026-09-19,16:37:18,2026-09-19T16:37:18,NO,0,0,
2026-09-19,16:37:19,2026-09-19T16:37:19,NO,0,0,
2026-09-19,16:37:20,2026-09-19T16:37:20,NO,0,0,
2026-09-19,16:37:20,2026-09-19T16:37:20,NO,0,0,
2026-09-19,16:37:21,2026-09-19T16:37:21,NO,0,0,
2026-09-19,16:37:21,2026-09-19T16:37:21,NO,0,0,
2026-09-19,16:37:22,2026-09-19T16:37:22,NO,0,0,
2026-09-19,16:37:22,2026-09-19T16:37:22,NO,0,0,
2026-09-19,16:37:23,2026-09-19T16:37:23,NO,0,0,
2026-09-19,16:37:23,2026-09-19T16:37:23,NO,0,0,
2026-09-19,16:37:24,2026-09-19T16:37:24,NO,0,0,
2026-09-19,16:37:24,2026-09-19T16:37:24,NO,0,0,
2026-09-19,16:37:25,2026-09-19T16:37:25,NO,0,0,
2026-09-19,16:37:26,2026-09-19T16:37:26,NO,0,0,
2026-09-19,16:37:26,2026-09-19T16:37:26,NO,0,0,
2026-09-19,16:37:27,2026-09-19T16:37:27,NO,0,0,
2026-09-19,16:37:27,2026-09-19T16:37:27,NO,0,0,
2026-09-19,16:37:28,2026-09-19T16:37:28,NO,0,0,
2026-09-19,16:37:28,2026-09-19T16:37:28,NO,0,0,
2026-09-19,16:37:29,2026-09-19T16:37:29,NO,0,0,
2026-09-19,16:37:29,2026-09-19T16:37:29,NO,0,0,
2026-09-19,16:37:30,2026-09-19T16:37:30,NO,0,0,
2026-09-19,16:37:31,2026-09-19T16:37:31,NO,0,0,
2026-09-19,16:37:32,2026-09-19T16:37:32,NO,0,0,
2026-09-19,16:37:32,2026-09-19T16:37:32,NO,0,0,
2026-09-19,16:37:33,2026-09-19T16:37:33,NO,0,0,
2026-09-19,16:37:33,2026-09-19T16:37:33,NO,0,0,
2026-09-19,16:37:34,2026-09-19T16:37:34,NO,0,0,
2026-09-19,16:37:34,2026-09-19T16:37:34,NO,0,0,
2026-09-19,16:37:35,2026-09-19T16:37:35,NO,0,0,
2026-09-19,16:37:36,2026-09-19T16:37:36,NO,0,0,
2026-09-19,16:37:36,2026-09-19T16:37:36,NO,0,0,
2026-09-19,16:37:37,2026-09-19T16:37:37,NO,0,0,
2026-09-19,16:37:37,2026-09-19T16:37:37,NO,0,0,
2026-09-19,16:37:38,2026-09-19T16:37:38,NO,0,0,
2026-09-19,16:37:38,2026-09-19T16:37:38,NO,0,0,
2026-09-19,16:37:39,2026-09-19T16:37:39,NO,0,0,
2026-09-19,16:37:40,2026-09-19T16:37:40,NO,0,0,
2026-09-19,16:37:41,2026-09-19T16:37:41,NO,0,0,
2026-09-19,16:37:41,2026-09-19T16:37:41,NO,0,0,
2026-09-19,16:37:42,2026-09-19T16:37:42,NO,0,0,
2026-09-19,16:37:42,2026-09-19T16:37:42,NO,0,0,
2026-09-19,16:37:43,2026-09-19T16:37:43,NO,0,0,
2026-09-19,16:37:44,2026-09-19T16:37:44,NO,0,0,
2026-09-19,16:37:44,2026-09-19T16:37:44,NO,0,0,
2026-09-19,16:37:45,2026-09-19T16:37:45,NO,0,0,
2026-09-19,16:37:45,2026-09-19T16:37:45,NO,0,0,
2026-09-19,16:37:46,2026-09-19T16:37:46,NO,0,0,
2026-09-19,16:37:46,2026-09-19T16:37:46,NO,0,0,
2026-09-19,16:37:47,2026-09-19T16:37:47,NO,0,0,
2026-09-19,16:37:47,2026-09-19T16:37:47,NO,0,0,
2026-09-19,16:37:48,2026-09-19T16:37:48,NO,0,0,
2026-09-19,16:37:48,2026-09-19T16:37:48,NO,0,0,
2026-09-19,16:37:49,2026-09-19T16:37:49,NO,0,0,
2026-09-19,16:37:50,2026-09-19T16:37:50,NO,0,0,
2026-09-19,16:37:50,2026-09-19T16:37:50,NO,0,0,
2026-09-19,16:37:51,2026-09-19T16:37:51,NO,0,0,
2026-09-19,16:37:52,2026-09-19T16:37:52,NO,0,0,
2026-09-19,16:37:52,2026-09-19T16:37:52,NO,0,0,
2026-09-19,16:37:53,2026-09-19T16:37:53,NO,0,0,
2026-09-19,16:37:53,2026-09-19T16:37:53,NO,0,0,
2026-09-19,16:37:54,2026-09-19T16:37:54,NO,0,0,
2026-09-19,16:37:54,2026-09-19T16:37:54,NO,0,0,
2026-09-19,16:37:55,2026-09-19T16:37:55,NO,0,0,
2026-09-19,16:37:56,2026-09-19T16:37:56,NO,0,0,
2026-09-19,16:37:56,2026-09-19T16:37:56,NO,0,0,
2026-09-19,16:37:57,2026-09-19T16:37:57,NO,0,0,
2026-09-19,16:37:57,2026-09-19T16:37:57,NO,0,0,
2026-09-19,16:37:58,2026-09-19T16:37:58,NO,0,0,
2026-09-19,16:37:58,2026-09-19T16:37:58,NO,0,0,
2026-09-19,16:37:59,2026-09-19T16:37:59,NO,0,0,
2026-09-19,16:37:59,2026-09-19T16:37:59,NO,0,0,
2026-09-19,16:38:00,2026-09-19T16:38:00,NO,0,0,
2026-09-19,16:38:00,2026-09-19T16:38:00,NO,0,0,
2026-09-19,16:38:01,2026-09-19T16:38:01,NO,0,0,
2026-09-19,16:38:01,2026-09-19T16:38:01,NO,0,0,
2026-09-19,16:38:02,2026-09-19T16:38:02,NO,0,0,
2026-09-19,16:38:03,2026-09-19T16:38:03,NO,0,0,
2026-09-19,16:38:03,2026-09-19T16:38:03,NO,0,0,
2026-09-19,16:38:04,2026-09-19T16:38:04,NO,0,0,
2026-09-19,16:38:05,2026-09-19T16:38:05,NO,0,0,
2026-09-19,16:38:05,2026-09-19T16:38:05,NO,0,0,
2026-09-19,16:38:06,2026-09-19T16:38:06,NO,0,0,
2026-09-19,16:38:06,2026-09-19T16:38:06,NO,0,0,
2026-09-19,16:38:07,2026-09-19T16:38:07,NO,0,0,
2026-09-19,16:38:07,2026-09-19T16:38:07,NO,0,0,
2026-09-19,16:38:08,2026-09-19T16:38:08,NO,0,0,
2026-09-19,16:38:09,2026-09-19T16:38:09,NO,0,0,
2026-09-19,16:38:09,2026-09-19T16:38:09,NO,0,0,
2026-09-19,16:38:10,2026-09-19T16:38:10,NO,0,0,
2026-09-19,16:38:10,2026-09-19T16:38:10,NO,0,0,
2026-09-19,16:38:11,2026-09-19T16:38:11,NO,0,0,
2026-09-19,16:38:11,2026-09-19T16:38:11,NO,0,0,
2026-09-19,16:38:12,2026-09-19T16:38:12,NO,0,0,
2026-09-19,16:38:12,2026-09-19T16:38:12,NO,0,0,
2026-09-19,16:38:13,2026-09-19T16:38:13,NO,0,0,
2026-09-19,16:38:13,2026-09-19T16:38:13,NO,0,0,
2026-09-19,16:38:14,2026-09-19T16:38:14,NO,0,0,
2026-09-19,16:38:15,2026-09-19T16:38:15,NO,0,0,
2026-09-19,16:38:15,2026-09-19T16:38:15,NO,0,0,
2026-09-19,16:38:16,2026-09-19T16:38:16,NO,0,0,
2026-09-19,16:38:16,2026-09-19T16:38:16,NO,0,0,
2026-09-19,16:38:17,2026-09-19T16:38:17,NO,0,0,
2026-09-19,16:38:17,2026-09-19T16:38:17,NO,0,0,
2026-09-19,16:38:18,2026-09-19T16:38:18,NO,0,0,
2026-09-19,16:38:19,2026-09-19T16:38:19,NO,0,0,
2026-09-19,16:38:20,2026-09-19T16:38:20,NO,0,0,
2026-09-19,16:38:20,2026-09-19T16:38:20,NO,0,0,
2026-09-19,16:38:21,2026-09-19T16:38:21,NO,0,0,
2026-09-19,16:38:21,2026-09-19T16:38:21,NO,0,0,
2026-09-19,16:38:22,2026-09-19T16:38:22,NO,0,0,
2026-09-19,16:38:22,2026-09-19T16:38:22,NO,0,0,
2026-09-19,16:38:23,2026-09-19T16:38:23,NO,0,0,
2026-09-19,16:38:23,2026-09-19T16:38:23,NO,0,0,
2026-09-19,16:38:24,2026-09-19T16:38:24,NO,0,0,
2026-09-19,16:38:24,2026-09-19T16:38:24,NO,0,0,
2026-09-19,16:38:25,2026-09-19T16:38:25,NO,0,0,
2026-09-19,16:38:26,2026-09-19T16:38:26,NO,0,0,
2026-09-19,16:38:26,2026-09-19T16:38:26,NO,0,0,
2026-09-19,16:38:27,2026-09-19T16:38:27,NO,0,0,
2026-09-19,16:38:27,2026-09-19T16:38:27,NO,0,0,
2026-09-19,16:38:28,2026-09-19T16:38:28,NO,0,0,
2026-09-19,16:38:29,2026-09-19T16:38:29,NO,0,0,
2026-09-19,16:38:29,2026-09-19T16:38:29,NO,0,0,
2026-09-19,16:38:30,2026-09-19T16:38:30,NO,0,0,
2026-09-19,16:38:31,2026-09-19T16:38:31,NO,0,0,
2026-09-19,16:38:31,2026-09-19T16:38:31,NO,0,0,
2026-09-19,16:38:32,2026-09-19T16:38:32,NO,0,0,
2026-09-19,16:38:32,2026-09-19T16:38:32,NO,0,0,
2026-09-19,16:38:33,2026-09-19T16:38:33,NO,0,0,
2026-09-19,16:38:33,2026-09-19T16:38:33,NO,0,0,
2026-09-19,16:38:34,2026-09-19T16:38:34,NO,0,0,
2026-09-19,16:38:34,2026-09-19T16:38:34,NO,0,0,
2026-09-19,16:38:35,2026-09-19T16:38:35,NO,0,0,
2026-09-19,16:38:35,2026-09-19T16:38:35,NO,0,0,
2026-09-19,16:38:36,2026-09-19T16:38:36,NO,0,0,
2026-09-19,16:38:37,2026-09-19T16:38:37,NO,0,0,
2026-09-19,16:38:38,2026-09-19T16:38:38,NO,0,0,
2026-09-19,16:38:38,2026-09-19T16:38:38,NO,0,0,
2026-09-19,16:38:39,2026-09-19T16:38:39,NO,0,0,
2026-09-19,16:38:39,2026-09-19T16:38:39,NO,0,0,
2026-09-19,16:38:40,2026-09-19T16:38:40,NO,0,0,
2026-09-19,16:38:40,2026-09-19T16:38:40,NO,0,0,
2026-09-19,16:38:41,2026-09-19T16:38:41,NO,0,0,
2026-09-19,16:38:41,2026-09-19T16:38:41,NO,0,0,
2026-09-19,16:38:42,2026-09-19T16:38:42,NO,0,0,
2026-09-19,16:38:43,2026-09-19T16:38:43,NO,0,0,
2026-09-19,16:38:43,2026-09-19T16:38:43,NO,0,0,
2026-09-19,16:38:44,2026-09-19T16:38:44,NO,0,0,
2026-09-19,16:38:44,2026-09-19T16:38:44,NO,0,0,
2026-09-19,16:38:45,2026-09-19T16:38:45,NO,0,0,
2026-09-19,16:38:46,2026-09-19T16:38:46,NO,0,0,
2026-09-19,16:38:46,2026-09-19T16:38:46,NO,0,0,
2026-09-19,16:38:47,2026-09-19T16:38:47,NO,0,0,
2026-09-19,16:38:47,2026-09-19T16:38:47,NO,0,0,
2026-09-19,16:38:48,2026-09-19T16:38:48,NO,0,0,
2026-09-19,16:38:49,2026-09-19T16:38:49,NO,0,0,
2026-09-19,16:38:49,2026-09-19T16:38:49,NO,0,0,
2026-09-19,16:38:50,2026-09-19T16:38:50,NO,0,0,
2026-09-19,16:38:50,2026-09-19T16:38:50,NO,0,0,
2026-09-19,16:38:51,2026-09-19T16:38:51,NO,0,0,
2026-09-19,16:38:51,2026-09-19T16:38:51,NO,0,0,
2026-09-19,16:38:52,2026-09-19T16:38:52,NO,0,0,
2026-09-19,16:38:52,2026-09-19T16:38:52,NO,0,0,
2026-09-19,16:38:53,2026-09-19T16:38:53,NO,0,0,
2026-09-19,16:38:53,2026-09-19T16:38:53,NO,0,0,
2026-09-19,16:38:54,2026-09-19T16:38:54,NO,0,0,
2026-09-19,16:38:55,2026-09-19T16:38:55,NO,0,0,
2026-09-19,16:38:55,2026-09-19T16:38:55,NO,0,0,
2026-09-19,16:38:56,2026-09-19T16:38:56,NO,0,0,
2026-09-19,16:38:57,2026-09-19T16:38:57,NO,0,0,
2026-09-19,16:38:57,2026-09-19T16:38:57,NO,0,0,
2026-09-19,16:38:58,2026-09-19T16:38:58,NO,0,0,
2026-09-19,16:38:58,2026-09-19T16:38:58,NO,0,0,
2026-09-19,16:38:59,2026-09-19T16:38:59,NO,0,0,
2026-09-19,16:39:00,2026-09-19T16:39:00,NO,0,0,
2026-09-19,16:39:00,2026-09-19T16:39:00,NO,0,0,
2026-09-19,16:39:01,2026-09-19T16:39:01,NO,0,0,
2026-09-19,16:39:01,2026-09-19T16:39:01,NO,0,0,
2026-09-19,16:39:02,2026-09-19T16:39:02,NO,0,0,
2026-09-19,16:39:02,2026-09-19T16:39:02,NO,0,0,
2026-09-19,16:39:03,2026-09-19T16:39:03,NO,0,0,
2026-09-19,16:39:03,2026-09-19T16:39:03,NO,0,0,
2026-09-19,16:39:04,2026-09-19T16:39:04,NO,0,0,
2026-09-19,16:39:04,2026-09-19T16:39:04,NO,0,0,
2026-09-19,16:39:05,2026-09-19T16:39:05,NO,0,0,
2026-09-19,16:39:06,2026-09-19T16:39:06,NO,0,0,
2026-09-19,16:39:07,2026-09-19T16:39:07,NO,0,0,
2026-09-19,16:39:07,2026-09-19T16:39:07,NO,0,0,
2026-09-19,16:39:08,2026-09-19T16:39:08,NO,0,0,
2026-09-19,16:39:08,2026-09-19T16:39:08,NO,0,0,
2026-09-19,16:39:09,2026-09-19T16:39:09,NO,0,0,
2026-09-19,16:39:09,2026-09-19T16:39:09,NO,0,0,
2026-09-19,16:39:10,2026-09-19T16:39:10,NO,0,0,
2026-09-19,16:39:10,2026-09-19T16:39:10,NO,0,0,
2026-09-19,16:39:11,2026-09-19T16:39:11,NO,0,0,
2026-09-19,16:39:12,2026-09-19T16:39:12,NO,0,0,
2026-09-19,16:39:12,2026-09-19T16:39:12,NO,0,0,
2026-09-19,16:39:13,2026-09-19T16:39:13,NO,0,0,
2026-09-19,16:39:13,2026-09-19T16:39:13,NO,0,0,
2026-09-19,16:39:14,2026-09-19T16:39:14,NO,0,0,
2026-09-19,16:39:15,2026-09-19T16:39:15,NO,0,0,
2026-09-19,16:39:15,2026-09-19T16:39:15,NO,0,0,
2026-09-19,16:39:16,2026-09-19T16:39:16,NO,0,0,
2026-09-19,16:39:17,2026-09-19T16:39:17,NO,0,0,
2026-09-19,16:39:17,2026-09-19T16:39:17,NO,0,0,
2026-09-19,16:39:18,2026-09-19T16:39:18,NO,0,0,
2026-09-19,16:39:18,2026-09-19T16:39:18,NO,0,0,
2026-09-19,16:39:19,2026-09-19T16:39:19,NO,0,0,
2026-09-19,16:39:19,2026-09-19T16:39:19,NO,0,0,
2026-09-19,16:39:20,2026-09-19T16:39:20,NO,0,0,
2026-09-19,16:39:20,2026-09-19T16:39:20,NO,0,0,
2026-09-19,16:39:21,2026-09-19T16:39:21,NO,0,0,
2026-09-19,16:39:21,2026-09-19T16:39:21,NO,0,0,
2026-09-19,16:39:22,2026-09-19T16:39:22,NO,0,0,
2026-09-19,16:39:23,2026-09-19T16:39:23,NO,0,0,
2026-09-19,16:39:23,2026-09-19T16:39:23,NO,0,0,
2026-09-19,16:39:24,2026-09-19T16:39:24,NO,0,0,
2026-09-19,16:39:25,2026-09-19T16:39:25,NO,0,0,
2026-09-19,16:39:25,2026-09-19T16:39:25,NO,0,0,
2026-09-19,16:39:26,2026-09-19T16:39:26,NO,0,0,
2026-09-19,16:39:26,2026-09-19T16:39:26,NO,0,0,
2026-09-19,16:39:27,2026-09-19T16:39:27,NO,0,0,
2026-09-19,16:39:27,2026-09-19T16:39:27,NO,0,0,
2026-09-19,16:39:28,2026-09-19T16:39:28,NO,0,0,
2026-09-19,16:39:29,2026-09-19T16:39:29,NO,0,0,
2026-09-19,16:39:29,2026-09-19T16:39:29,NO,0,0,
2026-09-19,16:39:30,2026-09-19T16:39:30,NO,0,0,
2026-09-19,16:39:30,2026-09-19T16:39:30,NO,0,0,
2026-09-19,16:39:31,2026-09-19T16:39:31,NO,0,0,
2026-09-19,16:39:31,2026-09-19T16:39:31,NO,0,0,
2026-09-19,16:39:32,2026-09-19T16:39:32,NO,0,0,
2026-09-19,16:39:33,2026-09-19T16:39:33,NO,0,0,
2026-09-19,16:39:33,2026-09-19T16:39:33,NO,0,0,
2026-09-19,16:39:34,2026-09-19T16:39:34,NO,0,0,
2026-09-19,16:39:35,2026-09-19T16:39:35,NO,0,0,
2026-09-19,16:39:35,2026-09-19T16:39:35,NO,0,0,
2026-09-19,16:39:36,2026-09-19T16:39:36,NO,0,0,
2026-09-19,16:39:36,2026-09-19T16:39:36,NO,0,0,
2026-09-19,16:39:37,2026-09-19T16:39:37,NO,0,0,
2026-09-19,16:39:37,2026-09-19T16:39:37,NO,0,0,
2026-09-19,16:39:38,2026-09-19T16:39:38,NO,0,0,
2026-09-19,16:39:39,2026-09-19T16:39:39,NO,0,0,
2026-09-19,16:39:39,2026-09-19T16:39:39,NO,0,0,
2026-09-19,16:39:40,2026-09-19T16:39:40,NO,0,0,
2026-09-19,16:39:41,2026-09-19T16:39:41,NO,0,0,
2026-09-19,16:39:41,2026-09-19T16:39:41,NO,0,0,
2026-09-19,16:39:42,2026-09-19T16:39:42,NO,0,0,
2026-09-19,16:39:42,2026-09-19T16:39:42,NO,0,0,
2026-09-19,16:39:43,2026-09-19T16:39:43,NO,0,0,
2026-09-19,16:39:44,2026-09-19T16:39:44,NO,0,0,
2026-09-19,16:39:44,2026-09-19T16:39:44,NO,0,0,
2026-09-19,16:39:45,2026-09-19T16:39:45,NO,0,0,
2026-09-19,16:39:45,2026-09-19T16:39:45,NO,0,0,
2026-09-19,16:39:46,2026-09-19T16:39:46,NO,0,0,
2026-09-19,16:39:46,2026-09-19T16:39:46,NO,0,0,
2026-09-19,16:39:47,2026-09-19T16:39:47,NO,0,0,
2026-09-19,16:39:47,2026-09-19T16:39:47,NO,0,0,
2026-09-19,16:39:48,2026-09-19T16:39:48,NO,0,0,
2026-09-19,16:39:48,2026-09-19T16:39:48,NO,0,0,
2026-09-19,16:39:49,2026-09-19T16:39:49,NO,0,0,
2026-09-19,16:39:49,2026-09-19T16:39:49,NO,0,0,
2026-09-19,16:39:50,2026-09-19T16:39:50,NO,0,0,
2026-09-19,16:39:51,2026-09-19T16:39:51,NO,0,0,
2026-09-19,16:39:52,2026-09-19T16:39:52,NO,0,0,
2026-09-19,16:39:52,2026-09-19T16:39:52,NO,0,0,
2026-09-19,16:39:53,2026-09-19T16:39:53,NO,0,0,
2026-09-19,16:39:53,2026-09-19T16:39:53,NO,0,0,
2026-09-19,16:39:54,2026-09-19T16:39:54,NO,0,0,
2026-09-19,16:39:54,2026-09-19T16:39:54,NO,0,0,
2026-09-19,16:39:55,2026-09-19T16:39:55,NO,0,0,
2026-09-19,16:39:55,2026-09-19T16:39:55,NO,0,0,
2026-09-19,16:39:56,2026-09-19T16:39:56,NO,0,0,
2026-09-19,16:39:57,2026-09-19T16:39:57,NO,0,0,
2026-09-19,16:39:57,2026-09-19T16:39:57,NO,0,0,
2026-09-19,16:39:58,2026-09-19T16:39:58,NO,0,0,
2026-09-19,16:39:58,2026-09-19T16:39:58,NO,0,0,
2026-09-19,16:39:59,2026-09-19T16:39:59,NO,0,0,
2026-09-19,16:39:59,2026-09-19T16:39:59,NO,0,0,
2026-09-19,16:40:00,2026-09-19T16:40:00,NO,0,0,
2026-09-19,16:40:01,2026-09-19T16:40:01,NO,0,0,
2026-09-19,16:40:02,2026-09-19T16:40:02,NO,0,0,
2026-09-19,16:40:02,2026-09-19T16:40:02,NO,0,0,
2026-09-19,16:40:03,2026-09-19T16:40:03,NO,0,0,
2026-09-19,16:40:03,2026-09-19T16:40:03,NO,0,0,
2026-09-19,16:40:04,2026-09-19T16:40:04,NO,0,0,
2026-09-19,16:40:04,2026-09-19T16:40:04,NO,0,0,
2026-09-19,16:40:05,2026-09-19T16:40:05,NO,0,0,
2026-09-19,16:40:06,2026-09-19T16:40:06,NO,0,0,
2026-09-19,16:40:06,2026-09-19T16:40:06,NO,0,0,
2026-09-19,16:40:07,2026-09-19T16:40:07,NO,0,0,
2026-09-19,16:40:07,2026-09-19T16:40:07,NO,0,0,
2026-09-19,16:40:09,2026-09-19T16:40:09,NO,0,0,
2026-09-19,16:40:09,2026-09-19T16:40:09,NO,0,0,
2026-09-19,16:40:10,2026-09-19T16:40:10,NO,0,0,
2026-09-19,16:40:10,2026-09-19T16:40:10,NO,0,0,
2026-09-19,16:40:11,2026-09-19T16:40:11,NO,0,0,
2026-09-19,16:40:11,2026-09-19T16:40:11,NO,0,0,
2026-09-19,16:40:12,2026-09-19T16:40:12,NO,0,0,
2026-09-19,16:40:12,2026-09-19T16:40:12,NO,0,0,
2026-09-19,16:40:13,2026-09-19T16:40:13,NO,0,0,
2026-09-19,16:40:14,2026-09-19T16:40:14,NO,0,0,
2026-09-19,16:40:14,2026-09-19T16:40:14,NO,0,0,
2026-09-19,16:40:15,2026-09-19T16:40:15,NO,0,0,
2026-09-19,16:40:15,2026-09-19T16:40:15,NO,0,0,
2026-09-19,16:40:16,2026-09-19T16:40:16,NO,0,0,
2026-09-19,16:40:17,2026-09-19T16:40:17,NO,0,0,
2026-09-19,16:40:18,2026-09-19T16:40:18,NO,0,0,
2026-09-19,16:40:18,2026-09-19T16:40:18,NO,0,0,
2026-09-19,16:40:19,2026-09-19T16:40:19,NO,0,0,
2026-09-19,16:40:19,2026-09-19T16:40:19,NO,0,0,
2026-09-19,16:40:20,2026-09-19T16:40:20,NO,0,0,
2026-09-19,16:40:20,2026-09-19T16:40:20,NO,0,0,
2026-09-19,16:40:21,2026-09-19T16:40:21,NO,0,0,
2026-09-19,16:40:21,2026-09-19T16:40:21,NO,0,0,
2026-09-19,16:40:22,2026-09-19T16:40:22,NO,0,0,
2026-09-19,16:40:23,2026-09-19T16:40:23,NO,0,0,
2026-09-19,16:40:23,2026-09-19T16:40:23,NO,0,0,
2026-09-19,16:40:24,2026-09-19T16:40:24,NO,0,0,
2026-09-19,16:40:24,2026-09-19T16:40:24,NO,0,0,
2026-09-19,16:40:25,2026-09-19T16:40:25,NO,0,0,
2026-09-19,16:40:25,2026-09-19T16:40:25,NO,0,0,
2026-09-19,16:40:26,2026-09-19T16:40:26,NO,0,0,
2026-09-19,16:40:27,2026-09-19T16:40:27,NO,0,0,
2026-09-19,16:40:27,2026-09-19T16:40:27,NO,0,0,
2026-09-19,16:40:28,2026-09-19T16:40:28,NO,0,0,
2026-09-19,16:40:29,2026-09-19T16:40:29,NO,0,0,
2026-09-19,16:40:29,2026-09-19T16:40:29,NO,0,0,
2026-09-19,16:40:30,2026-09-19T16:40:30,NO,0,0,
2026-09-19,16:40:30,2026-09-19T16:40:30,NO,0,0,
2026-09-19,16:40:31,2026-09-19T16:40:31,NO,0,0,
2026-09-19,16:40:31,2026-09-19T16:40:31,NO,0,0,
2026-09-19,16:40:32,2026-09-19T16:40:32,NO,0,0,
2026-09-19,16:40:32,2026-09-19T16:40:32,NO,0,0,
2026-09-19,16:40:33,2026-09-19T16:40:33,NO,0,0,
2026-09-19,16:40:33,2026-09-19T16:40:33,NO,0,0,
2026-09-19,16:40:34,2026-09-19T16:40:34,NO,0,0,
2026-09-19,16:40:35,2026-09-19T16:40:35,NO,0,0,
2026-09-19,16:40:36,2026-09-19T16:40:36,NO,0,0,
2026-09-19,16:40:36,2026-09-19T16:40:36,NO,0,0,
2026-09-19,16:40:37,2026-09-19T16:40:37,NO,0,0,
2026-09-19,16:40:37,2026-09-19T16:40:37,NO,0,0,
2026-09-19,16:40:38,2026-09-19T16:40:38,NO,0,0,
2026-09-19,16:40:39,2026-09-19T16:40:39,NO,0,0,
2026-09-19,16:40:39,2026-09-19T16:40:39,NO,0,0,
2026-09-19,16:40:40,2026-09-19T16:40:40,NO,0,0,
2026-09-19,16:40:40,2026-09-19T16:40:40,NO,0,0,
2026-09-19,16:40:41,2026-09-19T16:40:41,NO,0,0,
2026-09-19,16:40:41,2026-09-19T16:40:41,NO,0,0,
2026-09-19,16:40:43,2026-09-19T16:40:43,NO,0,0,
2026-09-19,16:40:43,2026-09-19T16:40:43,NO,0,0,
2026-09-19,16:40:44,2026-09-19T16:40:44,NO,0,0,
2026-09-19,16:40:44,2026-09-19T16:40:44,NO,0,0,
2026-09-19,16:40:45,2026-09-19T16:40:45,NO,0,0,
2026-09-19,16:40:45,2026-09-19T16:40:45,NO,0,0,
2026-09-19,16:40:46,2026-09-19T16:40:46,NO,0,0,
2026-09-19,16:40:46,2026-09-19T16:40:46,NO,0,0,
2026-09-19,16:40:47,2026-09-19T16:40:47,NO,0,0,
2026-09-19,16:40:48,2026-09-19T16:40:48,NO,0,0,
2026-09-19,16:40:48,2026-09-19T16:40:48,NO,0,0,
2026-09-19,16:40:49,2026-09-19T16:40:49,NO,0,0,
2026-09-19,16:40:49,2026-09-19T16:40:49,NO,0,0,
2026-09-19,16:40:50,2026-09-19T16:40:50,NO,0,0,
2026-09-19,16:40:50,2026-09-19T16:40:50,NO,0,0,
2026-09-19,16:40:51,2026-09-19T16:40:51,NO,0,0,
2026-09-19,16:40:52,2026-09-19T16:40:52,NO,0,0,
2026-09-19,16:40:53,2026-09-19T16:40:53,NO,0,0,
2026-09-19,16:40:53,2026-09-19T16:40:53,NO,0,0,
2026-09-19,16:40:54,2026-09-19T16:40:54,NO,0,0,
2026-09-19,16:40:54,2026-09-19T16:40:54,NO,0,0,
2026-09-19,16:40:55,2026-09-19T16:40:55,NO,0,0,
2026-09-19,16:40:55,2026-09-19T16:40:55,NO,0,0,
2026-09-19,16:40:57,2026-09-19T16:40:57,NO,0,0,
2026-09-19,16:40:57,2026-09-19T16:40:57,NO,0,0,
2026-09-19,16:40:58,2026-09-19T16:40:58,NO,0,0,
2026-09-19,16:40:58,2026-09-19T16:40:58,NO,0,0,
2026-09-19,16:40:59,2026-09-19T16:40:59,NO,0,0,
2026-09-19,16:40:59,2026-09-19T16:40:59,NO,0,0,
2026-09-19,16:41:00,2026-09-19T16:41:00,NO,0,0,
2026-09-19,16:41:00,2026-09-19T16:41:00,NO,0,0,
2026-09-19,16:41:01,2026-09-19T16:41:01,NO,0,0,
2026-09-19,16:41:02,2026-09-19T16:41:02,NO,0,0,
2026-09-19,16:41:02,2026-09-19T16:41:02,NO,0,0,
2026-09-19,16:41:03,2026-09-19T16:41:03,NO,0,0,
2026-09-19,16:41:03,2026-09-19T16:41:03,NO,0,0,
2026-09-19,16:41:05,2026-09-19T16:41:05,NO,0,0,
2026-09-19,16:41:05,2026-09-19T16:41:05,NO,0,0,
2026-09-19,16:41:06,2026-09-19T16:41:06,NO,0,0,
2026-09-19,16:41:06,2026-09-19T16:41:06,NO,0,0,
2026-09-19,16:41:07,2026-09-19T16:41:07,NO,0,0,
2026-09-19,16:41:07,2026-09-19T16:41:07,NO,0,0,
2026-09-19,16:41:08,2026-09-19T16:41:08,NO,0,0,
2026-09-19,16:41:08,2026-09-19T16:41:08,NO,0,0,
2026-09-19,16:41:09,2026-09-19T16:41:09,NO,0,0,
2026-09-19,16:41:10,2026-09-19T16:41:10,NO,0,0,
2026-09-19,16:41:10,2026-09-19T16:41:10,NO,0,0,
2026-09-19,16:41:11,2026-09-19T16:41:11,NO,0,0,
2026-09-19,16:41:12,2026-09-19T16:41:12,NO,0,0,
2026-09-19,20:49:51,2026-09-19T20:49:51,NO,0,0,
2026-09-19,20:49:52,2026-09-19T20:49:52,NO,0,0,
2026-09-19,20:49:53,2026-09-19T20:49:53,NO,0,0,
2026-09-19,20:49:54,2026-09-19T20:49:54,NO,0,0,
2026-09-19,20:49:55,2026-09-19T20:49:55,NO,0,0,
2026-09-19,20:49:56,2026-09-19T20:49:56,NO,0,0,
2026-09-19,20:49:57,2026-09-19T20:49:57,NO,0,0,
2026-09-19,20:49:58,2026-09-19T20:49:58,NO,0,0,
2026-09-19,20:49:59,2026-09-19T20:49:59,NO,0,0,
2026-09-19,20:50:00,2026-09-19T20:50:00,NO,0,0,
2026-09-19,20:50:01,2026-09-19T20:50:01,NO,0,0,
2026-09-19,20:50:03,2026-09-19T20:50:03,NO,0,0,
2026-09-19,20:50:04,2026-09-19T20:50:04,NO,0,0,
2026-09-19,20:50:05,2026-09-19T20:50:05,NO,0,0,
2026-09-19,20:50:06,2026-09-19T20:50:06,NO,0,0,
2026-09-19,20:50:07,2026-09-19T20:50:07,NO,0,0,
2026-09-19,20:50:08,2026-09-19T20:50:08,NO,0,0,
2026-09-19,20:50:09,2026-09-19T20:50:09,NO,0,0,
2026-09-19,20:50:10,2026-09-19T20:50:10,NO,0,0,
2026-09-19,20:50:11,2026-09-19T20:50:11,NO,0,0,
2026-09-19,20:50:12,2026-09-19T20:50:12,NO,0,0,
2026-09-19,20:50:13,2026-09-19T20:50:13,NO,0,0,
2026-09-19,20:50:14,2026-09-19T20:50:14,NO,0,0,
2026-09-19,20:50:15,2026-09-19T20:50:15,NO,0,0,
2026-09-19,20:50:16,2026-09-19T20:50:16,NO,0,0,
2026-09-19,20:50:17,2026-09-19T20:50:17,NO,0,0,
2026-09-19,20:50:18,2026-09-19T20:50:18,NO,0,0,
2026-09-19,20:50:19,2026-09-19T20:50:19,NO,0,0,
2026-09-19,20:50:20,2026-09-19T20:50:20,NO,0,0,
2026-09-19,20:50:22,2026-09-19T20:50:22,NO,0,0,
2026-09-19,20:50:23,2026-09-19T20:50:23,NO,0,0,
2026-09-19,20:50:24,2026-09-19T20:50:24,NO,0,0,
2026-09-19,20:50:25,2026-09-19T20:50:25,NO,0,0,
2026-09-19,20:50:26,2026-09-19T20:50:26,NO,0,0,
2026-09-19,20:50:27,2026-09-19T20:50:27,NO,0,0,
2026-09-19,20:50:28,2026-09-19T20:50:28,NO,0,0,
2026-09-19,20:50:29,2026-09-19T20:50:29,NO,0,0,
2026-09-19,20:50:30,2026-09-19T20:50:30,NO,0,0,
2026-09-19,20:50:31,2026-09-19T20:50:31,NO,0,0,
2026-09-19,20:50:32,2026-09-19T20:50:32,NO,0,0,
2026-09-19,20:50:33,2026-09-19T20:50:33,NO,0,0,
2026-09-19,20:50:34,2026-09-19T20:50:34,NO,0,0,
2026-09-19,20:50:35,2026-09-19T20:50:35,NO,0,0,
2026-09-19,20:50:36,2026-09-19T20:50:36,NO,0,0,
2026-09-19,20:50:37,2026-09-19T20:50:37,NO,0,0,
2026-09-19,20:50:38,2026-09-19T20:50:38,NO,0,0,
2026-09-19,20:50:39,2026-09-19T20:50:39,NO,0,0,
2026-09-19,20:50:40,2026-09-19T20:50:40,NO,0,0,
2026-09-19,20:50:41,2026-09-19T20:50:41,NO,0,0,
2026-09-19,20:50:42,2026-09-19T20:50:42,NO,0,0,
2026-09-19,20:50:43,2026-09-19T20:50:43,NO,0,0,
2026-09-19,20:50:45,2026-09-19T20:50:45,NO,0,0,
2026-09-19,20:50:46,2026-09-19T20:50:46,NO,0,0,
2026-09-19,20:50:47,2026-09-19T20:50:47,NO,0,0,
2026-09-19,20:50:48,2026-09-19T20:50:48,NO,0,0,
2026-09-19,20:50:49,2026-09-19T20:50:49,NO,0,0,
2026-09-19,20:50:50,2026-09-19T20:50:50,NO,0,0,
2026-09-19,20:50:51,2026-09-19T20:50:51,NO,0,0,
2026-09-19,20:50:52,2026-09-19T20:50:52,NO,0,0,
2026-09-19,20:50:53,2026-09-19T20:50:53,NO,0,0,
2026-09-19,20:50:54,2026-09-19T20:50:54,NO,0,0,
2026-09-19,20:50:55,2026-09-19T20:50:55,NO,0,0,
2026-09-19,20:50:56,2026-09-19T20:50:56,NO,0,0,
2026-09-19,20:50:57,2026-09-19T20:50:57,NO,0,0,
2026-09-19,20:50:58,2026-09-19T20:50:58,NO,0,0,
2026-09-19,20:50:59,2026-09-19T20:50:59,NO,0,0,
2026-09-19,20:51:00,2026-09-19T20:51:00,NO,0,0,
2026-09-19,20:51:01,2026-09-19T20:51:01,NO,0,0,
2026-09-19,20:51:02,2026-09-19T20:51:02,NO,0,0,
2026-09-19,20:51:03,2026-09-19T20:51:03,NO,0,0,
2026-09-19,20:51:04,2026-09-19T20:51:04,NO,0,0,
2026-09-19,20:51:05,2026-09-19T20:51:05,NO,0,0,
2026-09-19,20:51:06,2026-09-19T20:51:06,NO,0,0,
2026-09-19,20:51:07,2026-09-19T20:51:07,NO,0,0,
2026-09-19,20:51:08,2026-09-19T20:51:08,NO,0,0,
2026-09-19,20:51:10,2026-09-19T20:51:10,NO,0,0,
2026-09-19,20:51:11,2026-09-19T20:51:11,NO,0,0,
2026-09-19,20:51:12,2026-09-19T20:51:12,NO,0,0,
2026-09-19,20:51:13,2026-09-19T20:51:13,NO,0,0,
2026-09-19,20:51:14,2026-09-19T20:51:14,NO,0,0,
2026-09-19,20:51:15,2026-09-19T20:51:15,NO,0,0,
2026-09-19,20:51:16,2026-09-19T20:51:16,NO,0,0,
2026-09-19,20:51:17,2026-09-19T20:51:17,NO,0,0,
2026-09-19,20:51:18,2026-09-19T20:51:18,NO,0,0,
2026-09-19,20:51:19,2026-09-19T20:51:19,NO,0,0,
2026-09-19,20:51:20,2026-09-19T20:51:20,NO,0,0,
2026-09-19,20:51:21,2026-09-19T20:51:21,NO,0,0,
2026-09-19,20:51:22,2026-09-19T20:51:22,NO,0,0,
2026-09-19,20:51:23,2026-09-19T20:51:23,NO,0,0,
2026-09-19,20:51:25,2026-09-19T20:51:25,NO,0,0,
2026-09-19,20:51:26,2026-09-19T20:51:26,NO,0,0,
2026-09-19,20:51:27,2026-09-19T20:51:27,NO,0,0,
2026-09-19,20:51:28,2026-09-19T20:51:28,NO,0,0,
2026-09-19,20:51:29,2026-09-19T20:51:29,NO,0,0,
2026-09-19,20:51:30,2026-09-19T20:51:30,NO,0,0,
2026-09-19,20:51:31,2026-09-19T20:51:31,NO,0,0,
2026-09-19,20:51:32,2026-09-19T20:51:32,NO,0,0,
2026-09-19,20:51:33,2026-09-19T20:51:33,NO,0,0,
2026-09-19,20:51:34,2026-09-19T20:51:34,NO,0,0,
2026-09-19,20:51:35,2026-09-19T20:51:35,NO,0,0,
2026-09-19,20:51:36,2026-09-19T20:51:36,NO,0,0,
2026-09-19,20:51:37,2026-09-19T20:51:37,NO,0,0,
2026-09-19,20:51:38,2026-09-19T20:51:38,NO,0,0,
2026-09-19,20:51:39,2026-09-19T20:51:39,NO,0,0,
2026-09-19,20:51:40,2026-09-19T20:51:40,NO,0,0,
2026-09-19,20:51:41,2026-09-19T20:51:41,NO,0,0,
2026-09-19,20:51:42,2026-09-19T20:51:42,NO,0,0,
2026-09-19,20:51:43,2026-09-19T20:51:43,NO,0,0,
2026-09-19,20:51:45,2026-09-19T20:51:45,NO,0,0,
2026-09-19,20:51:46,2026-09-19T20:51:46,NO,0,0,
2026-09-19,20:51:47,2026-09-19T20:51:47,NO,0,0,
2026-09-19,20:51:48,2026-09-19T20:51:48,NO,0,0,
2026-09-19,20:51:49,2026-09-19T20:51:49,NO,0,0,
2026-09-19,20:51:50,2026-09-19T20:51:50,NO,0,0,
2026-09-19,20:51:51,2026-09-19T20:51:51,NO,0,0,
2026-09-19,20:51:52,2026-09-19T20:51:52,NO,0,0,
2026-09-19,20:51:53,2026-09-19T20:51:53,NO,0,0,
2026-09-19,20:51:54,2026-09-19T20:51:54,NO,0,0,
2026-09-19,20:51:55,2026-09-19T20:51:55,NO,0,0,
2026-09-19,20:51:56,2026-09-19T20:51:56,NO,0,0,
2026-09-19,20:51:57,2026-09-19T20:51:57,NO,0,0,
2026-09-19,20:51:58,2026-09-19T20:51:58,NO,0,0,
2026-09-19,20:51:59,2026-09-19T20:51:59,NO,0,0,
2026-09-19,20:52:01,2026-09-19T20:52:01,NO,0,0,
2026-09-19,20:52:02,2026-09-19T20:52:02,NO,0,0,
2026-09-19,20:52:03,2026-09-19T20:52:03,NO,0,0,
2026-09-19,20:52:04,2026-09-19T20:52:04,NO,0,0,
2026-09-19,20:52:05,2026-09-19T20:52:05,NO,0,0,
2026-09-19,20:52:06,2026-09-19T20:52:06,NO,0,0,
2026-09-19,20:52:07,2026-09-19T20:52:07,NO,0,0,
2026-09-19,20:52:08,2026-09-19T20:52:08,NO,0,0,
2026-09-19,20:52:09,2026-09-19T20:52:09,NO,0,0,
2026-09-19,20:52:10,2026-09-19T20:52:10,NO,0,0,
2026-09-19,20:52:11,2026-09-19T20:52:11,NO,0,0,
2026-09-19,20:52:12,2026-09-19T20:52:12,NO,0,0,
2026-09-19,20:52:13,2026-09-19T20:52:13,NO,0,0,
2026-09-19,20:52:14,2026-09-19T20:52:14,NO,0,0,
2026-09-19,20:52:15,2026-09-19T20:52:15,NO,0,0,
2026-09-19,20:52:16,2026-09-19T20:52:16,NO,0,0,
2026-09-19,20:52:18,2026-09-19T20:52:18,NO,0,0,
2026-09-19,20:52:19,2026-09-19T20:52:19,NO,0,0,
2026-09-19,20:52:20,2026-09-19T20:52:20,NO,0,0,
2026-09-19,20:52:21,2026-09-19T20:52:21,NO,0,0,
2026-09-19,20:52:22,2026-09-19T20:52:22,NO,0,0,
2026-09-19,20:52:23,2026-09-19T20:52:23,NO,0,0,
2026-09-19,20:52:24,2026-09-19T20:52:24,NO,0,0,
2026-09-19,20:52:25,2026-09-19T20:52:25,NO,0,0,
2026-09-19,20:52:26,2026-09-19T20:52:26,NO,0,0,
2026-09-19,20:52:27,2026-09-19T20:52:27,NO,0,0,
2026-09-19,20:52:28,2026-09-19T20:52:28,NO,0,0,
2026-09-19,20:52:29,2026-09-19T20:52:29,NO,0,0,
2026-09-19,20:52:30,2026-09-19T20:52:30,NO,0,0,
2026-09-19,20:52:31,2026-09-19T20:52:31,NO,0,0,
2026-09-19,20:52:32,2026-09-19T20:52:32,NO,0,0,
2026-09-19,20:52:33,2026-09-19T20:52:33,NO,0,0,
2026-09-19,20:52:34,2026-09-19T20:52:34,NO,0,0,
2026-09-19,20:52:35,2026-09-19T20:52:35,NO,0,0,
2026-09-19,20:52:37,2026-09-19T20:52:37,NO,0,0,
2026-09-19,20:52:38,2026-09-19T20:52:38,NO,0,0,
2026-09-19,20:52:39,2026-09-19T20:52:39,NO,0,0,
2026-09-19,20:52:40,2026-09-19T20:52:40,NO,0,0,
2026-09-19,20:52:41,2026-09-19T20:52:41,NO,0,0,
2026-09-19,20:52:42,2026-09-19T20:52:42,NO,0,0,
2026-09-19,20:52:43,2026-09-19T20:52:43,NO,0,0,
2026-09-19,20:52:44,2026-09-19T20:52:44,NO,0,0,
2026-09-19,20:52:45,2026-09-19T20:52:45,NO,0,0,
2026-09-19,20:52:46,2026-09-19T20:52:46,NO,0,0,
2026-09-19,20:52:47,2026-09-19T20:52:47,NO,0,0,
2026-09-19,20:52:48,2026-09-19T20:52:48,NO,0,0,
2026-09-19,20:52:49,2026-09-19T20:52:49,NO,0,0,
2026-09-19,20:52:50,2026-09-19T20:52:50,NO,0,0,
2026-09-19,20:52:51,2026-09-19T20:52:51,NO,0,0,
2026-09-19,20:52:53,2026-09-19T20:52:53,NO,0,0,
2026-09-19,20:52:54,2026-09-19T20:52:54,NO,0,0,
2026-09-19,20:52:55,2026-09-19T20:52:55,NO,0,0,
2026-09-19,20:52:56,2026-09-19T20:52:56,NO,0,0,
2026-09-19,20:52:57,2026-09-19T20:52:57,NO,0,0,
2026-09-19,20:52:58,2026-09-19T20:52:58,NO,0,0,
2026-09-19,20:52:59,2026-09-19T20:52:59,NO,0,0,
2026-09-19,20:53:00,2026-09-19T20:53:00,NO,0,0,
2026-09-19,20:53:01,2026-09-19T20:53:01,NO,0,0,
2026-09-19,20:53:02,2026-09-19T20:53:02,NO,0,0,
2026-09-19,20:53:03,2026-09-19T20:53:03,NO,0,0,
2026-09-19,20:53:04,2026-09-19T20:53:04,NO,0,0,
2026-09-19,20:53:05,2026-09-19T20:53:05,NO,0,0,
2026-09-19,20:53:06,2026-09-19T20:53:06,NO,0,0,
2026-09-19,20:53:07,2026-09-19T20:53:07,NO,0,0,
2026-09-19,20:53:08,2026-09-19T20:53:08,NO,0,0,
2026-09-19,20:53:09,2026-09-19T20:53:09,NO,0,0,
2026-09-19,20:53:10,2026-09-19T20:53:10,NO,0,0,
2026-09-19,20:53:12,2026-09-19T20:53:12,NO,0,0,
2026-09-19,20:53:13,2026-09-19T20:53:13,NO,0,0,
2026-09-19,20:53:14,2026-09-19T20:53:14,NO,0,0,
2026-09-19,20:53:15,2026-09-19T20:53:15,YES,3,78.9,detected_elephants\elephant_20260919_205314.jpg
2026-09-19,20:53:16,2026-09-19T20:53:16,YES,3,80.07,detected_elephants\elephant_20260919_205314.jpg
2026-09-19,20:53:17,2026-09-19T20:53:17,YES,3,74.19,detected_elephants\elephant_20260919_205314.jpg
2026-09-19,20:53:18,2026-09-19T20:53:18,NO,0,0,
2026-09-19,20:53:19,2026-09-19T20:53:19,NO,0,0,
2026-09-19,20:53:20,2026-09-19T20:53:20,NO,0,0,
2026-09-19,20:53:21,2026-09-19T20:53:21,NO,0,0,
2026-09-19,20:53:22,2026-09-19T20:53:22,NO,0,0,
2026-09-19,20:53:24,2026-09-19T20:53:24,NO,0,0,
2026-09-19,20:53:25,2026-09-19T20:53:25,YES,1,56.56,detected_elephants\elephant_20260919_205324.jpg
2026-09-19,20:53:26,2026-09-19T20:53:26,YES,2,79.11,detected_elephants\elephant_20260919_205325.jpg
2026-09-19,20:53:27,2026-09-19T20:53:27,YES,1,50.36,detected_elephants\elephant_20260919_205325.jpg
2026-09-19,20:53:28,2026-09-19T20:53:28,YES,1,48.97,detected_elephants\elephant_20260919_205325.jpg
2026-09-19,20:53:29,2026-09-19T20:53:29,NO,0,0,
2026-09-19,20:53:30,2026-09-19T20:53:30,NO,0,0,
2026-09-19,20:53:31,2026-09-19T20:53:31,NO,0,0,
2026-09-19,20:53:32,2026-09-19T20:53:32,NO,0,0,
2026-09-19,20:53:33,2026-09-19T20:53:33,NO,0,0,
2026-09-19,20:53:34,2026-09-19T20:53:34,NO,0,0,
2026-09-19,20:53:36,2026-09-19T20:53:36,NO,0,0,
2026-09-19,20:53:37,2026-09-19T20:53:37,NO,0,0,
2026-09-19,20:53:38,2026-09-19T20:53:38,NO,0,0,
2026-09-19,20:53:39,2026-09-19T20:53:39,NO,0,0,
2026-09-19,20:53:40,2026-09-19T20:53:40,NO,0,0,
2026-09-19,20:53:41,2026-09-19T20:53:41,NO,0,0,
2026-09-19,20:53:42,2026-09-19T20:53:42,NO,0,0,
2026-09-19,20:53:43,2026-09-19T20:53:43,NO,0,0,
2026-09-19,20:53:44,2026-09-19T20:53:44,NO,0,0,
2026-09-19,20:53:45,2026-09-19T20:53:45,NO,0,0,
2026-09-19,20:53:46,2026-09-19T20:53:46,NO,0,0,
2026-09-19,20:53:47,2026-09-19T20:53:47,NO,0,0,
2026-09-19,20:53:48,2026-09-19T20:53:48,NO,0,0,
2026-09-19,20:53:49,2026-09-19T20:53:49,NO,0,0,
2026-09-19,20:53:50,2026-09-19T20:53:50,NO,0,0,
2026-09-19,20:53:51,2026-09-19T20:53:51,NO,0,0,
2026-09-19,20:53:52,2026-09-19T20:53:52,NO,0,0,
2026-09-19,20:53:54,2026-09-19T20:53:54,NO,0,0,
2026-09-19,20:53:55,2026-09-19T20:53:55,NO,0,0,
2026-09-19,20:53:56,2026-09-19T20:53:56,NO,0,0,
2026-09-19,20:53:57,2026-09-19T20:53:57,NO,0,0,
2026-09-19,20:53:58,2026-09-19T20:53:58,NO,0,0,
2026-09-19,20:53:59,2026-09-19T20:53:59,NO,0,0,
2026-09-19,20:54:00,2026-09-19T20:54:00,NO,0,0,
2026-09-19,20:54:01,2026-09-19T20:54:01,NO,0,0,
2026-09-19,20:54:02,2026-09-19T20:54:02,NO,0,0,
2026-09-19,20:54:03,2026-09-19T20:54:03,NO,0,0,
2026-09-19,20:54:04,2026-09-19T20:54:04,NO,0,0,
2026-09-19,20:54:05,2026-09-19T20:54:05,NO,0,0,
2026-09-19,20:54:06,2026-09-19T20:54:06,NO,0,0,
2026-09-19,20:54:07,2026-09-19T20:54:07,NO,0,0,
2026-09-19,20:54:08,2026-09-19T20:54:08,NO,0,0,
2026-09-19,20:54:09,2026-09-19T20:54:09,NO,0,0,
2026-09-19,20:54:10,2026-09-19T20:54:10,NO,0,0,
2026-09-19,20:54:11,2026-09-19T20:54:11,NO,0,0,
2026-09-19,20:54:12,2026-09-19T20:54:12,NO,0,0,
2026-09-19,20:54:14,2026-09-19T20:54:14,NO,0,0,
2026-09-19,20:54:15,2026-09-19T20:54:15,NO,0,0,
2026-09-19,20:54:16,2026-09-19T20:54:16,NO,0,0,
2026-09-19,20:54:17,2026-09-19T20:54:17,NO,0,0,
2026-09-19,20:54:18,2026-09-19T20:54:18,NO,0,0,
2026-09-19,20:54:19,2026-09-19T20:54:19,NO,0,0,
2026-09-19,20:54:20,2026-09-19T20:54:20,NO,0,0,
2026-09-19,20:54:21,2026-09-19T20:54:21,NO,0,0,
2026-09-19,20:54:22,2026-09-19T20:54:22,NO,0,0,
2026-09-19,20:54:23,2026-09-19T20:54:23,NO,0,0,
2026-09-19,20:54:24,2026-09-19T20:54:24,NO,0,0,
2026-09-19,20:54:25,2026-09-19T20:54:25,NO,0,0,
2026-09-19,20:54:26,2026-09-19T20:54:26,NO,0,0,
2026-09-19,20:54:27,2026-09-19T20:54:27,NO,0,0,
2026-09-19,20:54:28,2026-09-19T20:54:28,NO,0,0,
2026-09-19,20:54:29,2026-09-19T20:54:29,NO,0,0,
2026-09-19,20:54:30,2026-09-19T20:54:30,NO,0,0,
2026-09-19,20:54:31,2026-09-19T20:54:31,NO,0,0,
2026-09-19,20:54:32,2026-09-19T20:54:32,NO,0,0,
2026-09-19,20:54:33,2026-09-19T20:54:33,NO,0,0,
2026-09-19,20:54:34,2026-09-19T20:54:34,NO,0,0,
2026-09-19,20:54:35,2026-09-19T20:54:35,NO,0,0,
2026-09-19,20:54:37,2026-09-19T20:54:37,NO,0,0,
2026-09-19,20:54:38,2026-09-19T20:54:38,NO,0,0,
2026-09-19,20:54:39,2026-09-19T20:54:39,NO,0,0,
2026-09-19,20:54:40,2026-09-19T20:54:40,NO,0,0,
2026-09-19,20:54:41,2026-09-19T20:54:41,NO,0,0,
2026-09-19,20:54:42,2026-09-19T20:54:42,NO,0,0,
2026-09-19,20:54:43,2026-09-19T20:54:43,NO,0,0,
2026-09-19,20:54:44,2026-09-19T20:54:44,NO,0,0,
2026-09-19,20:54:45,2026-09-19T20:54:45,NO,0,0,
2026-09-19,20:54:46,2026-09-19T20:54:46,NO,0,0,
2026-09-19,20:54:47,2026-09-19T20:54:47,NO,0,0,
2026-09-19,20:54:48,2026-09-19T20:54:48,NO,0,0,
2026-09-19,20:54:49,2026-09-19T20:54:49,NO,0,0,
2026-09-19,20:54:50,2026-09-19T20:54:50,NO,0,0,
2026-09-19,20:54:51,2026-09-19T20:54:51,NO,0,0,
2026-09-19,20:54:52,2026-09-19T20:54:52,NO,0,0,
2026-09-19,20:54:53,2026-09-19T20:54:53,NO,0,0,
2026-09-19,20:54:54,2026-09-19T20:54:54,NO,0,0,
2026-09-19,20:54:55,2026-09-19T20:54:55,NO,0,0,
2026-09-19,20:54:57,2026-09-19T20:54:57,NO,0,0,
2026-09-19,20:54:58,2026-09-19T20:54:58,NO,0,0,
2026-09-19,20:54:59,2026-09-19T20:54:59,NO,0,0,
2026-09-19,20:55:00,2026-09-19T20:55:00,NO,0,0,
2026-09-19,20:55:01,2026-09-19T20:55:01,NO,0,0,
2026-09-19,20:55:02,2026-09-19T20:55:02,NO,0,0,
2026-09-19,20:55:03,2026-09-19T20:55:03,NO,0,0,
2026-09-19,20:55:04,2026-09-19T20:55:04,NO,0,0,
2026-09-19,20:55:05,2026-09-19T20:55:05,NO,0,0,
2026-09-19,20:55:06,2026-09-19T20:55:06,NO,0,0,
2026-09-19,20:55:07,2026-09-19T20:55:07,NO,0,0,
2026-09-19,20:55:08,2026-09-19T20:55:08,NO,0,0,
2026-09-19,20:55:09,2026-09-19T20:55:09,NO,0,0,
2026-09-19,20:55:10,2026-09-19T20:55:10,NO,0,0,
2026-09-19,20:55:11,2026-09-19T20:55:11,NO,0,0,
2026-09-19,20:55:12,2026-09-19T20:55:12,NO,0,0,
2026-09-19,20:55:14,2026-09-19T20:55:14,NO,0,0,
2026-09-19,20:55:15,2026-09-19T20:55:15,NO,0,0,
2026-09-19,20:55:16,2026-09-19T20:55:16,NO,0,0,
2026-09-19,20:55:17,2026-09-19T20:55:17,NO,0,0,
2026-09-19,20:55:18,2026-09-19T20:55:18,NO,0,0,
2026-09-19,20:55:19,2026-09-19T20:55:19,NO,0,0,
2026-09-19,20:55:20,2026-09-19T20:55:20,NO,0,0,
2026-09-19,20:55:21,2026-09-19T20:55:21,NO,0,0,
2026-09-19,20:55:22,2026-09-19T20:55:22,NO,0,0,
2026-09-19,20:55:23,2026-09-19T20:55:23,NO,0,0,
2026-09-19,20:55:24,2026-09-19T20:55:24,NO,0,0,
2026-09-19,20:55:25,2026-09-19T20:55:25,NO,0,0,
2026-09-19,20:55:26,2026-09-19T20:55:26,NO,0,0,
2026-09-19,20:55:27,2026-09-19T20:55:27,NO,0,0,
2026-09-19,20:55:28,2026-09-19T20:55:28,NO,0,0,
2026-09-19,20:55:29,2026-09-19T20:55:29,NO,0,0,
2026-09-19,20:55:30,2026-09-19T20:55:30,NO,0,0,
2026-09-19,20:55:31,2026-09-19T20:55:31,NO,0,0,
2026-09-19,20:55:33,2026-09-19T20:55:33,NO,0,0,
2026-09-19,20:55:34,2026-09-19T20:55:34,NO,0,0,
2026-09-19,20:55:35,2026-09-19T20:55:35,NO,0,0,
2026-09-19,20:55:36,2026-09-19T20:55:36,NO,0,0,
2026-09-19,20:55:37,2026-09-19T20:55:37,NO,0,0,
2026-09-19,20:55:38,2026-09-19T20:55:38,NO,0,0,
2026-09-19,20:55:39,2026-09-19T20:55:39,NO,0,0,
2026-09-19,20:55:40,2026-09-19T20:55:40,NO,0,0,
2026-09-19,20:55:41,2026-09-19T20:55:41,NO,0,0,
2026-09-19,20:55:42,2026-09-19T20:55:42,NO,0,0,
2026-09-19,20:55:43,2026-09-19T20:55:43,NO,0,0,
2026-09-19,20:55:44,2026-09-19T20:55:44,NO,0,0,
2026-09-19,20:55:45,2026-09-19T20:55:45,NO,0,0,
2026-09-19,20:55:46,2026-09-19T20:55:46,NO,0,0,
2026-09-19,20:55:47,2026-09-19T20:55:47,NO,0,0,
2026-09-19,20:55:48,2026-09-19T20:55:48,NO,0,0,
2026-09-19,20:55:49,2026-09-19T20:55:49,NO,0,0,
2026-09-19,20:55:50,2026-09-19T20:55:50,NO,0,0,
2026-09-19,20:55:51,2026-09-19T20:55:51,NO,0,0,
2026-09-19,20:55:53,2026-09-19T20:55:53,NO,0,0,
2026-09-19,20:55:54,2026-09-19T20:55:54,NO,0,0,
2026-09-19,20:55:55,2026-09-19T20:55:55,NO,0,0,
2026-09-19,20:55:56,2026-09-19T20:55:56,NO,0,0,
2026-09-19,20:55:57,2026-09-19T20:55:57,NO,0,0,
2026-09-19,20:55:58,2026-09-19T20:55:58,NO,0,0,
2026-09-19,20:55:59,2026-09-19T20:55:59,NO,0,0,
2026-09-19,20:56:00,2026-09-19T20:56:00,NO,0,0,
2026-09-19,20:56:01,2026-09-19T20:56:01,NO,0,0,
2026-09-19,20:56:02,2026-09-19T20:56:02,NO,0,0,
2026-09-19,20:56:03,2026-09-19T20:56:03,NO,0,0,
2026-09-19,20:56:04,2026-09-19T20:56:04,NO,0,0,
2026-09-19,20:56:05,2026-09-19T20:56:05,NO,0,0,
2026-09-19,20:56:06,2026-09-19T20:56:06,NO,0,0,
2026-09-19,20:56:07,2026-09-19T20:56:07,NO,0,0,
2026-09-19,20:56:08,2026-09-19T20:56:08,NO,0,0,
2026-09-19,20:56:09,2026-09-19T20:56:09,NO,0,0,
2026-09-19,20:56:10,2026-09-19T20:56:10,NO,0,0,
2026-09-19,20:56:12,2026-09-19T20:56:12,NO,0,0,
2026-09-19,20:56:13,2026-09-19T20:56:13,NO,0,0,
2026-09-19,20:56:14,2026-09-19T20:56:14,NO,0,0,
2026-09-19,20:56:15,2026-09-19T20:56:15,NO,0,0,
2026-09-19,20:56:16,2026-09-19T20:56:16,NO,0,0,
2026-09-19,20:56:17,2026-09-19T20:56:17,NO,0,0,
2026-09-19,20:56:18,2026-09-19T20:56:18,NO,0,0,
2026-09-19,20:56:19,2026-09-19T20:56:19,NO,0,0,
2026-09-19,20:56:20,2026-09-19T20:56:20,NO,0,0,
2026-09-19,20:56:21,2026-09-19T20:56:21,NO,0,0,
2026-09-19,20:56:22,2026-09-19T20:56:22,NO,0,0,
2026-09-19,20:56:23,2026-09-19T20:56:23,NO,0,0,
2026-09-19,20:56:24,2026-09-19T20:56:24,NO,0,0,
2026-09-19,20:56:25,2026-09-19T20:56:25,NO,0,0,
2026-09-19,20:56:26,2026-09-19T20:56:26,NO,0,0,
2026-09-19,20:56:27,2026-09-19T20:56:27,NO,0,0,
2026-09-19,20:56:29,2026-09-19T20:56:29,NO,0,0,
2026-09-19,20:56:30,2026-09-19T20:56:30,NO,0,0,
2026-09-19,20:56:31,2026-09-19T20:56:31,NO,0,0,
2026-09-19,20:56:32,2026-09-19T20:56:32,NO,0,0,
2026-09-19,20:56:33,2026-09-19T20:56:33,NO,0,0,
2026-09-19,20:56:34,2026-09-19T20:56:34,NO,0,0,
2026-09-19,20:56:35,2026-09-19T20:56:35,NO,0,0,
2026-09-19,20:56:36,2026-09-19T20:56:36,NO,0,0,
2026-09-19,20:56:37,2026-09-19T20:56:37,NO,0,0,
2026-09-19,20:56:38,2026-09-19T20:56:38,NO,0,0,
2026-09-19,20:56:39,2026-09-19T20:56:39,NO,0,0,
2026-09-19,20:56:40,2026-09-19T20:56:40,NO,0,0,
2026-09-19,20:56:41,2026-09-19T20:56:41,NO,0,0,
2026-09-19,20:56:42,2026-09-19T20:56:42,NO,0,0,
2026-09-19,20:56:43,2026-09-19T20:56:43,NO,0,0,
2026-09-19,20:56:44,2026-09-19T20:56:44,NO,0,0,
2026-09-19,20:56:45,2026-09-19T20:56:45,NO,0,0,
2026-09-19,20:56:46,2026-09-19T20:56:46,NO,0,0,
2026-09-19,20:56:47,2026-09-19T20:56:47,NO,0,0,
2026-09-19,20:56:49,2026-09-19T20:56:49,NO,0,0,
2026-09-19,20:56:50,2026-09-19T20:56:50,NO,0,0,
2026-09-19,20:56:51,2026-09-19T20:56:51,NO,0,0,
2026-09-19,20:56:52,2026-09-19T20:56:52,NO,0,0,
2026-09-19,20:56:53,2026-09-19T20:56:53,NO,0,0,
2026-09-19,20:56:54,2026-09-19T20:56:54,NO,0,0,
2026-09-19,20:56:55,2026-09-19T20:56:55,NO,0,0,
2026-09-19,20:56:56,2026-09-19T20:56:56,NO,0,0,
2026-09-19,20:56:57,2026-09-19T20:56:57,NO,0,0,
2026-09-19,20:56:58,2026-09-19T20:56:58,NO,0,0,
2026-09-19,20:56:59,2026-09-19T20:56:59,NO,0,0,
2026-09-19,20:57:00,2026-09-19T20:57:00,NO,0,0,
2026-09-19,20:57:01,2026-09-19T20:57:01,NO,0,0,
2026-09-19,20:57:02,2026-09-19T20:57:02,NO,0,0,
2026-09-19,20:57:03,2026-09-19T20:57:03,NO,0,0,
2026-09-19,20:57:04,2026-09-19T20:57:04,NO,0,0,
2026-09-19,20:57:05,2026-09-19T20:57:05,NO,0,0,
2026-09-19,20:57:06,2026-09-19T20:57:06,NO,0,0,
2026-09-19,20:57:07,2026-09-19T20:57:07,NO,0,0,
2026-09-19,20:57:08,2026-09-19T20:57:08,NO,0,0,
2026-09-19,20:57:09,2026-09-19T20:57:09,NO,0,0,
2026-09-19,20:57:11,2026-09-19T20:57:11,NO,0,0,
2026-09-19,20:57:12,2026-09-19T20:57:12,NO,0,0,
2026-09-19,20:57:13,2026-09-19T20:57:13,NO,0,0,
2026-09-19,20:57:14,2026-09-19T20:57:14,NO,0,0,
2026-09-19,20:57:15,2026-09-19T20:57:15,NO,0,0,
2026-09-19,20:57:16,2026-09-19T20:57:16,NO,0,0,
2026-09-19,20:57:17,2026-09-19T20:57:17,NO,0,0,
2026-09-19,20:57:18,2026-09-19T20:57:18,NO,0,0,
2026-09-19,20:57:19,2026-09-19T20:57:19,NO,0,0,
2026-09-19,20:57:20,2026-09-19T20:57:20,NO,0,0,
2026-09-19,20:57:21,2026-09-19T20:57:21,NO,0,0,
2026-09-19,20:57:22,2026-09-19T20:57:22,NO,0,0,
2026-09-19,20:57:23,2026-09-19T20:57:23,NO,0,0,
2026-09-19,20:57:25,2026-09-19T20:57:25,NO,0,0,
2026-09-19,20:57:26,2026-09-19T20:57:26,NO,0,0,
2026-09-19,20:57:27,2026-09-19T20:57:27,NO,0,0,
2026-09-19,20:57:28,2026-09-19T20:57:28,NO,0,0,
2026-09-19,20:57:29,2026-09-19T20:57:29,NO,0,0,
2026-09-19,20:57:30,2026-09-19T20:57:30,NO,0,0,
2026-09-19,20:57:31,2026-09-19T20:57:31,NO,0,0,
2026-09-19,20:57:32,2026-09-19T20:57:32,NO,0,0,
2026-09-19,20:57:33,2026-09-19T20:57:33,NO,0,0,
2026-09-19,20:57:34,2026-09-19T20:57:34,NO,0,0,
2026-09-19,20:57:35,2026-09-19T20:57:35,NO,0,0,
2026-09-19,20:57:36,2026-09-19T20:57:36,NO,0,0,
2026-09-19,20:57:37,2026-09-19T20:57:37,NO,0,0,
2026-09-19,20:57:38,2026-09-19T20:57:38,NO,0,0,
2026-09-19,20:57:39,2026-09-19T20:57:39,NO,0,0,
2026-09-19,20:57:40,2026-09-19T20:57:40,NO,0,0,
2026-09-19,20:57:41,2026-09-19T20:57:41,NO,0,0,
2026-09-19,20:57:42,2026-09-19T20:57:42,NO,0,0,
2026-09-19,20:57:43,2026-09-19T20:57:43,NO,0,0,
2026-09-19,20:57:45,2026-09-19T20:57:45,NO,0,0,
2026-09-19,20:57:46,2026-09-19T20:57:46,NO,0,0,
2026-09-19,20:57:47,2026-09-19T20:57:47,NO,0,0,
2026-09-19,20:57:48,2026-09-19T20:57:48,NO,0,0,
2026-09-19,20:57:49,2026-09-19T20:57:49,NO,0,0,
2026-09-19,20:57:50,2026-09-19T20:57:50,NO,0,0,
2026-09-19,20:57:51,2026-09-19T20:57:51,NO,0,0,
2026-09-19,20:57:52,2026-09-19T20:57:52,NO,0,0,
2026-09-19,20:57:53,2026-09-19T20:57:53,NO,0,0,
2026-09-19,20:57:54,2026-09-19T20:57:54,NO,0,0,
2026-09-19,20:57:55,2026-09-19T20:57:55,NO,0,0,
2026-09-19,20:57:56,2026-09-19T20:57:56,NO,0,0,
2026-09-19,20:57:57,2026-09-19T20:57:57,NO,0,0,
2026-09-19,20:57:58,2026-09-19T20:57:58,NO,0,0,
2026-09-19,20:57:59,2026-09-19T20:57:59,NO,0,0,
2026-09-19,20:58:00,2026-09-19T20:58:00,NO,0,0,
2026-09-19,20:58:01,2026-09-19T20:58:01,NO,0,0,
2026-09-19,20:58:02,2026-09-19T20:58:02,NO,0,0,
2026-09-19,20:58:04,2026-09-19T20:58:04,NO,0,0,
2026-09-19,20:58:05,2026-09-19T20:58:05,NO,0,0,
2026-09-19,20:58:06,2026-09-19T20:58:06,NO,0,0,
2026-09-19,20:58:07,2026-09-19T20:58:07,NO,0,0,
2026-09-19,20:58:08,2026-09-19T20:58:08,NO,0,0,
2026-09-19,20:58:09,2026-09-19T20:58:09,NO,0,0,
2026-09-19,20:58:10,2026-09-19T20:58:10,NO,0,0,
2026-09-19,20:58:11,2026-09-19T20:58:11,NO,0,0,
2026-09-19,20:58:12,2026-09-19T20:58:12,NO,0,0,
2026-09-19,20:58:13,2026-09-19T20:58:13,NO,0,0,
2026-09-19,20:58:14,2026-09-19T20:58:14,NO,0,0,
2026-09-19,20:58:15,2026-09-19T20:58:15,NO,0,0,
2026-09-19,20:58:16,2026-09-19T20:58:16,NO,0,0,
2026-09-19,20:58:17,2026-09-19T20:58:17,NO,0,0,
2026-09-19,20:58:18,2026-09-19T20:58:18,NO,0,0,
2026-09-19,20:58:19,2026-09-19T20:58:19,NO,0,0,
2026-09-19,20:58:20,2026-09-19T20:58:20,NO,0,0,
2026-09-19,20:58:22,2026-09-19T20:58:22,NO,0,0,
2026-09-19,20:58:23,2026-09-19T20:58:23,NO,0,0,
2026-09-19,20:58:24,2026-09-19T20:58:24,NO,0,0,
2026-09-19,20:58:25,2026-09-19T20:58:25,NO,0,0,
2026-09-19,20:58:26,2026-09-19T20:58:26,NO,0,0,
2026-09-19,20:58:27,2026-09-19T20:58:27,NO,0,0,
2026-09-19,20:58:28,2026-09-19T20:58:28,NO,0,0,
2026-09-19,20:58:29,2026-09-19T20:58:29,NO,0,0,
2026-09-19,20:58:30,2026-09-19T20:58:30,NO,0,0,
2026-09-19,20:58:31,2026-09-19T20:58:31,NO,0,0,
2026-09-19,20:58:32,2026-09-19T20:58:32,NO,0,0,
2026-09-19,20:58:33,2026-09-19T20:58:33,NO,0,0,
2026-09-19,20:58:34,2026-09-19T20:58:34,NO,0,0,
2026-09-19,20:58:35,2026-09-19T20:58:35,NO,0,0,
2026-09-19,20:58:36,2026-09-19T20:58:36,NO,0,0,
2026-09-19,20:58:37,2026-09-19T20:58:37,NO,0,0,
2026-09-19,20:58:39,2026-09-19T20:58:39,NO,0,0,
2026-09-19,20:58:40,2026-09-19T20:58:40,NO,0,0,
2026-09-19,20:58:41,2026-09-19T20:58:41,NO,0,0,
2026-09-19,20:58:42,2026-09-19T20:58:42,NO,0,0,
2026-09-19,20:58:43,2026-09-19T20:58:43,NO,0,0,
2026-09-19,20:58:44,2026-09-19T20:58:44,NO,0,0,
2026-09-19,20:58:45,2026-09-19T20:58:45,NO,0,0,
2026-09-19,20:58:46,2026-09-19T20:58:46,NO,0,0,
2026-09-19,20:58:47,2026-09-19T20:58:47,NO,0,0,
2026-09-19,20:58:48,2026-09-19T20:58:48,NO,0,0,
2026-09-19,20:58:49,2026-09-19T20:58:49,NO,0,0,
2026-09-19,20:58:50,2026-09-19T20:58:50,NO,0,0,
2026-09-19,20:58:51,2026-09-19T20:58:51,NO,0,0,
2026-09-19,20:58:52,2026-09-19T20:58:52,NO,0,0,
2026-09-19,20:58:53,2026-09-19T20:58:53,NO,0,0,
2026-09-19,20:58:54,2026-09-19T20:58:54,NO,0,0,
2026-09-19,20:58:55,2026-09-19T20:58:55,NO,0,0,
2026-09-19,20:58:57,2026-09-19T20:58:57,NO,0,0,
2026-09-19,20:58:58,2026-09-19T20:58:58,NO,0,0,
2026-09-19,20:58:59,2026-09-19T20:58:59,NO,0,0,
2026-09-19,20:59:00,2026-09-19T20:59:00,NO,0,0,
2026-09-19,20:59:01,2026-09-19T20:59:01,NO,0,0,
2026-09-19,20:59:02,2026-09-19T20:59:02,NO,0,0,
2026-09-19,20:59:03,2026-09-19T20:59:03,NO,0,0,
2026-09-19,20:59:04,2026-09-19T20:59:04,NO,0,0,
2026-09-19,20:59:05,2026-09-19T20:59:05,NO,0,0,
2026-09-19,20:59:06,2026-09-19T20:59:06,NO,0,0,
2026-09-19,20:59:07,2026-09-19T20:59:07,NO,0,0,
2026-09-19,20:59:08,2026-09-19T20:59:08,NO,0,0,
2026-09-19,20:59:09,2026-09-19T20:59:09,NO,0,0,
2026-09-19,20:59:10,2026-09-19T20:59:10,NO,0,0,
2026-09-19,20:59:11,2026-09-19T20:59:11,NO,0,0,
2026-09-19,20:59:12,2026-09-19T20:59:12,NO,0,0,
2026-09-19,20:59:14,2026-09-19T20:59:14,NO,0,0,
2026-09-19,20:59:15,2026-09-19T20:59:15,NO,0,0,
2026-09-19,20:59:16,2026-09-19T20:59:16,NO,0,0,
2026-09-19,20:59:17,2026-09-19T20:59:17,NO,0,0,
2026-09-19,20:59:18,2026-09-19T20:59:18,NO,0,0,
2026-09-19,20:59:19,2026-09-19T20:59:19,NO,0,0,
2026-09-19,20:59:20,2026-09-19T20:59:20,NO,0,0,
2026-09-19,20:59:21,2026-09-19T20:59:21,NO,0,0,
2026-09-19,20:59:22,2026-09-19T20:59:22,NO,0,0,
2026-09-19,20:59:23,2026-09-19T20:59:23,NO,0,0,
2026-09-19,20:59:24,2026-09-19T20:59:24,NO,0,0,
2026-09-19,20:59:25,2026-09-19T20:59:25,NO,0,0,
2026-09-19,20:59:26,2026-09-19T20:59:26,NO,0,0,
2026-09-19,20:59:27,2026-09-19T20:59:27,NO,0,0,
2026-09-19,20:59:28,2026-09-19T20:59:28,NO,0,0,
2026-09-19,20:59:30,2026-09-19T20:59:30,NO,0,0,
2026-09-19,20:59:31,2026-09-19T20:59:31,NO,0,0,
2026-09-19,20:59:32,2026-09-19T20:59:32,NO,0,0,
2026-09-19,20:59:33,2026-09-19T20:59:33,NO,0,0,
2026-09-19,20:59:34,2026-09-19T20:59:34,NO,0,0,
2026-09-19,20:59:35,2026-09-19T20:59:35,NO,0,0,
2026-09-19,20:59:36,2026-09-19T20:59:36,NO,0,0,
2026-09-19,20:59:37,2026-09-19T20:59:37,NO,0,0,
2026-09-19,20:59:38,2026-09-19T20:59:38,NO,0,0,
2026-09-19,20:59:39,2026-09-19T20:59:39,NO,0,0,
2026-09-19,20:59:40,2026-09-19T20:59:40,NO,0,0,
2026-09-19,20:59:41,2026-09-19T20:59:41,NO,0,0,
2026-09-19,20:59:42,2026-09-19T20:59:42,NO,0,0,
2026-09-19,20:59:43,2026-09-19T20:59:43,NO,0,0,
2026-09-19,20:59:44,2026-09-19T20:59:44,NO,0,0,
2026-09-19,20:59:45,2026-09-19T20:59:45,NO,0,0,
2026-09-19,20:59:46,2026-09-19T20:59:46,NO,0,0,
2026-09-19,20:59:48,2026-09-19T20:59:48,NO,0,0,
2026-09-19,20:59:49,2026-09-19T20:59:49,NO,0,0,
2026-09-19,20:59:50,2026-09-19T20:59:50,NO,0,0,
2026-09-19,20:59:51,2026-09-19T20:59:51,NO,0,0,
2026-09-19,20:59:52,2026-09-19T20:59:52,NO,0,0,
2026-09-19,20:59:53,2026-09-19T20:59:53,NO,0,0,
2026-09-19,20:59:54,2026-09-19T20:59:54,NO,0,0,
2026-09-19,20:59:55,2026-09-19T20:59:55,NO,0,0,
2026-09-19,20:59:56,2026-09-19T20:59:56,NO,0,0,
2026-09-19,20:59:57,2026-09-19T20:59:57,NO,0,0,
2026-09-19,20:59:58,2026-09-19T20:59:58,NO,0,0,
2026-09-19,20:59:59,2026-09-19T20:59:59,NO,0,0,
2026-09-19,21:00:00,2026-09-19T21:00:00,NO,0,0,
2026-09-19,21:00:01,2026-09-19T21:00:01,NO,0,0,
2026-09-19,21:00:03,2026-09-19T21:00:03,NO,0,0,
2026-09-19,21:00:04,2026-09-19T21:00:04,NO,0,0,
2026-09-19,21:00:05,2026-09-19T21:00:05,NO,0,0,
2026-09-19,21:00:06,2026-09-19T21:00:06,NO,0,0,
2026-09-19,21:00:07,2026-09-19T21:00:07,NO,0,0,
2026-09-19,21:00:08,2026-09-19T21:00:08,NO,0,0,
2026-09-19,21:00:09,2026-09-19T21:00:09,NO,0,0,
2026-09-19,21:00:10,2026-09-19T21:00:10,NO,0,0,
2026-09-19,21:00:11,2026-09-19T21:00:11,NO,0,0,
2026-09-19,21:00:12,2026-09-19T21:00:12,NO,0,0,
2026-09-19,21:00:13,2026-09-19T21:00:13,NO,0,0,
2026-09-19,21:00:14,2026-09-19T21:00:14,NO,0,0,
2026-09-19,21:00:15,2026-09-19T21:00:15,NO,0,0,
2026-09-19,21:00:16,2026-09-19T21:00:16,NO,0,0,
2026-09-19,21:00:17,2026-09-19T21:00:17,NO,0,0,
2026-09-19,21:00:18,2026-09-19T21:00:18,NO,0,0,
2026-09-19,21:00:19,2026-09-19T21:00:19,NO,0,0,
2026-09-19,21:00:20,2026-09-19T21:00:20,NO,0,0,
2026-09-19,21:00:21,2026-09-19T21:00:21,NO,0,0,
2026-09-19,21:00:22,2026-09-19T21:00:22,NO,0,0,
2026-09-19,21:00:23,2026-09-19T21:00:23,NO,0,0,
2026-09-19,21:00:25,2026-09-19T21:00:25,NO,0,0,
2026-09-19,21:00:26,2026-09-19T21:00:26,NO,0,0,
2026-09-19,21:00:27,2026-09-19T21:00:27,NO,0,0,
2026-09-19,21:00:28,2026-09-19T21:00:28,NO,0,0,
2026-09-19,21:00:29,2026-09-19T21:00:29,NO,0,0,
2026-09-19,21:00:30,2026-09-19T21:00:30,NO,0,0,
2026-09-19,21:00:31,2026-09-19T21:00:31,NO,0,0,
2026-09-19,21:00:32,2026-09-19T21:00:32,NO,0,0,
2026-09-19,21:00:33,2026-09-19T21:00:33,NO,0,0,
2026-09-19,21:00:34,2026-09-19T21:00:34,NO,0,0,
2026-09-19,21:00:35,2026-09-19T21:00:35,NO,0,0,
2026-09-19,21:00:36,2026-09-19T21:00:36,NO,0,0,
2026-09-19,21:00:37,2026-09-19T21:00:37,NO,0,0,
2026-09-19,21:00:38,2026-09-19T21:00:38,NO,0,0,
2026-09-19,21:00:39,2026-09-19T21:00:39,NO,0,0,
2026-09-19,21:00:40,2026-09-19T21:00:40,NO,0,0,
2026-09-19,21:00:41,2026-09-19T21:00:41,NO,0,0,
2026-09-19,21:00:42,2026-09-19T21:00:42,NO,0,0,
2026-09-19,21:00:43,2026-09-19T21:00:43,NO,0,0,
2026-09-19,21:00:45,2026-09-19T21:00:45,NO,0,0,
2026-09-19,21:00:46,2026-09-19T21:00:46,NO,0,0,
2026-09-19,21:00:47,2026-09-19T21:00:47,NO,0,0,
2026-09-19,21:00:48,2026-09-19T21:00:48,NO,0,0,
2026-09-19,21:00:49,2026-09-19T21:00:49,NO,0,0,
2026-09-19,21:00:50,2026-09-19T21:00:50,NO,0,0,
2026-09-19,21:00:51,2026-09-19T21:00:51,NO,0,0,
2026-09-19,21:00:52,2026-09-19T21:00:52,NO,0,0,
2026-09-19,21:00:53,2026-09-19T21:00:53,NO,0,0,
2026-09-19,21:00:54,2026-09-19T21:00:54,NO,0,0,
2026-09-19,21:00:55,2026-09-19T21:00:55,NO,0,0,
2026-09-19,21:00:56,2026-09-19T21:00:56,NO,0,0,
2026-09-19,21:00:57,2026-09-19T21:00:57,NO,0,0,
2026-09-19,21:00:59,2026-09-19T21:00:59,NO,0,0,
2026-09-19,21:01:00,2026-09-19T21:01:00,NO,0,0,
2026-09-19,21:01:01,2026-09-19T21:01:01,NO,0,0,
2026-09-19,21:01:02,2026-09-19T21:01:02,NO,0,0,
2026-09-19,21:01:03,2026-09-19T21:01:03,NO,0,0,
2026-09-19,21:01:04,2026-09-19T21:01:04,NO,0,0,
2026-09-19,21:01:05,2026-09-19T21:01:05,NO,0,0,
2026-09-19,21:01:06,2026-09-19T21:01:06,NO,0,0,
2026-09-19,21:01:07,2026-09-19T21:01:07,NO,0,0,
2026-09-19,21:01:08,2026-09-19T21:01:08,NO,0,0,
2026-09-19,21:01:09,2026-09-19T21:01:09,NO,0,0,
2026-09-19,21:01:10,2026-09-19T21:01:10,NO,0,0,
2026-09-19,21:01:11,2026-09-19T21:01:11,NO,0,0,
2026-09-19,21:01:12,2026-09-19T21:01:12,NO,0,0,
2026-09-19,21:01:13,2026-09-19T21:01:13,NO,0,0,
2026-09-19,21:01:15,2026-09-19T21:01:15,NO,0,0,
2026-09-19,21:01:16,2026-09-19T21:01:16,NO,0,0,
2026-09-19,21:01:17,2026-09-19T21:01:17,NO,0,0,
2026-09-19,21:01:18,2026-09-19T21:01:18,NO,0,0,
2026-09-19,21:01:19,2026-09-19T21:01:19,NO,0,0,
2026-09-19,21:01:20,2026-09-19T21:01:20,NO,0,0,
2026-09-19,21:01:21,2026-09-19T21:01:21,NO,0,0,
2026-09-19,21:01:22,2026-09-19T21:01:22,NO,0,0,
2026-09-19,21:01:23,2026-09-19T21:01:23,NO,0,0,
2026-09-19,21:01:24,2026-09-19T21:01:24,NO,0,0,
2026-09-19,21:01:25,2026-09-19T21:01:25,NO,0,0,
2026-09-19,21:01:26,2026-09-19T21:01:26,NO,0,0,
2026-09-19,21:01:27,2026-09-19T21:01:27,NO,0,0,
2026-09-19,21:01:28,2026-09-19T21:01:28,NO,0,0,
2026-09-19,21:01:29,2026-09-19T21:01:29,NO,0,0,
2026-09-19,21:01:30,2026-09-19T21:01:30,NO,0,0,
2026-09-19,21:01:31,2026-09-19T21:01:31,NO,0,0,
2026-09-19,21:01:33,2026-09-19T21:01:33,NO,0,0,
2026-09-19,21:01:34,2026-09-19T21:01:34,NO,0,0,
2026-09-19,21:01:35,2026-09-19T21:01:35,NO,0,0,
2026-09-19,21:01:36,2026-09-19T21:01:36,NO,0,0,
2026-09-19,21:01:37,2026-09-19T21:01:37,NO,0,0,
2026-09-19,21:01:38,2026-09-19T21:01:38,NO,0,0,
2026-09-19,21:01:39,2026-09-19T21:01:39,NO,0,0,
2026-09-19,21:01:40,2026-09-19T21:01:40,NO,0,0,
2026-09-19,21:01:41,2026-09-19T21:01:41,NO,0,0,
2026-09-19,21:01:42,2026-09-19T21:01:42,NO,0,0,
2026-09-19,21:01:43,2026-09-19T21:01:43,NO,0,0,
2026-09-19,21:01:44,2026-09-19T21:01:44,NO,0,0,
2026-09-19,21:01:45,2026-09-19T21:01:45,NO,0,0,
2026-09-19,21:01:46,2026-09-19T21:01:46,NO,0,0,
2026-09-19,21:01:47,2026-09-19T21:01:47,NO,0,0,
2026-09-19,21:01:48,2026-09-19T21:01:48,NO,0,0,
2026-09-19,21:01:49,2026-09-19T21:01:49,NO,0,0,
2026-09-19,21:01:51,2026-09-19T21:01:51,NO,0,0,
2026-09-19,21:01:52,2026-09-19T21:01:52,NO,0,0,
2026-09-19,21:01:53,2026-09-19T21:01:53,NO,0,0,
2026-09-19,21:01:54,2026-09-19T21:01:54,NO,0,0,
2026-09-19,21:01:55,2026-09-19T21:01:55,NO,0,0,
2026-09-19,21:01:56,2026-09-19T21:01:56,NO,0,0,
2026-09-19,21:01:57,2026-09-19T21:01:57,NO,0,0,
2026-09-19,21:01:58,2026-09-19T21:01:58,NO,0,0,
2026-09-19,21:01:59,2026-09-19T21:01:59,NO,0,0,
2026-09-19,21:02:00,2026-09-19T21:02:00,NO,0,0,
2026-09-19,21:02:01,2026-09-19T21:02:01,NO,0,0,
2026-09-19,21:02:02,2026-09-19T21:02:02,NO,0,0,
2026-09-19,21:02:03,2026-09-19T21:02:03,NO,0,0,
2026-09-19,21:02:04,2026-09-19T21:02:04,NO,0,0,
2026-09-19,21:02:05,2026-09-19T21:02:05,NO,0,0,
2026-09-19,21:02:06,2026-09-19T21:02:06,NO,0,0,
2026-09-19,21:02:07,2026-09-19T21:02:07,NO,0,0,
2026-09-19,21:02:08,2026-09-19T21:02:08,NO,0,0,
2026-09-19,21:02:10,2026-09-19T21:02:10,NO,0,0,
2026-09-19,21:02:11,2026-09-19T21:02:11,NO,0,0,
2026-09-19,21:02:12,2026-09-19T21:02:12,NO,0,0,
2026-09-19,21:02:13,2026-09-19T21:02:13,NO,0,0,
2026-09-19,21:02:14,2026-09-19T21:02:14,NO,0,0,
2026-09-19,21:02:15,2026-09-19T21:02:15,NO,0,0,
2026-09-19,21:02:16,2026-09-19T21:02:16,NO,0,0,
2026-09-19,21:02:17,2026-09-19T21:02:17,NO,0,0,
2026-09-19,21:02:18,2026-09-19T21:02:18,NO,0,0,
2026-09-19,21:02:19,2026-09-19T21:02:19,NO,0,0,
2026-09-19,21:02:20,2026-09-19T21:02:20,NO,0,0,
2026-09-19,21:02:21,2026-09-19T21:02:21,NO,0,0,
2026-09-19,21:02:22,2026-09-19T21:02:22,NO,0,0,
2026-09-19,21:02:23,2026-09-19T21:02:23,NO,0,0,
2026-09-19,21:02:24,2026-09-19T21:02:24,NO,0,0,
2026-09-19,21:02:25,2026-09-19T21:02:25,NO,0,0,
2026-09-19,21:02:26,2026-09-19T21:02:26,NO,0,0,
2026-09-19,21:02:27,2026-09-19T21:02:27,NO,0,0,
2026-09-19,21:02:28,2026-09-19T21:02:28,NO,0,0,
2026-09-19,21:02:29,2026-09-19T21:02:29,NO,0,0,
2026-09-19,21:02:30,2026-09-19T21:02:30,NO,0,0,
2026-09-19,21:02:31,2026-09-19T21:02:31,NO,0,0,
2026-09-19,21:02:33,2026-09-19T21:02:33,NO,0,0,
2026-09-19,21:02:34,2026-09-19T21:02:34,NO,0,0,
2026-09-19,21:02:35,2026-09-19T21:02:35,NO,0,0,
2026-09-19,21:02:36,2026-09-19T21:02:36,NO,0,0,
2026-09-19,21:02:37,2026-09-19T21:02:37,NO,0,0,
2026-09-19,21:02:38,2026-09-19T21:02:38,NO,0,0,
2026-09-19,21:02:39,2026-09-19T21:02:39,NO,0,0,
2026-09-19,21:02:40,2026-09-19T21:02:40,NO,0,0,
2026-09-19,21:02:41,2026-09-19T21:02:41,NO,0,0,
2026-09-19,21:02:42,2026-09-19T21:02:42,NO,0,0,
2026-09-19,21:02:43,2026-09-19T21:02:43,NO,0,0,
2026-09-19,21:02:44,2026-09-19T21:02:44,NO,0,0,
2026-09-19,21:02:45,2026-09-19T21:02:45,NO,0,0,
2026-09-19,21:02:46,2026-09-19T21:02:46,NO,0,0,
2026-09-19,21:02:47,2026-09-19T21:02:47,NO,0,0,
2026-09-19,21:02:48,2026-09-19T21:02:48,NO,0,0,
2026-09-19,21:02:50,2026-09-19T21:02:50,NO,0,0,
2026-09-19,21:02:51,2026-09-19T21:02:51,NO,0,0,
2026-09-19,21:02:52,2026-09-19T21:02:52,NO,0,0,
2026-09-19,21:02:53,2026-09-19T21:02:53,NO,0,0,
2026-09-19,21:02:54,2026-09-19T21:02:54,NO,0,0,
2026-09-19,21:13:34,2026-09-19T21:13:34,NO,0,0,
2026-09-19,21:13:35,2026-09-19T21:13:35,NO,0,0,
2026-09-19,21:13:36,2026-09-19T21:13:36,NO,0,0,
2026-09-19,21:13:37,2026-09-19T21:13:37,NO,0,0,
2026-09-19,21:13:38,2026-09-19T21:13:38,NO,0,0,
2026-09-19,21:13:39,2026-09-19T21:13:39,NO,0,0,
2026-09-19,21:13:40,2026-09-19T21:13:40,NO,0,0,
2026-09-19,21:13:41,2026-09-19T21:13:41,NO,0,0,
2026-09-19,21:13:42,2026-09-19T21:13:42,NO,0,0,
2026-09-19,21:13:43,2026-09-19T21:13:43,NO,0,0,
2026-09-19,21:13:45,2026-09-19T21:13:45,NO,0,0,
2026-09-19,21:13:46,2026-09-19T21:13:46,NO,0,0,
2026-09-19,21:13:47,2026-09-19T21:13:47,NO,0,0,
2026-09-19,21:13:48,2026-09-19T21:13:48,NO,0,0,
2026-09-19,21:13:49,2026-09-19T21:13:49,NO,0,0,
2026-09-19,21:13:50,2026-09-19T21:13:50,NO,0,0,
2026-09-19,21:13:51,2026-09-19T21:13:51,NO,0,0,
2026-09-19,21:13:52,2026-09-19T21:13:52,NO,0,0,
2026-09-19,21:13:53,2026-09-19T21:13:53,NO,0,0,
2026-09-19,21:13:54,2026-09-19T21:13:54,NO,0,0,
2026-09-19,21:13:55,2026-09-19T21:13:55,NO,0,0,
2026-09-19,21:13:56,2026-09-19T21:13:56,NO,0,0,
2026-09-19,21:13:57,2026-09-19T21:13:57,NO,0,0,
2026-09-19,21:13:58,2026-09-19T21:13:58,NO,0,0,
2026-09-19,21:13:59,2026-09-19T21:13:59,NO,0,0,
2026-09-19,21:14:00,2026-09-19T21:14:00,NO,0,0,
2026-09-19,21:14:01,2026-09-19T21:14:01,NO,0,0,
2026-09-19,21:14:02,2026-09-19T21:14:02,NO,0,0,
2026-09-19,21:14:03,2026-09-19T21:14:03,NO,0,0,
2026-09-19,21:14:04,2026-09-19T21:14:04,NO,0,0,
2026-09-19,21:14:05,2026-09-19T21:14:05,NO,0,0,
2026-09-19,21:14:07,2026-09-19T21:14:07,NO,0,0,
2026-09-19,21:14:08,2026-09-19T21:14:08,NO,0,0,
2026-09-19,21:14:09,2026-09-19T21:14:09,NO,0,0,
2026-09-19,21:14:10,2026-09-19T21:14:10,NO,0,0,
2026-09-19,21:14:11,2026-09-19T21:14:11,NO,0,0,
2026-09-19,21:14:12,2026-09-19T21:14:12,NO,0,0,
2026-09-19,21:14:13,2026-09-19T21:14:13,NO,0,0,
2026-09-19,21:14:14,2026-09-19T21:14:14,NO,0,0,
2026-09-19,21:14:15,2026-09-19T21:14:15,NO,0,0,
2026-09-19,21:14:16,2026-09-19T21:14:16,NO,0,0,
2026-09-19,21:14:17,2026-09-19T21:14:17,NO,0,0,
2026-09-19,21:14:18,2026-09-19T21:14:18,NO,0,0,
2026-09-19,21:14:19,2026-09-19T21:14:19,NO,0,0,
2026-09-19,21:14:20,2026-09-19T21:14:20,NO,0,0,
2026-09-19,21:14:22,2026-09-19T21:14:22,NO,0,0,
2026-09-19,21:14:23,2026-09-19T21:14:23,NO,0,0,
2026-09-19,21:14:24,2026-09-19T21:14:24,NO,0,0,
2026-09-19,21:14:25,2026-09-19T21:14:25,NO,0,0,
2026-09-19,21:14:26,2026-09-19T21:14:26,NO,0,0,
2026-09-19,21:14:27,2026-09-19T21:14:27,NO,0,0,
2026-09-19,21:14:28,2026-09-19T21:14:28,NO,0,0,
2026-09-19,21:14:29,2026-09-19T21:14:29,NO,0,0,
2026-09-19,21:14:30,2026-09-19T21:14:30,YES,1,60.49,detected_elephants\elephant_20260919_211430.jpg
2026-09-19,21:14:31,2026-09-19T21:14:31,NO,0,0,
2026-09-19,21:14:32,2026-09-19T21:14:32,NO,0,0,
2026-09-19,21:14:33,2026-09-19T21:14:33,NO,0,0,
2026-09-19,21:14:34,2026-09-19T21:14:34,NO,0,0,
2026-09-19,21:14:35,2026-09-19T21:14:35,NO,0,0,
2026-09-19,21:14:36,2026-09-19T21:14:36,YES,2,58.31,detected_elephants\elephant_20260919_211436.jpg
2026-09-19,21:14:37,2026-09-19T21:14:37,NO,0,0,
2026-09-19,21:14:38,2026-09-19T21:14:38,NO,0,0,
2026-09-19,21:14:39,2026-09-19T21:14:39,NO,0,0,
2026-09-19,21:14:41,2026-09-19T21:14:41,NO,0,0,
2026-09-19,21:14:42,2026-09-19T21:14:42,NO,0,0,
2026-09-19,21:14:43,2026-09-19T21:14:43,YES,1,45.35,detected_elephants\elephant_20260919_211443.jpg
2026-09-19,21:14:44,2026-09-19T21:14:44,YES,1,76.1,detected_elephants\elephant_20260919_211443.jpg
2026-09-19,21:14:45,2026-09-19T21:14:45,NO,0,0,
2026-09-19,21:14:46,2026-09-19T21:14:46,NO,0,0,
2026-09-19,21:14:47,2026-09-19T21:14:47,NO,0,0,
2026-09-19,21:14:48,2026-09-19T21:14:48,NO,0,0,
2026-09-19,21:14:49,2026-09-19T21:14:49,NO,0,0,
2026-09-19,21:14:50,2026-09-19T21:14:50,NO,0,0,
2026-09-19,21:14:51,2026-09-19T21:14:51,NO,0,0,
2026-09-19,21:14:52,2026-09-19T21:14:52,NO,0,0,
2026-09-19,21:14:53,2026-09-19T21:14:53,NO,0,0,
2026-09-19,21:14:54,2026-09-19T21:14:54,NO,0,0,
2026-09-19,21:14:56,2026-09-19T21:14:56,NO,0,0,
2026-09-19,21:14:57,2026-09-19T21:14:57,NO,0,0,
2026-09-19,21:14:58,2026-09-19T21:14:58,NO,0,0,
2026-09-19,21:14:59,2026-09-19T21:14:59,NO,0,0,
2026-09-19,21:15:00,2026-09-19T21:15:00,NO,0,0,
2026-09-19,21:15:01,2026-09-19T21:15:01,NO,0,0,
2026-09-19,21:15:02,2026-09-19T21:15:02,NO,0,0,
2026-09-19,21:15:03,2026-09-19T21:15:03,NO,0,0,
2026-09-19,21:15:04,2026-09-19T21:15:04,NO,0,0,
2026-09-19,21:15:05,2026-09-19T21:15:05,NO,0,0,
2026-09-19,21:15:06,2026-09-19T21:15:06,NO,0,0,
2026-09-19,21:15:07,2026-09-19T21:15:07,NO,0,0,
2026-09-19,21:15:08,2026-09-19T21:15:08,NO,0,0,
2026-09-19,21:15:09,2026-09-19T21:15:09,NO,0,0,
2026-09-19,23:34:58,2026-09-19T23:34:58,NO,0,0,
2026-09-19,23:34:59,2026-09-19T23:34:59,NO,0,0,
2026-09-19,23:35:00,2026-09-19T23:35:00,NO,0,0,
2026-09-19,23:35:01,2026-09-19T23:35:01,NO,0,0,
2026-09-19,23:35:02,2026-09-19T23:35:02,NO,0,0,
2026-09-19,23:35:03,2026-09-19T23:35:03,NO,0,0,
2026-09-19,23:35:04,2026-09-19T23:35:04,NO,0,0,
2026-09-19,23:35:05,2026-09-19T23:35:05,NO,0,0,
2026-09-19,23:35:06,2026-09-19T23:35:06,NO,0,0,
2026-09-19,23:35:07,2026-09-19T23:35:07,NO,0,0,
2026-09-19,23:35:08,2026-09-19T23:35:08,NO,0,0,
2026-09-19,23:35:09,2026-09-19T23:35:09,NO,0,0,
2026-09-19,23:35:10,2026-09-19T23:35:10,NO,0,0,
2026-09-19,23:35:11,2026-09-19T23:35:11,NO,0,0,
2026-09-19,23:35:12,2026-09-19T23:35:12,NO,0,0,
2026-09-19,23:35:13,2026-09-19T23:35:13,NO,0,0,
2026-09-19,23:35:14,2026-09-19T23:35:14,NO,0,0,
2026-09-19,23:35:16,2026-09-19T23:35:16,NO,0,0,
2026-09-19,23:35:17,2026-09-19T23:35:17,NO,0,0,
2026-09-19,23:35:18,2026-09-19T23:35:18,NO,0,0,
2026-09-19,23:35:19,2026-09-19T23:35:19,NO,0,0,
2026-09-19,23:35:20,2026-09-19T23:35:20,NO,0,0,
2026-09-19,23:35:21,2026-09-19T23:35:21,NO,0,0,
2026-09-19,23:35:22,2026-09-19T23:35:22,NO,0,0,
2026-09-19,23:35:23,2026-09-19T23:35:23,NO,0,0,
2026-09-19,23:35:24,2026-09-19T23:35:24,NO,0,0,
2026-09-19,23:35:25,2026-09-19T23:35:25,NO,0,0,
2026-09-19,23:35:26,2026-09-19T23:35:26,NO,0,0,
2026-09-19,23:35:27,2026-09-19T23:35:27,NO,0,0,
2026-09-19,23:35:28,2026-09-19T23:35:28,NO,0,0,
2026-09-19,23:35:29,2026-09-19T23:35:29,NO,0,0,
2026-09-19,23:35:30,2026-09-19T23:35:30,NO,0,0,
2026-09-19,23:35:31,2026-09-19T23:35:31,NO,0,0,
2026-09-19,23:35:33,2026-09-19T23:35:33,NO,0,0,
2026-09-19,23:35:34,2026-09-19T23:35:34,YES,1,63.74,detected_elephants\elephant_20260919_233533.jpg
2026-09-19,23:35:35,2026-09-19T23:35:35,NO,0,0,
2026-09-19,23:35:36,2026-09-19T23:35:36,NO,0,0,
2026-09-19,23:35:37,2026-09-19T23:35:37,NO,0,0,
2026-09-19,23:35:38,2026-09-19T23:35:38,NO,0,0,
2026-09-19,23:35:39,2026-09-19T23:35:39,NO,0,0,
2026-09-19,23:35:40,2026-09-19T23:35:40,NO,0,0,
2026-09-19,23:35:41,2026-09-19T23:35:41,NO,0,0,
2026-09-19,23:35:42,2026-09-19T23:35:42,NO,0,0,
2026-09-19,23:35:43,2026-09-19T23:35:43,NO,0,0,
2026-09-19,23:35:44,2026-09-19T23:35:44,NO,0,0,
2026-09-19,23:35:45,2026-09-19T23:35:45,NO,0,0,
2026-09-19,23:35:46,2026-09-19T23:35:46,NO,0,0,
2026-09-19,23:35:47,2026-09-19T23:35:47,NO,0,0,
2026-09-19,23:35:48,2026-09-19T23:35:48,NO,0,0,
2026-09-19,23:35:50,2026-09-19T23:35:50,NO,0,0,
2026-09-19,23:35:51,2026-09-19T23:35:51,YES,1,48.41,detected_elephants\elephant_20260919_233551.jpg
2026-09-19,23:35:52,2026-09-19T23:35:52,NO,0,0,
2026-09-19,23:35:53,2026-09-19T23:35:53,NO,0,0,
2026-09-19,23:35:54,2026-09-19T23:35:54,NO,0,0,
2026-09-19,23:35:55,2026-09-19T23:35:55,NO,0,0,
2026-09-19,23:35:56,2026-09-19T23:35:56,NO,0,0,
2026-09-19,23:35:57,2026-09-19T23:35:57,NO,0,0,
2026-09-19,23:35:58,2026-09-19T23:35:58,NO,0,0,
2026-09-19,23:35:59,2026-09-19T23:35:59,NO,0,0,
2026-09-19,23:36:01,2026-09-19T23:36:01,NO,0,0,
2026-09-19,23:36:02,2026-09-19T23:36:02,NO,0,0,
2026-09-19,23:36:03,2026-09-19T23:36:03,NO,0,0,
2026-09-19,23:36:04,2026-09-19T23:36:04,NO,0,0,
2026-09-19,23:36:05,2026-09-19T23:36:05,NO,0,0,
2026-09-19,23:36:06,2026-09-19T23:36:06,NO,0,0,
2026-09-19,23:36:07,2026-09-19T23:36:07,NO,0,0,
2026-09-19,23:36:08,2026-09-19T23:36:08,NO,0,0,
2026-09-19,23:36:09,2026-09-19T23:36:09,NO,0,0,
2026-09-19,23:36:10,2026-09-19T23:36:10,NO,0,0,
2026-09-19,23:36:11,2026-09-19T23:36:11,NO,0,0,
2026-09-19,23:36:12,2026-09-19T23:36:12,NO,0,0,
2026-09-19,23:36:13,2026-09-19T23:36:13,NO,0,0,
2026-09-19,23:36:14,2026-09-19T23:36:14,NO,0,0,
2026-09-19,23:36:15,2026-09-19T23:36:15,NO,0,0,
2026-09-19,23:36:17,2026-09-19T23:36:17,NO,0,0,
2026-09-19,23:36:18,2026-09-19T23:36:18,NO,0,0,
2026-09-19,23:36:19,2026-09-19T23:36:19,NO,0,0,
2026-09-19,23:36:20,2026-09-19T23:36:20,NO,0,0,
2026-09-19,23:36:21,2026-09-19T23:36:21,NO,0,0,
2026-09-19,23:36:22,2026-09-19T23:36:22,NO,0,0,
2026-09-19,23:36:23,2026-09-19T23:36:23,NO,0,0,
2026-09-19,23:36:24,2026-09-19T23:36:24,NO,0,0,
2026-09-19,23:36:25,2026-09-19T23:36:25,NO,0,0,
2026-09-19,23:36:26,2026-09-19T23:36:26,NO,0,0,
2026-09-19,23:36:27,2026-09-19T23:36:27,NO,0,0,
2026-09-19,23:36:28,2026-09-19T23:36:28,NO,0,0,
2026-09-19,23:36:29,2026-09-19T23:36:29,NO,0,0,
2026-09-19,23:36:30,2026-09-19T23:36:30,NO,0,0,
2026-09-19,23:36:31,2026-09-19T23:36:31,NO,0,0,
2026-09-19,23:36:32,2026-09-19T23:36:32,NO,0,0,
2026-09-19,23:36:33,2026-09-19T23:36:33,NO,0,0,
2026-09-19,23:36:34,2026-09-19T23:36:34,NO,0,0,
2026-09-19,23:36:35,2026-09-19T23:36:35,NO,0,0,
2026-09-19,23:36:36,2026-09-19T23:36:36,NO,0,0,
2026-09-19,23:36:37,2026-09-19T23:36:37,NO,0,0,
2026-09-19,23:36:38,2026-09-19T23:36:38,NO,0,0,
2026-09-19,23:36:39,2026-09-19T23:36:39,NO,0,0,
2026-09-19,23:36:40,2026-09-19T23:36:40,NO,0,0,
2026-09-19,23:36:42,2026-09-19T23:36:42,NO,0,0,
2026-09-19,23:36:43,2026-09-19T23:36:43,NO,0,0,
2026-09-19,23:36:44,2026-09-19T23:36:44,NO,0,0,
2026-09-19,23:36:45,2026-09-19T23:36:45,NO,0,0,
2026-09-19,23:36:46,2026-09-19T23:36:46,NO,0,0,
2026-09-19,23:36:47,2026-09-19T23:36:47,NO,0,0,
2026-09-19,23:36:48,2026-09-19T23:36:48,NO,0,0,
2026-09-19,23:36:49,2026-09-19T23:36:49,NO,0,0,
2026-09-19,23:36:50,2026-09-19T23:36:50,NO,0,0,
2026-09-19,23:36:51,2026-09-19T23:36:51,NO,0,0,
2026-09-19,23:36:52,2026-09-19T23:36:52,NO,0,0,
2026-09-19,23:36:53,2026-09-19T23:36:53,NO,0,0,
2026-09-19,23:36:54,2026-09-19T23:36:54,NO,0,0,
2026-09-19,23:36:55,2026-09-19T23:36:55,NO,0,0,
2026-09-19,23:36:56,2026-09-19T23:36:56,NO,0,0,
2026-09-19,23:36:57,2026-09-19T23:36:57,NO,0,0,
2026-09-19,23:36:58,2026-09-19T23:36:58,NO,0,0,
2026-09-19,23:36:59,2026-09-19T23:36:59,NO,0,0,
2026-09-19,23:37:00,2026-09-19T23:37:00,NO,0,0,
2026-09-19,23:37:02,2026-09-19T23:37:02,NO,0,0,
2026-09-19,23:37:03,2026-09-19T23:37:03,NO,0,0,
2026-09-19,23:37:04,2026-09-19T23:37:04,NO,0,0,
2026-09-19,23:37:05,2026-09-19T23:37:05,NO,0,0,
2026-09-19,23:37:06,2026-09-19T23:37:06,NO,0,0,
2026-09-19,23:37:07,2026-09-19T23:37:07,NO,0,0,
2026-09-19,23:37:08,2026-09-19T23:37:08,NO,0,0,
2026-09-19,23:37:09,2026-09-19T23:37:09,NO,0,0,
2026-09-19,23:37:10,2026-09-19T23:37:10,NO,0,0,
2026-09-19,23:37:11,2026-09-19T23:37:11,NO,0,0,
2026-09-19,23:37:12,2026-09-19T23:37:12,NO,0,0,
2026-09-19,23:37:13,2026-09-19T23:37:13,NO,0,0,
2026-09-19,23:37:14,2026-09-19T23:37:14,NO,0,0,
2026-09-19,23:37:15,2026-09-19T23:37:15,NO,0,0,
2026-09-19,23:37:16,2026-09-19T23:37:16,NO,0,0,
2026-09-19,23:37:17,2026-09-19T23:37:17,NO,0,0,
2026-09-19,23:37:18,2026-09-19T23:37:18,NO,0,0,
2026-09-19,23:37:19,2026-09-19T23:37:19,NO,0,0,
2026-09-19,23:37:20,2026-09-19T23:37:20,NO,0,0,
2026-09-19,23:37:22,2026-09-19T23:37:22,YES,2,82.57,detected_elephants\elephant_20260919_233721.jpg
2026-09-19,23:37:23,2026-09-19T23:37:23,YES,1,78.3,detected_elephants\elephant_20260919_233721.jpg
2026-09-19,23:37:24,2026-09-19T23:37:24,YES,2,77.24,detected_elephants\elephant_20260919_233721.jpg
2026-09-19,23:37:25,2026-09-19T23:37:25,NO,0,0,
2026-09-19,23:37:26,2026-09-19T23:37:26,NO,0,0,
2026-09-19,23:37:27,2026-09-19T23:37:27,NO,0,0,
2026-09-19,23:37:28,2026-09-19T23:37:28,NO,0,0,
2026-09-19,23:37:29,2026-09-19T23:37:29,NO,0,0,
2026-09-19,23:37:30,2026-09-19T23:37:30,NO,0,0,
2026-09-19,23:37:31,2026-09-19T23:37:31,NO,0,0,
2026-09-19,23:37:32,2026-09-19T23:37:32,NO,0,0,
2026-09-19,23:37:33,2026-09-19T23:37:33,NO,0,0,
2026-09-19,23:37:34,2026-09-19T23:37:34,NO,0,0,
2026-09-19,23:37:35,2026-09-19T23:37:35,NO,0,0,
2026-09-19,23:37:36,2026-09-19T23:37:36,NO,0,0,
2026-09-19,23:37:37,2026-09-19T23:37:37,NO,0,0,
2026-09-19,23:37:38,2026-09-19T23:37:38,NO,0,0,
2026-09-19,23:37:40,2026-09-19T23:37:40,NO,0,0,
2026-09-19,23:44:04,2026-09-19T23:44:04,NO,0,0,
2026-09-19,23:44:05,2026-09-19T23:44:05,NO,0,0,
2026-09-19,23:44:06,2026-09-19T23:44:06,NO,0,0,
2026-09-19,23:44:07,2026-09-19T23:44:07,NO,0,0,
2026-09-19,23:44:08,2026-09-19T23:44:08,NO,0,0,
2026-09-19,23:44:09,2026-09-19T23:44:09,NO,0,0,
2026-09-19,23:44:10,2026-09-19T23:44:10,NO,0,0,
2026-09-19,23:44:12,2026-09-19T23:44:12,NO,0,0,
2026-09-19,23:44:13,2026-09-19T23:44:13,NO,0,0,
2026-09-19,23:44:14,2026-09-19T23:44:14,NO,0,0,
2026-09-19,23:44:15,2026-09-19T23:44:15,NO,0,0,
2026-09-19,23:44:16,2026-09-19T23:44:16,NO,0,0,
2026-09-19,23:44:17,2026-09-19T23:44:17,NO,0,0,
2026-09-19,23:44:19,2026-09-19T23:44:19,NO,0,0,
2026-09-19,23:44:20,2026-09-19T23:44:20,NO,0,0,
2026-09-19,23:44:21,2026-09-19T23:44:21,NO,0,0,
2026-09-19,23:44:22,2026-09-19T23:44:22,NO,0,0,
2026-09-19,23:44:23,2026-09-19T23:44:23,NO,0,0,
2026-09-19,23:44:24,2026-09-19T23:44:24,NO,0,0,
2026-09-19,23:44:25,2026-09-19T23:44:25,NO,0,0,
2026-09-19,23:44:27,2026-09-19T23:44:27,NO,0,0,
2026-09-19,23:44:28,2026-09-19T23:44:28,NO,0,0,
2026-09-19,23:44:29,2026-09-19T23:44:29,NO,0,0,
2026-09-19,23:44:30,2026-09-19T23:44:30,NO,0,0,
2026-09-19,23:44:31,2026-09-19T23:44:31,NO,0,0,
2026-09-19,23:44:32,2026-09-19T23:44:32,NO,0,0,
2026-09-19,23:44:33,2026-09-19T23:44:33,NO,0,0,
2026-09-19,23:44:34,2026-09-19T23:44:34,NO,0,0,
2026-09-19,23:44:35,2026-09-19T23:44:35,NO,0,0,
2026-09-19,23:44:36,2026-09-19T23:44:36,NO,0,0,
2026-09-19,23:44:37,2026-09-19T23:44:37,NO,0,0,
2026-09-19,23:44:38,2026-09-19T23:44:38,NO,0,0,
2026-09-19,23:44:39,2026-09-19T23:44:39,NO,0,0,
2026-09-19,23:44:40,2026-09-19T23:44:40,NO,0,0,
2026-09-19,23:44:41,2026-09-19T23:44:41,NO,0,0,
2026-09-19,23:44:42,2026-09-19T23:44:42,NO,0,0,
2026-09-19,23:44:44,2026-09-19T23:44:44,NO,0,0,
2026-09-19,23:44:45,2026-09-19T23:44:45,NO,0,0,
2026-09-19,23:44:46,2026-09-19T23:44:46,NO,0,0,
2026-09-19,23:44:47,2026-09-19T23:44:47,NO,0,0,
2026-09-19,23:44:48,2026-09-19T23:44:48,NO,0,0,
2026-09-19,23:44:49,2026-09-19T23:44:49,NO,0,0,
2026-09-19,23:44:50,2026-09-19T23:44:50,NO,0,0,
2026-09-19,23:44:51,2026-09-19T23:44:51,NO,0,0,
2026-09-19,23:44:52,2026-09-19T23:44:52,NO,0,0,
2026-09-19,23:44:53,2026-09-19T23:44:53,NO,0,0,
2026-09-19,23:44:54,2026-09-19T23:44:54,NO,0,0,
2026-09-19,23:44:55,2026-09-19T23:44:55,NO,0,0,
2026-09-19,23:44:56,2026-09-19T23:44:56,NO,0,0,
2026-09-19,23:44:57,2026-09-19T23:44:57,NO,0,0,
2026-09-19,23:44:58,2026-09-19T23:44:58,NO,0,0,
2026-09-19,23:44:59,2026-09-19T23:44:59,NO,0,0,
2026-09-19,23:45:00,2026-09-19T23:45:00,NO,0,0,
2026-09-19,23:45:01,2026-09-19T23:45:01,NO,0,0,
2026-09-19,23:45:02,2026-09-19T23:45:02,NO,0,0,
2026-09-19,23:45:03,2026-09-19T23:45:03,NO,0,0,
2026-09-19,23:45:04,2026-09-19T23:45:04,NO,0,0,
2026-09-19,23:45:05,2026-09-19T23:45:05,NO,0,0,
2026-09-19,23:45:07,2026-09-19T23:45:07,NO,0,0,
2026-09-19,23:45:08,2026-09-19T23:45:08,NO,0,0,
2026-09-19,23:45:09,2026-09-19T23:45:09,NO,0,0,
2026-09-19,23:45:10,2026-09-19T23:45:10,NO,0,0,
2026-09-19,23:45:11,2026-09-19T23:45:11,NO,0,0,
2026-09-19,23:45:12,2026-09-19T23:45:12,NO,0,0,
2026-09-19,23:45:13,2026-09-19T23:45:13,NO,0,0,
2026-09-19,23:45:14,2026-09-19T23:45:14,NO,0,0,
2026-09-19,23:45:15,2026-09-19T23:45:15,NO,0,0,
2026-09-19,23:45:16,2026-09-19T23:45:16,NO,0,0,
2026-09-19,23:45:17,2026-09-19T23:45:17,NO,0,0,
2026-09-19,23:45:18,2026-09-19T23:45:18,NO,0,0,
2026-09-19,23:45:19,2026-09-19T23:45:19,NO,0,0,
2026-09-19,23:45:20,2026-09-19T23:45:20,NO,0,0,
2026-09-19,23:45:21,2026-09-19T23:45:21,NO,0,0,
2026-09-19,23:45:22,2026-09-19T23:45:22,NO,0,0,
2026-09-19,23:45:23,2026-09-19T23:45:23,NO,0,0,
2026-09-19,23:45:24,2026-09-19T23:45:24,NO,0,0,
2026-09-19,23:45:25,2026-09-19T23:45:25,NO,0,0,
2026-09-19,23:45:27,2026-09-19T23:45:27,NO,0,0,
2026-09-19,23:45:28,2026-09-19T23:45:28,NO,0,0,
2026-09-19,23:45:29,2026-09-19T23:45:29,NO,0,0,
2026-09-19,23:45:30,2026-09-19T23:45:30,NO,0,0,
2026-09-19,23:45:31,2026-09-19T23:45:31,NO,0,0,
2026-09-19,23:45:32,2026-09-19T23:45:32,NO,0,0,
2026-09-19,23:45:33,2026-09-19T23:45:33,NO,0,0,
2026-09-19,23:45:34,2026-09-19T23:45:34,NO,0,0,
2026-09-19,23:45:35,2026-09-19T23:45:35,NO,0,0,
2026-09-19,23:45:36,2026-09-19T23:45:36,NO,0,0,
2026-09-19,23:45:37,2026-09-19T23:45:37,NO,0,0,
2026-09-19,23:45:38,2026-09-19T23:45:38,NO,0,0,
2026-09-19,23:45:39,2026-09-19T23:45:39,NO,0,0,
2026-09-19,23:45:40,2026-09-19T23:45:40,NO,0,0,
2026-09-19,23:45:41,2026-09-19T23:45:41,NO,0,0,
2026-09-19,23:45:42,2026-09-19T23:45:42,NO,0,0,
2026-09-19,23:45:43,2026-09-19T23:45:43,NO,0,0,
2026-09-19,23:45:44,2026-09-19T23:45:44,NO,0,0,
2026-09-19,23:45:46,2026-09-19T23:45:46,NO,0,0,
2026-09-19,23:45:47,2026-09-19T23:45:47,NO,0,0,
2026-09-19,23:45:48,2026-09-19T23:45:48,NO,0,0,
2026-09-19,23:45:49,2026-09-19T23:45:49,NO,0,0,
2026-09-19,23:45:50,2026-09-19T23:45:50,NO,0,0,
2026-09-19,23:45:51,2026-09-19T23:45:51,NO,0,0,
2026-09-19,23:45:52,2026-09-19T23:45:52,NO,0,0,
2026-09-19,23:45:53,2026-09-19T23:45:53,NO,0,0,
2026-09-19,23:45:54,2026-09-19T23:45:54,NO,0,0,
2026-09-19,23:45:55,2026-09-19T23:45:55,NO,0,0,
2026-09-19,23:45:56,2026-09-19T23:45:56,NO,0,0,
2026-09-19,23:45:57,2026-09-19T23:45:57,NO,0,0,
2026-09-19,23:45:58,2026-09-19T23:45:58,NO,0,0,
2026-09-19,23:45:59,2026-09-19T23:45:59,NO,0,0,
2026-09-19,23:46:00,2026-09-19T23:46:00,NO,0,0,
2026-09-19,23:46:01,2026-09-19T23:46:01,NO,0,0,
2026-09-19,23:46:02,2026-09-19T23:46:02,NO,0,0,
2026-09-19,23:46:03,2026-09-19T23:46:03,NO,0,0,
2026-09-19,23:46:04,2026-09-19T23:46:04,NO,0,0,
2026-09-19,23:46:05,2026-09-19T23:46:05,NO,0,0,
2026-09-19,23:46:06,2026-09-19T23:46:06,NO,0,0,
2026-09-19,23:46:08,2026-09-19T23:46:08,NO,0,0,
2026-09-19,23:46:09,2026-09-19T23:46:09,NO,0,0,
2026-09-19,23:46:10,2026-09-19T23:46:10,NO,0,0,
2026-09-19,23:46:11,2026-09-19T23:46:11,NO,0,0,
2026-09-19,23:46:12,2026-09-19T23:46:12,NO,0,0,
2026-09-19,23:46:13,2026-09-19T23:46:13,NO,0,0,
2026-09-19,23:46:14,2026-09-19T23:46:14,NO,0,0,
2026-09-19,23:46:15,2026-09-19T23:46:15,NO,0,0,
2026-09-19,23:46:16,2026-09-19T23:46:16,NO,0,0,
2026-09-19,23:46:17,2026-09-19T23:46:17,NO,0,0,
2026-09-19,23:46:18,2026-09-19T23:46:18,NO,0,0,
2026-09-19,23:46:19,2026-09-19T23:46:19,NO,0,0,
2026-09-19,23:46:20,2026-09-19T23:46:20,NO,0,0,
2026-09-19,23:46:21,2026-09-19T23:46:21,NO,0,0,
2026-09-19,23:46:23,2026-09-19T23:46:23,NO,0,0,
2026-09-19,23:46:24,2026-09-19T23:46:24,NO,0,0,
2026-09-19,23:46:25,2026-09-19T23:46:25,NO,0,0,
2026-09-19,23:46:26,2026-09-19T23:46:26,NO,0,0,
2026-09-19,23:46:27,2026-09-19T23:46:27,NO,0,0,
2026-09-19,23:46:28,2026-09-19T23:46:28,NO,0,0,
2026-09-19,23:46:29,2026-09-19T23:46:29,NO,0,0,
2026-09-19,23:46:30,2026-09-19T23:46:30,NO,0,0,
2026-09-19,23:46:31,2026-09-19T23:46:31,NO,0,0,
2026-09-19,23:46:32,2026-09-19T23:46:32,NO,0,0,
2026-09-19,23:46:33,2026-09-19T23:46:33,NO,0,0,
2026-09-19,23:46:34,2026-09-19T23:46:34,NO,0,0,
2026-09-19,23:46:35,2026-09-19T23:46:35,NO,0,0,
2026-09-19,23:46:36,2026-09-19T23:46:36,NO,0,0,
2026-09-19,23:46:37,2026-09-19T23:46:37,NO,0,0,
2026-09-19,23:46:38,2026-09-19T23:46:38,NO,0,0,
2026-09-19,23:46:39,2026-09-19T23:46:39,NO,0,0,
2026-09-19,23:46:40,2026-09-19T23:46:40,NO,0,0,
2026-09-19,23:46:41,2026-09-19T23:46:41,NO,0,0,
2026-09-19,23:46:42,2026-09-19T23:46:42,NO,0,0,
2026-09-19,23:46:44,2026-09-19T23:46:44,NO,0,0,
2026-09-19,23:46:45,2026-09-19T23:46:45,NO,0,0,
2026-09-19,23:46:46,2026-09-19T23:46:46,NO,0,0,
2026-09-19,23:46:47,2026-09-19T23:46:47,NO,0,0,
2026-09-19,23:46:48,2026-09-19T23:46:48,NO,0,0,
2026-09-19,23:46:49,2026-09-19T23:46:49,NO,0,0,
2026-09-19,23:46:50,2026-09-19T23:46:50,NO,0,0,
2026-09-19,23:46:51,2026-09-19T23:46:51,NO,0,0,
2026-09-19,23:46:52,2026-09-19T23:46:52,NO,0,0,
2026-09-19,23:46:53,2026-09-19T23:46:53,NO,0,0,
2026-09-19,23:46:54,2026-09-19T23:46:54,NO,0,0,
2026-09-19,23:46:55,2026-09-19T23:46:55,NO,0,0,
2026-09-19,23:46:56,2026-09-19T23:46:56,NO,0,0,
2026-09-19,23:46:57,2026-09-19T23:46:57,NO,0,0,
2026-09-19,23:46:59,2026-09-19T23:46:59,NO,0,0,
2026-09-19,23:47:00,2026-09-19T23:47:00,NO,0,0,
2026-09-19,23:47:01,2026-09-19T23:47:01,NO,0,0,
2026-09-19,23:47:02,2026-09-19T23:47:02,NO,0,0,
2026-09-19,23:47:03,2026-09-19T23:47:03,NO,0,0,
2026-09-19,23:47:04,2026-09-19T23:47:04,NO,0,0,
2026-09-19,23:47:05,2026-09-19T23:47:05,NO,0,0,
2026-09-19,23:47:06,2026-09-19T23:47:06,NO,0,0,
2026-09-19,23:47:07,2026-09-19T23:47:07,NO,0,0,
2026-09-19,23:47:08,2026-09-19T23:47:08,NO,0,0,
2026-09-19,23:47:09,2026-09-19T23:47:09,NO,0,0,
2026-09-19,23:47:10,2026-09-19T23:47:10,NO,0,0,
2026-09-19,23:47:11,2026-09-19T23:47:11,NO,0,0,
2026-09-19,23:47:12,2026-09-19T23:47:12,NO,0,0,
2026-09-19,23:47:13,2026-09-19T23:47:13,NO,0,0,
2026-09-19,23:47:15,2026-09-19T23:47:15,NO,0,0,
2026-09-19,23:47:16,2026-09-19T23:47:16,NO,0,0,
2026-09-19,23:47:17,2026-09-19T23:47:17,NO,0,0,
2026-09-19,23:47:18,2026-09-19T23:47:18,NO,0,0,
2026-09-19,23:47:19,2026-09-19T23:47:19,NO,0,0,
2026-09-19,23:47:20,2026-09-19T23:47:20,NO,0,0,
2026-09-19,23:47:21,2026-09-19T23:47:21,NO,0,0,
2026-09-19,23:47:22,2026-09-19T23:47:22,NO,0,0,
2026-09-19,23:47:23,2026-09-19T23:47:23,NO,0,0,
2026-09-19,23:47:24,2026-09-19T23:47:24,NO,0,0,
2026-09-19,23:47:25,2026-09-19T23:47:25,NO,0,0,
2026-09-19,23:47:26,2026-09-19T23:47:26,NO,0,0,
2026-09-19,23:47:27,2026-09-19T23:47:27,NO,0,0,
2026-09-19,23:47:28,2026-09-19T23:47:28,NO,0,0,
2026-09-19,23:47:29,2026-09-19T23:47:29,NO,0,0,
2026-09-19,23:47:31,2026-09-19T23:47:31,NO,0,0,
2026-09-19,23:47:32,2026-09-19T23:47:32,NO,0,0,
2026-09-19,23:47:33,2026-09-19T23:47:33,NO,0,0,
2026-09-19,23:47:34,2026-09-19T23:47:34,NO,0,0,
2026-09-19,23:47:35,2026-09-19T23:47:35,NO,0,0,
2026-09-19,23:47:36,2026-09-19T23:47:36,NO,0,0,
2026-09-19,23:47:37,2026-09-19T23:47:37,NO,0,0,
2026-09-19,23:47:38,2026-09-19T23:47:38,NO,0,0,
2026-09-19,23:47:39,2026-09-19T23:47:39,NO,0,0,
2026-09-19,23:47:40,2026-09-19T23:47:40,NO,0,0,
2026-09-19,23:47:41,2026-09-19T23:47:41,NO,0,0,
2026-09-19,23:47:42,2026-09-19T23:47:42,NO,0,0,
2026-09-19,23:47:43,2026-09-19T23:47:43,NO,0,0,
2026-09-19,23:47:44,2026-09-19T23:47:44,NO,0,0,
2026-09-19,23:47:45,2026-09-19T23:47:45,NO,0,0,
2026-09-19,23:47:46,2026-09-19T23:47:46,NO,0,0,
2026-09-19,23:47:48,2026-09-19T23:47:48,NO,0,0,
2026-09-19,23:47:49,2026-09-19T23:47:49,NO,0,0,
2026-09-19,23:47:50,2026-09-19T23:47:50,NO,0,0,
2026-09-19,23:47:51,2026-09-19T23:47:51,NO,0,0,
2026-09-19,23:47:52,2026-09-19T23:47:52,NO,0,0,
2026-09-19,23:47:53,2026-09-19T23:47:53,NO,0,0,
2026-09-19,23:47:54,2026-09-19T23:47:54,NO,0,0,
2026-09-19,23:47:55,2026-09-19T23:47:55,NO,0,0,
2026-09-19,23:47:56,2026-09-19T23:47:56,NO,0,0,
2026-09-19,23:47:57,2026-09-19T23:47:57,NO,0,0,
2026-09-19,23:47:58,2026-09-19T23:47:58,NO,0,0,
2026-09-19,23:47:59,2026-09-19T23:47:59,NO,0,0,
2026-09-19,23:48:00,2026-09-19T23:48:00,NO,0,0,
2026-09-19,23:48:01,2026-09-19T23:48:01,NO,0,0,
2026-09-19,23:48:02,2026-09-19T23:48:02,NO,0,0,
2026-09-19,23:48:03,2026-09-19T23:48:03,NO,0,0,
2026-09-19,23:48:04,2026-09-19T23:48:04,NO,0,0,
2026-09-19,23:48:05,2026-09-19T23:48:05,NO,0,0,
2026-09-19,23:48:06,2026-09-19T23:48:06,NO,0,0,
2026-09-19,23:48:07,2026-09-19T23:48:07,NO,0,0,
2026-09-19,23:48:08,2026-09-19T23:48:08,NO,0,0,
2026-09-19,23:48:09,2026-09-19T23:48:09,NO,0,0,
2026-09-19,23:48:11,2026-09-19T23:48:11,NO,0,0,
2026-09-19,23:48:12,2026-09-19T23:48:12,NO,0,0,
2026-09-19,23:48:13,2026-09-19T23:48:13,NO,0,0,
2026-09-19,23:48:14,2026-09-19T23:48:14,NO,0,0,
2026-09-19,23:48:15,2026-09-19T23:48:15,NO,0,0,
2026-09-19,23:48:16,2026-09-19T23:48:16,NO,0,0,
2026-09-19,23:48:17,2026-09-19T23:48:17,NO,0,0,
2026-09-19,23:48:18,2026-09-19T23:48:18,NO,0,0,
2026-09-19,23:48:19,2026-09-19T23:48:19,NO,0,0,
2026-09-19,23:48:20,2026-09-19T23:48:20,NO,0,0,
2026-09-19,23:48:21,2026-09-19T23:48:21,NO,0,0,
2026-09-19,23:48:22,2026-09-19T23:48:22,NO,0,0,
2026-09-19,23:48:23,2026-09-19T23:48:23,NO,0,0,
2026-09-19,23:48:24,2026-09-19T23:48:24,NO,0,0,
2026-09-19,23:48:25,2026-09-19T23:48:25,NO,0,0,
2026-09-19,23:48:26,2026-09-19T23:48:26,NO,0,0,
2026-09-19,23:48:28,2026-09-19T23:48:28,NO,0,0,
2026-09-19,23:48:29,2026-09-19T23:48:29,NO,0,0,
2026-09-19,23:48:30,2026-09-19T23:48:30,NO,0,0,
2026-09-19,23:48:31,2026-09-19T23:48:31,NO,0,0,
2026-09-19,23:48:32,2026-09-19T23:48:32,NO,0,0,
2026-09-19,23:48:33,2026-09-19T23:48:33,NO,0,0,
2026-09-19,23:48:34,2026-09-19T23:48:34,NO,0,0,
2026-09-19,23:48:35,2026-09-19T23:48:35,NO,0,0,
2026-09-19,23:48:36,2026-09-19T23:48:36,NO,0,0,
2026-09-19,23:48:37,2026-09-19T23:48:37,NO,0,0,
2026-09-19,23:48:38,2026-09-19T23:48:38,NO,0,0,
2026-09-19,23:48:39,2026-09-19T23:48:39,NO,0,0,
2026-09-19,23:48:40,2026-09-19T23:48:40,NO,0,0,
2026-09-19,23:48:41,2026-09-19T23:48:41,NO,0,0,
2026-09-19,23:48:42,2026-09-19T23:48:42,NO,0,0,
2026-09-19,23:48:43,2026-09-19T23:48:43,NO,0,0,
2026-09-19,23:48:44,2026-09-19T23:48:44,NO,0,0,
2026-09-19,23:48:45,2026-09-19T23:48:45,NO,0,0,
2026-09-19,23:48:46,2026-09-19T23:48:46,NO,0,0,
2026-09-19,23:48:47,2026-09-19T23:48:47,NO,0,0,
2026-09-19,23:48:49,2026-09-19T23:48:49,NO,0,0,
2026-09-19,23:48:50,2026-09-19T23:48:50,NO,0,0,
2026-09-19,23:48:51,2026-09-19T23:48:51,NO,0,0,
2026-09-19,23:48:52,2026-09-19T23:48:52,YES,1,55.27,detected_elephants\elephant_20260919_234852.jpg
2026-09-19,23:48:53,2026-09-19T23:48:53,YES,3,71.82,detected_elephants\elephant_20260919_234853.jpg
2026-09-19,23:48:54,2026-09-19T23:48:54,YES,2,67.43,detected_elephants\elephant_20260919_234854.jpg
2026-09-19,23:48:55,2026-09-19T23:48:55,YES,2,57.32,detected_elephants\elephant_20260919_234854.jpg
2026-09-19,23:48:56,2026-09-19T23:48:56,NO,0,0,
2026-09-19,23:48:57,2026-09-19T23:48:57,NO,0,0,
2026-09-19,23:48:58,2026-09-19T23:48:58,NO,0,0,
2026-09-19,23:48:59,2026-09-19T23:48:59,NO,0,0,
2026-09-19,23:49:00,2026-09-19T23:49:00,NO,0,0,
2026-09-19,23:49:01,2026-09-19T23:49:01,NO,0,0,
2026-09-19,23:49:03,2026-09-19T23:49:03,NO,0,0,
2026-09-19,23:49:04,2026-09-19T23:49:04,NO,0,0,
2026-09-19,23:49:05,2026-09-19T23:49:05,NO,0,0,
2026-09-19,23:49:06,2026-09-19T23:49:06,NO,0,0,
2026-09-19,23:49:07,2026-09-19T23:49:07,NO,0,0,
2026-09-19,23:49:08,2026-09-19T23:49:08,NO,0,0,
2026-09-19,23:49:09,2026-09-19T23:49:09,NO,0,0,
2026-09-19,23:49:10,2026-09-19T23:49:10,NO,0,0,
2026-09-19,23:49:11,2026-09-19T23:49:11,NO,0,0,
2026-09-19,23:49:12,2026-09-19T23:49:12,NO,0,0,
2026-09-19,23:49:13,2026-09-19T23:49:13,NO,0,0,
2026-09-19,23:49:14,2026-09-19T23:49:14,NO,0,0,
2026-09-19,23:49:15,2026-09-19T23:49:15,NO,0,0,
2026-09-19,23:49:16,2026-09-19T23:49:16,NO,0,0,
2026-09-19,23:49:17,2026-09-19T23:49:17,NO,0,0,
2026-09-19,23:49:18,2026-09-19T23:49:18,NO,0,0,
2026-09-19,23:49:19,2026-09-19T23:49:19,NO,0,0,
2026-09-19,23:49:21,2026-09-19T23:49:21,NO,0,0,
2026-09-19,23:49:22,2026-09-19T23:49:22,NO,0,0,
2026-09-19,23:49:23,2026-09-19T23:49:23,NO,0,0,
2026-09-19,23:49:24,2026-09-19T23:49:24,NO,0,0,
2026-09-19,23:49:25,2026-09-19T23:49:25,NO,0,0,
2026-09-19,23:49:26,2026-09-19T23:49:26,NO,0,0,
2026-09-19,23:49:27,2026-09-19T23:49:27,NO,0,0,
2026-09-19,23:49:28,2026-09-19T23:49:28,NO,0,0,
2026-09-19,23:49:29,2026-09-19T23:49:29,NO,0,0,
2026-09-19,23:49:30,2026-09-19T23:49:30,NO,0,0,
2026-09-19,23:49:31,2026-09-19T23:49:31,NO,0,0,
2026-09-19,23:49:32,2026-09-19T23:49:32,NO,0,0,
2026-09-19,23:49:33,2026-09-19T23:49:33,NO,0,0,
2026-09-19,23:49:35,2026-09-19T23:49:35,NO,0,0,
2026-09-19,23:49:36,2026-09-19T23:49:36,NO,0,0,
2026-09-19,23:49:37,2026-09-19T23:49:37,NO,0,0,
2026-09-19,23:49:38,2026-09-19T23:49:38,NO,0,0,
2026-09-19,23:49:39,2026-09-19T23:49:39,NO,0,0,
2026-09-19,23:49:40,2026-09-19T23:49:40,NO,0,0,
2026-09-19,23:49:41,2026-09-19T23:49:41,NO,0,0,
2026-09-19,23:49:42,2026-09-19T23:49:42,NO,0,0,
2026-09-19,23:49:43,2026-09-19T23:49:43,NO,0,0,
2026-09-19,23:49:44,2026-09-19T23:49:44,NO,0,0,
2026-09-19,23:49:45,2026-09-19T23:49:45,NO,0,0,
2026-09-19,23:49:46,2026-09-19T23:49:46,NO,0,0,
2026-09-19,23:49:47,2026-09-19T23:49:47,NO,0,0,
2026-09-19,23:49:48,2026-09-19T23:49:48,NO,0,0,
2026-09-19,23:49:49,2026-09-19T23:49:49,NO,0,0,
2026-09-19,23:49:50,2026-09-19T23:49:50,NO,0,0,
2026-09-19,23:49:51,2026-09-19T23:49:51,NO,0,0,
2026-09-19,23:49:52,2026-09-19T23:49:52,NO,0,0,
2026-09-19,23:49:54,2026-09-19T23:49:54,NO,0,0,
2026-09-19,23:49:55,2026-09-19T23:49:55,NO,0,0,
2026-09-19,23:49:56,2026-09-19T23:49:56,NO,0,0,
2026-09-19,23:49:57,2026-09-19T23:49:57,NO,0,0,
2026-09-19,23:49:58,2026-09-19T23:49:58,NO,0,0,
2026-09-19,23:49:59,2026-09-19T23:49:59,NO,0,0,
2026-09-19,23:50:00,2026-09-19T23:50:00,NO,0,0,
2026-09-19,23:50:01,2026-09-19T23:50:01,NO,0,0,
2026-09-19,23:50:02,2026-09-19T23:50:02,NO,0,0,
2026-09-19,23:50:03,2026-09-19T23:50:03,NO,0,0,
2026-09-19,23:50:04,2026-09-19T23:50:04,NO,0,0,
2026-09-19,23:50:05,2026-09-19T23:50:05,NO,0,0,
2026-09-19,23:50:06,2026-09-19T23:50:06,NO,0,0,
2026-09-19,23:50:07,2026-09-19T23:50:07,NO,0,0,
2026-09-19,23:50:08,2026-09-19T23:50:08,NO,0,0,
2026-09-19,23:50:09,2026-09-19T23:50:09,NO,0,0,
2026-09-19,23:50:10,2026-09-19T23:50:10,NO,0,0,
2026-09-19,23:50:11,2026-09-19T23:50:11,NO,0,0,
2026-09-19,23:50:12,2026-09-19T23:50:12,NO,0,0,
2026-09-19,23:50:13,2026-09-19T23:50:13,NO,0,0,
2026-09-19,23:50:14,2026-09-19T23:50:14,NO,0,0,
2026-09-19,23:50:15,2026-09-19T23:50:15,NO,0,0,
2026-09-19,23:50:16,2026-09-19T23:50:16,NO,0,0,
2026-09-19,23:50:17,2026-09-19T23:50:17,NO,0,0,
2026-09-19,23:50:19,2026-09-19T23:50:19,NO,0,0,
2026-09-19,23:50:20,2026-09-19T23:50:20,NO,0,0,
2026-09-19,23:50:21,2026-09-19T23:50:21,NO,0,0,
2026-09-19,23:50:22,2026-09-19T23:50:22,NO,0,0,
2026-09-19,23:50:23,2026-09-19T23:50:23,NO,0,0,
2026-09-19,23:50:24,2026-09-19T23:50:24,NO,0,0,
2026-09-19,23:50:25,2026-09-19T23:50:25,NO,0,0,
2026-09-19,23:50:26,2026-09-19T23:50:26,NO,0,0,
2026-09-19,23:50:27,2026-09-19T23:50:27,NO,0,0,
2026-09-19,23:50:28,2026-09-19T23:50:28,NO,0,0,
2026-09-19,23:50:29,2026-09-19T23:50:29,NO,0,0,
2026-09-19,23:50:30,2026-09-19T23:50:30,NO,0,0,
2026-09-19,23:50:31,2026-09-19T23:50:31,NO,0,0,
2026-09-19,23:50:32,2026-09-19T23:50:32,NO,0,0,
2026-09-19,23:50:33,2026-09-19T23:50:33,NO,0,0,
2026-09-19,23:50:35,2026-09-19T23:50:35,NO,0,0,
2026-09-19,23:50:36,2026-09-19T23:50:36,NO,0,0,
2026-09-19,23:50:37,2026-09-19T23:50:37,NO,0,0,
2026-09-19,23:50:38,2026-09-19T23:50:38,NO,0,0,
2026-09-19,23:50:39,2026-09-19T23:50:39,NO,0,0,
2026-09-19,23:50:40,2026-09-19T23:50:40,NO,0,0,
2026-09-19,23:50:41,2026-09-19T23:50:41,NO,0,0,
2026-09-19,23:50:42,2026-09-19T23:50:42,NO,0,0,
2026-09-19,23:50:43,2026-09-19T23:50:43,NO,0,0,
2026-09-19,23:50:44,2026-09-19T23:50:44,NO,0,0,
2026-09-19,23:50:45,2026-09-19T23:50:45,NO,0,0,
2026-09-19,23:50:46,2026-09-19T23:50:46,NO,0,0,
2026-09-19,23:50:47,2026-09-19T23:50:47,NO,0,0,
2026-09-19,23:50:49,2026-09-19T23:50:49,NO,0,0,
2026-09-19,23:50:50,2026-09-19T23:50:50,NO,0,0,
2026-09-19,23:50:51,2026-09-19T23:50:51,NO,0,0,
2026-09-19,23:50:52,2026-09-19T23:50:52,NO,0,0,
2026-09-19,23:50:53,2026-09-19T23:50:53,NO,0,0,
2026-09-19,23:50:54,2026-09-19T23:50:54,NO,0,0,
2026-09-19,23:50:55,2026-09-19T23:50:55,NO,0,0,
2026-09-19,23:50:56,2026-09-19T23:50:56,NO,0,0,
2026-09-19,23:50:57,2026-09-19T23:50:57,NO,0,0,
2026-09-19,23:50:58,2026-09-19T23:50:58,NO,0,0,
2026-09-19,23:50:59,2026-09-19T23:50:59,NO,0,0,
2026-09-19,23:51:00,2026-09-19T23:51:00,NO,0,0,
2026-09-19,23:51:01,2026-09-19T23:51:01,NO,0,0,
2026-09-19,23:51:02,2026-09-19T23:51:02,NO,0,0,
2026-09-19,23:51:03,2026-09-19T23:51:03,NO,0,0,
2026-09-19,23:51:04,2026-09-19T23:51:04,NO,0,0,
2026-09-19,23:51:05,2026-09-19T23:51:05,NO,0,0,
2026-09-19,23:51:06,2026-09-19T23:51:06,NO,0,0,
2026-09-19,23:51:08,2026-09-19T23:51:08,NO,0,0,
2026-09-19,23:51:09,2026-09-19T23:51:09,NO,0,0,
2026-09-19,23:51:10,2026-09-19T23:51:10,NO,0,0,
2026-09-19,23:51:11,2026-09-19T23:51:11,NO,0,0,
2026-09-19,23:51:12,2026-09-19T23:51:12,NO,0,0,
2026-09-19,23:51:13,2026-09-19T23:51:13,NO,0,0,
2026-09-19,23:51:14,2026-09-19T23:51:14,NO,0,0,
2026-09-19,23:51:15,2026-09-19T23:51:15,NO,0,0,
2026-09-19,23:51:16,2026-09-19T23:51:16,NO,0,0,
2026-09-19,23:51:17,2026-09-19T23:51:17,NO,0,0,
2026-09-19,23:51:18,2026-09-19T23:51:18,NO,0,0,
2026-09-19,23:51:19,2026-09-19T23:51:19,NO,0,0,
2026-09-19,23:51:20,2026-09-19T23:51:20,NO,0,0,
2026-09-19,23:51:21,2026-09-19T23:51:21,NO,0,0,
2026-09-19,23:51:22,2026-09-19T23:51:22,NO,0,0,
2026-09-19,23:51:23,2026-09-19T23:51:23,NO,0,0,
2026-09-19,23:51:25,2026-09-19T23:51:25,NO,0,0,
2026-09-19,23:51:26,2026-09-19T23:51:26,NO,0,0,
2026-09-19,23:51:27,2026-09-19T23:51:27,NO,0,0,
2026-09-19,23:51:28,2026-09-19T23:51:28,NO,0,0,
2026-09-19,23:51:29,2026-09-19T23:51:29,NO,0,0,
2026-09-19,23:51:30,2026-09-19T23:51:30,NO,0,0,
2026-09-19,23:51:31,2026-09-19T23:51:31,NO,0,0,
2026-09-19,23:51:32,2026-09-19T23:51:32,NO,0,0,
2026-09-19,23:51:33,2026-09-19T23:51:33,NO,0,0,
2026-09-19,23:51:34,2026-09-19T23:51:34,NO,0,0,
2026-09-19,23:51:35,2026-09-19T23:51:35,NO,0,0,
2026-09-19,23:51:36,2026-09-19T23:51:36,NO,0,0,
2026-09-19,23:51:37,2026-09-19T23:51:37,NO,0,0,
2026-09-19,23:51:38,2026-09-19T23:51:38,NO,0,0,
2026-09-19,23:51:39,2026-09-19T23:51:39,NO,0,0,
2026-09-19,23:51:40,2026-09-19T23:51:40,NO,0,0,
2026-09-19,23:51:42,2026-09-19T23:51:42,NO,0,0,
2026-09-19,23:51:43,2026-09-19T23:51:43,NO,0,0,
2026-09-19,23:51:44,2026-09-19T23:51:44,NO,0,0,
2026-09-19,23:51:45,2026-09-19T23:51:45,NO,0,0,
2026-09-19,23:51:46,2026-09-19T23:51:46,NO,0,0,
2026-09-19,23:51:47,2026-09-19T23:51:47,NO,0,0,
2026-09-19,23:51:48,2026-09-19T23:51:48,NO,0,0,
2026-09-19,23:51:49,2026-09-19T23:51:49,NO,0,0,
2026-09-19,23:51:50,2026-09-19T23:51:50,NO,0,0,
2026-09-19,23:51:51,2026-09-19T23:51:51,NO,0,0,
2026-09-19,23:51:52,2026-09-19T23:51:52,NO,0,0,
2026-09-19,23:51:53,2026-09-19T23:51:53,NO,0,0,
2026-09-19,23:51:54,2026-09-19T23:51:54,NO,0,0,
2026-09-19,23:51:55,2026-09-19T23:51:55,NO,0,0,
2026-09-19,23:51:56,2026-09-19T23:51:56,NO,0,0,
2026-09-19,23:51:57,2026-09-19T23:51:57,NO,0,0,
2026-09-19,23:51:58,2026-09-19T23:51:58,NO,0,0,
2026-09-19,23:52:00,2026-09-19T23:52:00,NO,0,0,
2026-09-19,23:52:01,2026-09-19T23:52:01,NO,0,0,
2026-09-19,23:52:02,2026-09-19T23:52:02,NO,0,0,
2026-09-19,23:52:03,2026-09-19T23:52:03,NO,0,0,
2026-09-19,23:52:04,2026-09-19T23:52:04,NO,0,0,
2026-09-19,23:52:05,2026-09-19T23:52:05,NO,0,0,
2026-09-19,23:52:06,2026-09-19T23:52:06,NO,0,0,
2026-09-19,23:52:07,2026-09-19T23:52:07,NO,0,0,
2026-09-19,23:52:08,2026-09-19T23:52:08,NO,0,0,
2026-09-19,23:52:09,2026-09-19T23:52:09,NO,0,0,
2026-09-19,23:52:10,2026-09-19T23:52:10,NO,0,0,
2026-09-19,23:52:11,2026-09-19T23:52:11,NO,0,0,
2026-09-19,23:52:12,2026-09-19T23:52:12,NO,0,0,
2026-09-19,23:52:13,2026-09-19T23:52:13,NO,0,0,
2026-09-19,23:52:14,2026-09-19T23:52:14,NO,0,0,
2026-09-19,23:52:15,2026-09-19T23:52:15,NO,0,0,
2026-09-19,23:52:16,2026-09-19T23:52:16,NO,0,0,
2026-09-19,23:52:18,2026-09-19T23:52:18,NO,0,0,
2026-09-19,23:52:19,2026-09-19T23:52:19,NO,0,0,
2026-09-19,23:52:20,2026-09-19T23:52:20,NO,0,0,
2026-09-19,23:52:21,2026-09-19T23:52:21,NO,0,0,
2026-09-19,23:52:22,2026-09-19T23:52:22,NO,0,0,
2026-09-19,23:52:23,2026-09-19T23:52:23,NO,0,0,
2026-09-19,23:52:24,2026-09-19T23:52:24,NO,0,0,
2026-09-19,23:52:25,2026-09-19T23:52:25,NO,0,0,
2026-09-19,23:52:26,2026-09-19T23:52:26,NO,0,0,
2026-09-19,23:52:27,2026-09-19T23:52:27,NO,0,0,
2026-09-19,23:52:28,2026-09-19T23:52:28,NO,0,0,
2026-09-19,23:52:29,2026-09-19T23:52:29,NO,0,0,
2026-09-19,23:52:30,2026-09-19T23:52:30,NO,0,0,
2026-09-19,23:52:31,2026-09-19T23:52:31,NO,0,0,
2026-09-19,23:52:32,2026-09-19T23:52:32,NO,0,0,
2026-09-19,23:52:33,2026-09-19T23:52:33,NO,0,0,
2026-09-19,23:52:35,2026-09-19T23:52:35,NO,0,0,
2026-09-19,23:52:36,2026-09-19T23:52:36,NO,0,0,
2026-09-19,23:52:37,2026-09-19T23:52:37,NO,0,0,
2026-09-19,23:52:38,2026-09-19T23:52:38,NO,0,0,
2026-09-19,23:52:39,2026-09-19T23:52:39,NO,0,0,
2026-09-19,23:52:40,2026-09-19T23:52:40,NO,0,0,
2026-09-19,23:52:41,2026-09-19T23:52:41,NO,0,0,
2026-09-19,23:52:42,2026-09-19T23:52:42,NO,0,0,
2026-09-19,23:52:43,2026-09-19T23:52:43,NO,0,0,
2026-09-19,23:52:44,2026-09-19T23:52:44,NO,0,0,
2026-09-19,23:52:45,2026-09-19T23:52:45,NO,0,0,
2026-09-19,23:52:46,2026-09-19T23:52:46,NO,0,0,
2026-09-19,23:52:47,2026-09-19T23:52:47,NO,0,0,
2026-09-19,23:52:48,2026-09-19T23:52:48,NO,0,0,
2026-09-19,23:52:49,2026-09-19T23:52:49,NO,0,0,
2026-09-19,23:52:50,2026-09-19T23:52:50,NO,0,0,
2026-09-19,23:52:51,2026-09-19T23:52:51,NO,0,0,
2026-09-19,23:52:52,2026-09-19T23:52:52,NO,0,0,
2026-09-19,23:52:54,2026-09-19T23:52:54,NO,0,0,
2026-09-19,23:52:55,2026-09-19T23:52:55,NO,0,0,
2026-09-19,23:52:56,2026-09-19T23:52:56,YES,2,69.1,detected_elephants\elephant_20260919_235255.jpg
2026-09-19,23:52:57,2026-09-19T23:52:57,YES,1,49.75,detected_elephants\elephant_20260919_235255.jpg
2026-09-19,23:52:58,2026-09-19T23:52:58,YES,2,74.6,detected_elephants\elephant_20260919_235255.jpg
2026-09-19,23:52:59,2026-09-19T23:52:59,YES,2,72.51,detected_elephants\elephant_20260919_235255.jpg
2026-09-19,23:53:00,2026-09-19T23:53:00,YES,1,58.38,detected_elephants\elephant_20260919_235255.jpg
2026-09-19,23:53:01,2026-09-19T23:53:01,YES,1,53.72,detected_elephants\elephant_20260919_235301.jpg
2026-09-19,23:53:02,2026-09-19T23:53:02,NO,0,0,
2026-09-19,23:53:03,2026-09-19T23:53:03,NO,0,0,
2026-09-19,23:53:04,2026-09-19T23:53:04,NO,0,0,
2026-09-19,23:53:05,2026-09-19T23:53:05,NO,0,0,
2026-09-19,23:53:06,2026-09-19T23:53:06,NO,0,0,
2026-09-19,23:53:07,2026-09-19T23:53:07,NO,0,0,
2026-09-19,23:53:08,2026-09-19T23:53:08,NO,0,0,
2026-09-19,23:53:09,2026-09-19T23:53:09,NO,0,0,
2026-09-19,23:53:10,2026-09-19T23:53:10,NO,0,0,
2026-09-19,23:53:11,2026-09-19T23:53:11,NO,0,0,
2026-09-19,23:53:13,2026-09-19T23:53:13,NO,0,0,
2026-09-19,23:53:14,2026-09-19T23:53:14,NO,0,0,
2026-09-19,23:53:15,2026-09-19T23:53:15,NO,0,0,
2026-09-19,23:53:16,2026-09-19T23:53:16,NO,0,0,
2026-09-19,23:53:17,2026-09-19T23:53:17,NO,0,0,
2026-09-19,23:53:18,2026-09-19T23:53:18,NO,0,0,
2026-09-19,23:53:19,2026-09-19T23:53:19,NO,0,0,
2026-09-19,23:53:20,2026-09-19T23:53:20,NO,0,0,
2026-09-19,23:53:21,2026-09-19T23:53:21,NO,0,0,
2026-09-19,23:53:22,2026-09-19T23:53:22,NO,0,0,
2026-09-19,23:53:23,2026-09-19T23:53:23,NO,0,0,
2026-09-19,23:53:24,2026-09-19T23:53:24,NO,0,0,
2026-09-19,23:53:25,2026-09-19T23:53:25,NO,0,0,
2026-09-19,23:53:26,2026-09-19T23:53:26,NO,0,0,
2026-09-19,23:53:27,2026-09-19T23:53:27,NO,0,0,
2026-09-19,23:53:28,2026-09-19T23:53:28,NO,0,0,
2026-09-19,23:53:30,2026-09-19T23:53:30,NO,0,0,
2026-09-19,23:53:31,2026-09-19T23:53:31,NO,0,0,
2026-09-19,23:53:32,2026-09-19T23:53:32,NO,0,0,
2026-09-19,23:53:33,2026-09-19T23:53:33,NO,0,0,
2026-09-19,23:53:34,2026-09-19T23:53:34,NO,0,0,
2026-09-19,23:53:35,2026-09-19T23:53:35,NO,0,0,
2026-09-19,23:53:36,2026-09-19T23:53:36,NO,0,0,
2026-09-19,23:53:37,2026-09-19T23:53:37,NO,0,0,
2026-09-19,23:53:38,2026-09-19T23:53:38,NO,0,0,
2026-09-19,23:53:39,2026-09-19T23:53:39,NO,0,0,
2026-09-19,23:53:40,2026-09-19T23:53:40,NO,0,0,
2026-09-19,23:53:41,2026-09-19T23:53:41,NO,0,0,
2026-09-19,23:53:42,2026-09-19T23:53:42,NO,0,0,
2026-09-19,23:53:43,2026-09-19T23:53:43,NO,0,0,
2026-09-19,23:53:45,2026-09-19T23:53:45,NO,0,0,
2026-09-19,23:53:46,2026-09-19T23:53:46,NO,0,0,
2026-09-19,23:53:47,2026-09-19T23:53:47,NO,0,0,
2026-09-19,23:53:48,2026-09-19T23:53:48,NO,0,0,
2026-09-19,23:53:49,2026-09-19T23:53:49,NO,0,0,
2026-09-19,23:53:50,2026-09-19T23:53:50,NO,0,0,
2026-09-19,23:53:51,2026-09-19T23:53:51,NO,0,0,
2026-09-19,23:53:52,2026-09-19T23:53:52,NO,0,0,
2026-09-19,23:53:53,2026-09-19T23:53:53,NO,0,0,
2026-09-19,23:53:54,2026-09-19T23:53:54,NO,0,0,
2026-09-19,23:53:55,2026-09-19T23:53:55,NO,0,0,
2026-09-19,23:53:56,2026-09-19T23:53:56,NO,0,0,
2026-09-19,23:53:57,2026-09-19T23:53:57,NO,0,0,
2026-09-19,23:53:58,2026-09-19T23:53:58,NO,0,0,
2026-09-19,23:53:59,2026-09-19T23:53:59,NO,0,0,
2026-09-19,23:54:00,2026-09-19T23:54:00,NO,0,0,
2026-09-19,23:54:01,2026-09-19T23:54:01,NO,0,0,
2026-09-19,23:54:02,2026-09-19T23:54:02,NO,0,0,
2026-09-19,23:54:04,2026-09-19T23:54:04,NO,0,0,
2026-09-19,23:54:05,2026-09-19T23:54:05,NO,0,0,
2026-09-19,23:54:06,2026-09-19T23:54:06,NO,0,0,
2026-09-19,23:54:07,2026-09-19T23:54:07,NO,0,0,
2026-09-19,23:54:08,2026-09-19T23:54:08,NO,0,0,
2026-09-19,23:54:09,2026-09-19T23:54:09,NO,0,0,
2026-09-19,23:54:10,2026-09-19T23:54:10,NO,0,0,
2026-09-19,23:54:11,2026-09-19T23:54:11,NO,0,0,
2026-09-19,23:54:12,2026-09-19T23:54:12,NO,0,0,
2026-09-19,23:54:13,2026-09-19T23:54:13,NO,0,0,
2026-09-19,23:54:14,2026-09-19T23:54:14,NO,0,0,
2026-09-19,23:54:15,2026-09-19T23:54:15,NO,0,0,
2026-09-19,23:54:16,2026-09-19T23:54:16,NO,0,0,
2026-09-19,23:54:17,2026-09-19T23:54:17,NO,0,0,
2026-09-19,23:54:18,2026-09-19T23:54:18,NO,0,0,
2026-09-19,23:54:19,2026-09-19T23:54:19,NO,0,0,
2026-09-19,23:54:20,2026-09-19T23:54:20,NO,0,0,
2026-09-19,23:54:22,2026-09-19T23:54:22,NO,0,0,
2026-09-19,23:54:23,2026-09-19T23:54:23,NO,0,0,
2026-09-19,23:54:24,2026-09-19T23:54:24,NO,0,0,
2026-09-19,23:54:25,2026-09-19T23:54:25,NO,0,0,
2026-09-19,23:54:26,2026-09-19T23:54:26,NO,0,0,
2026-09-19,23:54:27,2026-09-19T23:54:27,NO,0,0,
2026-09-19,23:54:28,2026-09-19T23:54:28,NO,0,0,
2026-09-19,23:54:29,2026-09-19T23:54:29,NO,0,0,
2026-09-19,23:54:30,2026-09-19T23:54:30,NO,0,0,
2026-09-19,23:54:31,2026-09-19T23:54:31,NO,0,0,
2026-09-19,23:54:32,2026-09-19T23:54:32,NO,0,0,
2026-09-19,23:54:33,2026-09-19T23:54:33,NO,0,0,
2026-09-19,23:54:34,2026-09-19T23:54:34,NO,0,0,
2026-09-19,23:54:35,2026-09-19T23:54:35,NO,0,0,
2026-09-19,23:54:36,2026-09-19T23:54:36,NO,0,0,
2026-09-19,23:54:37,2026-09-19T23:54:37,NO,0,0,
2026-09-19,23:54:38,2026-09-19T23:54:38,NO,0,0,
2026-09-19,23:54:40,2026-09-19T23:54:40,NO,0,0,
2026-09-19,23:54:41,2026-09-19T23:54:41,NO,0,0,
2026-09-19,23:54:42,2026-09-19T23:54:42,NO,0,0,
2026-09-19,23:54:43,2026-09-19T23:54:43,NO,0,0,
2026-09-19,23:54:44,2026-09-19T23:54:44,NO,0,0,
2026-09-19,23:54:45,2026-09-19T23:54:45,NO,0,0,
2026-09-19,23:54:46,2026-09-19T23:54:46,NO,0,0,
2026-09-19,23:54:47,2026-09-19T23:54:47,NO,0,0,
2026-09-19,23:54:48,2026-09-19T23:54:48,NO,0,0,
2026-09-19,23:54:49,2026-09-19T23:54:49,NO,0,0,
2026-09-19,23:54:50,2026-09-19T23:54:50,NO,0,0,
2026-09-19,23:54:51,2026-09-19T23:54:51,NO,0,0,
2026-09-19,23:54:52,2026-09-19T23:54:52,NO,0,0,
2026-09-19,23:54:53,2026-09-19T23:54:53,NO,0,0,
2026-09-19,23:54:54,2026-09-19T23:54:54,NO,0,0,
2026-09-19,23:54:55,2026-09-19T23:54:55,NO,0,0,
2026-09-19,23:54:57,2026-09-19T23:54:57,NO,0,0,
2026-09-19,23:54:58,2026-09-19T23:54:58,NO,0,0,
2026-09-19,23:54:59,2026-09-19T23:54:59,NO,0,0,
2026-09-19,23:55:00,2026-09-19T23:55:00,NO,0,0,
2026-09-19,23:55:01,2026-09-19T23:55:01,NO,0,0,
2026-09-19,23:55:02,2026-09-19T23:55:02,NO,0,0,
2026-09-19,23:55:03,2026-09-19T23:55:03,NO,0,0,
2026-09-19,23:55:04,2026-09-19T23:55:04,NO,0,0,
2026-09-19,23:55:05,2026-09-19T23:55:05,NO,0,0,
2026-09-19,23:55:06,2026-09-19T23:55:06,NO,0,0,
2026-09-19,23:55:07,2026-09-19T23:55:07,NO,0,0,
2026-09-19,23:55:08,2026-09-19T23:55:08,NO,0,0,
2026-09-19,23:55:09,2026-09-19T23:55:09,NO,0,0,
2026-09-19,23:55:10,2026-09-19T23:55:10,NO,0,0,
2026-09-19,23:55:11,2026-09-19T23:55:11,NO,0,0,
2026-09-19,23:55:12,2026-09-19T23:55:12,NO,0,0,
2026-09-19,23:55:14,2026-09-19T23:55:14,NO,0,0,
2026-09-19,23:55:15,2026-09-19T23:55:15,NO,0,0,
2026-09-19,23:55:16,2026-09-19T23:55:16,NO,0,0,
2026-09-19,23:55:17,2026-09-19T23:55:17,NO,0,0,
2026-09-19,23:55:18,2026-09-19T23:55:18,NO,0,0,
2026-09-19,23:55:19,2026-09-19T23:55:19,NO,0,0,
2026-09-19,23:55:20,2026-09-19T23:55:20,NO,0,0,
2026-09-19,23:55:21,2026-09-19T23:55:21,NO,0,0,
2026-09-19,23:55:22,2026-09-19T23:55:22,NO,0,0,
2026-09-19,23:55:23,2026-09-19T23:55:23,NO,0,0,
2026-09-19,23:55:24,2026-09-19T23:55:24,NO,0,0,
2026-09-19,23:55:25,2026-09-19T23:55:25,NO,0,0,
2026-09-19,23:55:26,2026-09-19T23:55:26,NO,0,0,
2026-09-19,23:55:28,2026-09-19T23:55:28,NO,0,0,
2026-09-19,23:55:29,2026-09-19T23:55:29,NO,0,0,
2026-09-19,23:55:30,2026-09-19T23:55:30,NO,0,0,
2026-09-19,23:55:31,2026-09-19T23:55:31,NO,0,0,
2026-09-19,23:55:32,2026-09-19T23:55:32,NO,0,0,
2026-09-19,23:55:33,2026-09-19T23:55:33,NO,0,0,
2026-09-19,23:55:34,2026-09-19T23:55:34,NO,0,0,
2026-09-19,23:55:35,2026-09-19T23:55:35,NO,0,0,
2026-09-19,23:55:36,2026-09-19T23:55:36,NO,0,0,
2026-09-19,23:55:37,2026-09-19T23:55:37,NO,0,0,
2026-09-19,23:55:38,2026-09-19T23:55:38,NO,0,0,
2026-09-19,23:55:39,2026-09-19T23:55:39,NO,0,0,
2026-09-19,23:55:40,2026-09-19T23:55:40,NO,0,0,
2026-09-19,23:55:41,2026-09-19T23:55:41,NO,0,0,
2026-09-19,23:55:42,2026-09-19T23:55:42,NO,0,0,
2026-09-19,23:55:43,2026-09-19T23:55:43,NO,0,0,
2026-09-19,23:55:44,2026-09-19T23:55:44,NO,0,0,
2026-09-19,23:55:46,2026-09-19T23:55:46,NO,0,0,
2026-09-19,23:55:47,2026-09-19T23:55:47,NO,0,0,
2026-09-19,23:55:48,2026-09-19T23:55:48,NO,0,0,
2026-09-19,23:55:49,2026-09-19T23:55:49,NO,0,0,
2026-09-19,23:55:50,2026-09-19T23:55:50,NO,0,0,
2026-09-19,23:55:51,2026-09-19T23:55:51,NO,0,0,
2026-09-19,23:55:52,2026-09-19T23:55:52,NO,0,0,
2026-09-19,23:55:53,2026-09-19T23:55:53,NO,0,0,
2026-09-19,23:55:54,2026-09-19T23:55:54,NO,0,0,
2026-09-19,23:55:55,2026-09-19T23:55:55,NO,0,0,
2026-09-19,23:55:56,2026-09-19T23:55:56,NO,0,0,
2026-09-19,23:55:57,2026-09-19T23:55:57,NO,0,0,
2026-09-19,23:55:58,2026-09-19T23:55:58,NO,0,0,
2026-09-19,23:55:59,2026-09-19T23:55:59,NO,0,0,
2026-09-19,23:56:00,2026-09-19T23:56:00,NO,0,0,
2026-09-19,23:56:01,2026-09-19T23:56:01,NO,0,0,
2026-09-19,23:56:02,2026-09-19T23:56:02,NO,0,0,
2026-09-19,23:56:03,2026-09-19T23:56:03,NO,0,0,
2026-09-19,23:56:04,2026-09-19T23:56:04,NO,0,0,
2026-09-19,23:56:05,2026-09-19T23:56:05,NO,0,0,
2026-09-19,23:56:07,2026-09-19T23:56:07,NO,0,0,
2026-09-19,23:56:08,2026-09-19T23:56:08,NO,0,0,
2026-09-19,23:56:09,2026-09-19T23:56:09,NO,0,0,
2026-09-19,23:56:10,2026-09-19T23:56:10,NO,0,0,
2026-09-19,23:56:11,2026-09-19T23:56:11,NO,0,0,
2026-09-19,23:56:12,2026-09-19T23:56:12,NO,0,0,
2026-09-19,23:56:13,2026-09-19T23:56:13,NO,0,0,
2026-09-19,23:56:14,2026-09-19T23:56:14,NO,0,0,
2026-09-19,23:56:15,2026-09-19T23:56:15,NO,0,0,
2026-09-19,23:56:16,2026-09-19T23:56:16,NO,0,0,
2026-09-19,23:56:17,2026-09-19T23:56:17,NO,0,0,
2026-09-19,23:56:18,2026-09-19T23:56:18,NO,0,0,
2026-09-19,23:56:19,2026-09-19T23:56:19,NO,0,0,
2026-09-19,23:56:20,2026-09-19T23:56:20,NO,0,0,
2026-09-19,23:56:21,2026-09-19T23:56:21,NO,0,0,
2026-09-19,23:56:22,2026-09-19T23:56:22,NO,0,0,
2026-09-19,23:56:23,2026-09-19T23:56:23,NO,0,0,
2026-09-19,23:56:24,2026-09-19T23:56:24,NO,0,0,
2026-09-19,23:56:25,2026-09-19T23:56:25,NO,0,0,
2026-09-19,23:56:26,2026-09-19T23:56:26,NO,0,0,
2026-09-19,23:56:28,2026-09-19T23:56:28,NO,0,0,
2026-09-19,23:56:29,2026-09-19T23:56:29,NO,0,0,
2026-09-19,23:56:30,2026-09-19T23:56:30,NO,0,0,
2026-09-19,23:56:31,2026-09-19T23:56:31,NO,0,0,
2026-09-19,23:56:32,2026-09-19T23:56:32,NO,0,0,
2026-09-19,23:56:33,2026-09-19T23:56:33,NO,0,0,
2026-09-19,23:56:34,2026-09-19T23:56:34,NO,0,0,
2026-09-19,23:56:35,2026-09-19T23:56:35,NO,0,0,
2026-09-19,23:56:36,2026-09-19T23:56:36,NO,0,0,
2026-09-19,23:56:37,2026-09-19T23:56:37,NO,0,0,
2026-09-19,23:56:38,2026-09-19T23:56:38,NO,0,0,
2026-09-19,23:56:39,2026-09-19T23:56:39,NO,0,0,
2026-09-19,23:56:40,2026-09-19T23:56:40,NO,0,0,
2026-09-19,23:56:41,2026-09-19T23:56:41,NO,0,0,
2026-09-19,23:56:42,2026-09-19T23:56:42,NO,0,0,
2026-09-19,23:56:43,2026-09-19T23:56:43,NO,0,0,
2026-09-19,23:56:44,2026-09-19T23:56:44,NO,0,0,
2026-09-19,23:56:46,2026-09-19T23:56:46,NO,0,0,
2026-09-19,23:56:47,2026-09-19T23:56:47,NO,0,0,
2026-09-19,23:56:48,2026-09-19T23:56:48,NO,0,0,
2026-09-19,23:56:49,2026-09-19T23:56:49,NO,0,0,
2026-09-19,23:56:50,2026-09-19T23:56:50,NO,0,0,
2026-09-19,23:56:51,2026-09-19T23:56:51,NO,0,0,
2026-09-19,23:56:52,2026-09-19T23:56:52,NO,0,0,
2026-09-19,23:56:53,2026-09-19T23:56:53,NO,0,0,
2026-09-19,23:56:54,2026-09-19T23:56:54,NO,0,0,
2026-09-19,23:56:55,2026-09-19T23:56:55,NO,0,0,
2026-09-19,23:56:56,2026-09-19T23:56:56,NO,0,0,
2026-09-19,23:56:57,2026-09-19T23:56:57,NO,0,0,
2026-09-19,23:56:58,2026-09-19T23:56:58,NO,0,0,
2026-09-19,23:56:59,2026-09-19T23:56:59,NO,0,0,
2026-09-19,23:57:01,2026-09-19T23:57:01,NO,0,0,
2026-09-19,23:57:02,2026-09-19T23:57:02,NO,0,0,
2026-09-19,23:57:03,2026-09-19T23:57:03,NO,0,0,
2026-09-19,23:57:04,2026-09-19T23:57:04,NO,0,0,
2026-09-19,23:57:05,2026-09-19T23:57:05,NO,0,0,
2026-09-19,23:57:06,2026-09-19T23:57:06,NO,0,0,
2026-09-19,23:57:07,2026-09-19T23:57:07,NO,0,0,
2026-09-19,23:57:08,2026-09-19T23:57:08,NO,0,0,
2026-09-19,23:57:09,2026-09-19T23:57:09,NO,0,0,
2026-09-19,23:57:10,2026-09-19T23:57:10,NO,0,0,
2026-09-19,23:57:11,2026-09-19T23:57:11,NO,0,0,
2026-09-19,23:57:12,2026-09-19T23:57:12,NO,0,0,
2026-09-19,23:57:13,2026-09-19T23:57:13,NO,0,0,
2026-09-19,23:57:14,2026-09-19T23:57:14,NO,0,0,
2026-09-19,23:57:15,2026-09-19T23:57:15,NO,0,0,
2026-09-19,23:57:16,2026-09-19T23:57:16,NO,0,0,
2026-09-19,23:57:17,2026-09-19T23:57:17,NO,0,0,
2026-09-19,23:57:18,2026-09-19T23:57:18,NO,0,0,
2026-09-19,23:57:19,2026-09-19T23:57:19,NO,0,0,
2026-09-19,23:57:20,2026-09-19T23:57:20,NO,0,0,
2026-09-19,23:57:22,2026-09-19T23:57:22,NO,0,0,
2026-09-19,23:57:23,2026-09-19T23:57:23,NO,0,0,
2026-09-19,23:57:24,2026-09-19T23:57:24,NO,0,0,
2026-09-19,23:57:25,2026-09-19T23:57:25,NO,0,0,
2026-09-19,23:57:26,2026-09-19T23:57:26,NO,0,0,
2026-09-19,23:57:27,2026-09-19T23:57:27,NO,0,0,
2026-09-19,23:57:28,2026-09-19T23:57:28,NO,0,0,
2026-09-19,23:57:29,2026-09-19T23:57:29,NO,0,0,
2026-09-19,23:57:30,2026-09-19T23:57:30,NO,0,0,
2026-09-19,23:57:31,2026-09-19T23:57:31,NO,0,0,
2026-09-19,23:57:32,2026-09-19T23:57:32,NO,0,0,
2026-09-19,23:57:33,2026-09-19T23:57:33,NO,0,0,
2026-09-19,23:57:34,2026-09-19T23:57:34,NO,0,0,
2026-09-19,23:57:35,2026-09-19T23:57:35,NO,0,0,
2026-09-19,23:57:36,2026-09-19T23:57:36,NO,0,0,
2026-09-19,23:57:37,2026-09-19T23:57:37,NO,0,0,
2026-09-19,23:57:39,2026-09-19T23:57:39,NO,0,0,
2026-09-19,23:57:40,2026-09-19T23:57:40,NO,0,0,
2026-09-19,23:57:41,2026-09-19T23:57:41,NO,0,0,
2026-09-19,23:57:42,2026-09-19T23:57:42,NO,0,0,
2026-09-19,23:57:43,2026-09-19T23:57:43,NO,0,0,
2026-09-19,23:57:44,2026-09-19T23:57:44,NO,0,0,
2026-09-19,23:57:45,2026-09-19T23:57:45,NO,0,0,
2026-09-19,23:57:46,2026-09-19T23:57:46,NO,0,0,
2026-09-19,23:57:47,2026-09-19T23:57:47,NO,0,0,
2026-09-19,23:57:48,2026-09-19T23:57:48,NO,0,0,
2026-09-19,23:57:49,2026-09-19T23:57:49,NO,0,0,
2026-09-19,23:57:50,2026-09-19T23:57:50,NO,0,0,
2026-09-19,23:57:51,2026-09-19T23:57:51,NO,0,0,
2026-09-19,23:57:52,2026-09-19T23:57:52,NO,0,0,
2026-09-19,23:57:53,2026-09-19T23:57:53,NO,0,0,
2026-09-19,23:57:54,2026-09-19T23:57:54,NO,0,0,
2026-09-19,23:57:55,2026-09-19T23:57:55,NO,0,0,
2026-09-19,23:57:56,2026-09-19T23:57:56,NO,0,0,
2026-09-19,23:57:57,2026-09-19T23:57:57,NO,0,0,
2026-09-19,23:57:59,2026-09-19T23:57:59,NO,0,0,
2026-09-19,23:58:00,2026-09-19T23:58:00,NO,0,0,
2026-09-19,23:58:01,2026-09-19T23:58:01,NO,0,0,
2026-09-19,23:58:02,2026-09-19T23:58:02,NO,0,0,
2026-09-19,23:58:03,2026-09-19T23:58:03,NO,0,0,
2026-09-19,23:58:04,2026-09-19T23:58:04,NO,0,0,
2026-09-19,23:58:05,2026-09-19T23:58:05,NO,0,0,
2026-09-19,23:58:06,2026-09-19T23:58:06,NO,0,0,
2026-09-19,23:58:07,2026-09-19T23:58:07,NO,0,0,
2026-09-19,23:58:08,2026-09-19T23:58:08,NO,0,0,
2026-09-19,23:58:09,2026-09-19T23:58:09,NO,0,0,
2026-09-19,23:58:10,2026-09-19T23:58:10,NO,0,0,
2026-09-19,23:58:11,2026-09-19T23:58:11,NO,0,0,
2026-09-19,23:58:12,2026-09-19T23:58:12,NO,0,0,
2026-09-19,23:58:13,2026-09-19T23:58:13,NO,0,0,
2026-09-19,23:58:15,2026-09-19T23:58:15,NO,0,0,
2026-09-19,23:58:16,2026-09-19T23:58:16,NO,0,0,
2026-09-19,23:58:17,2026-09-19T23:58:17,NO,0,0,
2026-09-19,23:58:18,2026-09-19T23:58:18,NO,0,0,
2026-09-19,23:58:19,2026-09-19T23:58:19,NO,0,0,
2026-09-19,23:58:20,2026-09-19T23:58:20,NO,0,0,
2026-09-19,23:58:21,2026-09-19T23:58:21,NO,0,0,
2026-09-19,23:58:22,2026-09-19T23:58:22,NO,0,0,
2026-09-19,23:58:23,2026-09-19T23:58:23,NO,0,0,
2026-09-19,23:58:24,2026-09-19T23:58:24,NO,0,0,
2026-09-19,23:58:25,2026-09-19T23:58:25,NO,0,0,
2026-09-19,23:58:26,2026-09-19T23:58:26,NO,0,0,
2026-09-19,23:58:27,2026-09-19T23:58:27,NO,0,0,
2026-09-19,23:58:28,2026-09-19T23:58:28,NO,0,0,
2026-09-19,23:58:29,2026-09-19T23:58:29,NO,0,0,
2026-09-19,23:58:30,2026-09-19T23:58:30,NO,0,0,
2026-09-19,23:58:31,2026-09-19T23:58:31,NO,0,0,
2026-09-19,23:58:33,2026-09-19T23:58:33,NO,0,0,
2026-09-19,23:58:34,2026-09-19T23:58:34,NO,0,0,
2026-09-19,23:58:35,2026-09-19T23:58:35,NO,0,0,
2026-09-19,23:58:36,2026-09-19T23:58:36,NO,0,0,
2026-09-19,23:58:37,2026-09-19T23:58:37,NO,0,0,
2026-09-19,23:58:38,2026-09-19T23:58:38,NO,0,0,
2026-09-19,23:58:39,2026-09-19T23:58:39,NO,0,0,
2026-09-19,23:58:40,2026-09-19T23:58:40,NO,0,0,
2026-09-19,23:58:41,2026-09-19T23:58:41,NO,0,0,
2026-09-19,23:58:42,2026-09-19T23:58:42,YES,1,49.98,detected_elephants\elephant_20260919_235842.jpg
2026-09-19,23:58:43,2026-09-19T23:58:43,YES,1,47.96,detected_elephants\elephant_20260919_235843.jpg
2026-09-19,23:58:44,2026-09-19T23:58:44,YES,3,61.05,detected_elephants\elephant_20260919_235843.jpg
2026-09-19,23:58:45,2026-09-19T23:58:45,NO,0,0,
2026-09-19,23:58:46,2026-09-19T23:58:46,NO,0,0,
2026-09-19,23:58:47,2026-09-19T23:58:47,NO,0,0,
2026-09-19,23:58:48,2026-09-19T23:58:48,NO,0,0,
2026-09-19,23:58:49,2026-09-19T23:58:49,NO,0,0,
2026-09-19,23:58:51,2026-09-19T23:58:51,NO,0,0,
2026-09-19,23:58:52,2026-09-19T23:58:52,NO,0,0,
2026-09-19,23:58:53,2026-09-19T23:58:53,NO,0,0,
2026-09-19,23:58:54,2026-09-19T23:58:54,NO,0,0,
2026-09-19,23:58:55,2026-09-19T23:58:55,NO,0,0,
2026-09-19,23:58:56,2026-09-19T23:58:56,NO,0,0,
2026-09-19,23:58:57,2026-09-19T23:58:57,NO,0,0,
2026-09-19,23:58:58,2026-09-19T23:58:58,NO,0,0,
2026-09-19,23:58:59,2026-09-19T23:58:59,NO,0,0,
2026-09-19,23:59:00,2026-09-19T23:59:00,NO,0,0,
2026-09-19,23:59:01,2026-09-19T23:59:01,NO,0,0,
2026-09-19,23:59:02,2026-09-19T23:59:02,NO,0,0,
2026-09-19,23:59:03,2026-09-19T23:59:03,NO,0,0,
2026-09-19,23:59:04,2026-09-19T23:59:04,NO,0,0,
2026-09-19,23:59:05,2026-09-19T23:59:05,NO,0,0,
2026-09-19,23:59:06,2026-09-19T23:59:06,NO,0,0,
2026-09-19,23:59:07,2026-09-19T23:59:07,NO,0,0,
2026-09-19,23:59:09,2026-09-19T23:59:09,NO,0,0,
2026-09-19,23:59:10,2026-09-19T23:59:10,NO,0,0,
2026-09-19,23:59:11,2026-09-19T23:59:11,NO,0,0,
2026-09-19,23:59:12,2026-09-19T23:59:12,NO,0,0,
2026-09-19,23:59:13,2026-09-19T23:59:13,NO,0,0,
2026-09-19,23:59:14,2026-09-19T23:59:14,NO,0,0,
2026-09-19,23:59:15,2026-09-19T23:59:15,NO,0,0,
2026-09-19,23:59:16,2026-09-19T23:59:16,NO,0,0,
2026-09-19,23:59:17,2026-09-19T23:59:17,NO,0,0,
2026-09-19,23:59:18,2026-09-19T23:59:18,NO,0,0,
2026-09-19,23:59:19,2026-09-19T23:59:19,NO,0,0,
2026-09-19,23:59:20,2026-09-19T23:59:20,NO,0,0,
2026-09-19,23:59:21,2026-09-19T23:59:21,NO,0,0,
2026-09-19,23:59:22,2026-09-19T23:59:22,NO,0,0,
2026-09-19,23:59:23,2026-09-19T23:59:23,YES,1,46.09,detected_elephants\elephant_20260919_235923.jpg
2026-09-19,23:59:24,2026-09-19T23:59:24,NO,0,0,
2026-09-19,23:59:25,2026-09-19T23:59:25,NO,0,0,
2026-09-19,23:59:26,2026-09-19T23:59:26,NO,0,0,
2026-09-19,23:59:27,2026-09-19T23:59:27,NO,0,0,
2026-09-19,23:59:28,2026-09-19T23:59:28,NO,0,0,
2026-09-19,23:59:30,2026-09-19T23:59:30,NO,0,0,
2026-09-19,23:59:31,2026-09-19T23:59:31,YES,1,52.31,detected_elephants\elephant_20260919_235930.jpg
2026-09-19,23:59:32,2026-09-19T23:59:32,YES,1,52.49,detected_elephants\elephant_20260919_235931.jpg
2026-09-19,23:59:33,2026-09-19T23:59:33,YES,1,52.55,detected_elephants\elephant_20260919_235933.jpg
2026-09-19,23:59:34,2026-09-19T23:59:34,NO,0,0,
2026-09-19,23:59:35,2026-09-19T23:59:35,NO,0,0,
2026-09-19,23:59:36,2026-09-19T23:59:36,NO,0,0,
2026-09-19,23:59:37,2026-09-19T23:59:37,NO,0,0,
2026-09-19,23:59:38,2026-09-19T23:59:38,NO,0,0,
2026-09-19,23:59:39,2026-09-19T23:59:39,NO,0,0,
2026-09-19,23:59:40,2026-09-19T23:59:40,NO,0,0,
2026-09-19,23:59:41,2026-09-19T23:59:41,NO,0,0,
2026-09-19,23:59:42,2026-09-19T23:59:42,NO,0,0,
2026-09-19,23:59:43,2026-09-19T23:59:43,NO,0,0,
2026-09-19,23:59:44,2026-09-19T23:59:44,NO,0,0,
2026-09-19,23:59:45,2026-09-19T23:59:45,NO,0,0,
2026-09-19,23:59:46,2026-09-19T23:59:46,NO,0,0,
2026-09-19,23:59:47,2026-09-19T23:59:47,NO,0,0,
2026-09-19,23:59:48,2026-09-19T23:59:48,NO,0,0,
2026-09-19,23:59:49,2026-09-19T23:59:49,NO,0,0,
2026-09-19,23:59:51,2026-09-19T23:59:51,NO,0,0,
2026-09-19,23:59:52,2026-09-19T23:59:52,NO,0,0,
2026-09-19,23:59:53,2026-09-19T23:59:53,NO,0,0,
2026-09-19,23:59:54,2026-09-19T23:59:54,NO,0,0,
2026-09-19,23:59:55,2026-09-19T23:59:55,NO,0,0,
2026-09-19,23:59:56,2026-09-19T23:59:56,NO,0,0,
2026-09-19,23:59:57,2026-09-19T23:59:57,NO,0,0,
2026-09-19,23:59:58,2026-09-19T23:59:58,NO,0,0,
2026-09-19,23:59:59,2026-09-19T23:59:59,NO,0,0,
2026-09-20,00:00:00,2026-09-20T00:00:00,NO,0,0,
2026-09-20,00:00:01,2026-09-20T00:00:01,NO,0,0,
2026-09-20,00:00:02,2026-09-20T00:00:02,NO,0,0,
2026-09-20,00:00:03,2026-09-20T00:00:03,NO,0,0,
2026-09-20,10:06:04,2026-09-20T10:06:04,NO,0,0,
2026-09-20,10:06:05,2026-09-20T10:06:05,NO,0,0,
2026-09-20,10:06:06,2026-09-20T10:06:06,NO,0,0,
2026-09-20,10:06:07,2026-09-20T10:06:07,NO,0,0,
2026-09-20,10:06:08,2026-09-20T10:06:08,NO,0,0,
2026-09-20,10:06:09,2026-09-20T10:06:09,NO,0,0,
2026-09-20,10:06:11,2026-09-20T10:06:11,NO,0,0,
2026-09-20,10:06:12,2026-09-20T10:06:12,NO,0,0,
2026-09-20,10:06:13,2026-09-20T10:06:13,NO,0,0,
2026-09-20,10:06:14,2026-09-20T10:06:14,NO,0,0,
2026-09-20,10:06:15,2026-09-20T10:06:15,NO,0,0,
2026-09-20,10:06:16,2026-09-20T10:06:16,NO,0,0,
2026-09-20,10:06:17,2026-09-20T10:06:17,NO,0,0,
2026-09-20,10:06:18,2026-09-20T10:06:18,NO,0,0,
2026-09-20,10:06:19,2026-09-20T10:06:19,NO,0,0,
2026-09-20,10:06:20,2026-09-20T10:06:20,NO,0,0,
2026-09-20,10:06:21,2026-09-20T10:06:21,NO,0,0,
2026-09-20,10:06:22,2026-09-20T10:06:22,NO,0,0,
2026-09-20,10:06:23,2026-09-20T10:06:23,NO,0,0,
2026-09-20,10:06:24,2026-09-20T10:06:24,NO,0,0,
2026-09-20,10:06:25,2026-09-20T10:06:25,NO,0,0,
2026-09-20,10:06:26,2026-09-20T10:06:26,NO,0,0,
2026-09-20,10:06:28,2026-09-20T10:06:28,NO,0,0,
2026-09-20,10:06:29,2026-09-20T10:06:29,NO,0,0,
2026-09-20,10:06:30,2026-09-20T10:06:30,NO,0,0,
2026-09-20,10:06:31,2026-09-20T10:06:31,NO,0,0,
2026-09-20,10:06:32,2026-09-20T10:06:32,NO,0,0,
2026-09-20,10:06:33,2026-09-20T10:06:33,NO,0,0,
2026-09-20,10:06:34,2026-09-20T10:06:34,NO,0,0,
2026-09-20,10:06:35,2026-09-20T10:06:35,NO,0,0,
2026-09-20,10:06:36,2026-09-20T10:06:36,NO,0,0,
2026-09-20,10:06:37,2026-09-20T10:06:37,NO,0,0,
2026-09-20,10:06:38,2026-09-20T10:06:38,NO,0,0,
2026-09-20,10:06:39,2026-09-20T10:06:39,NO,0,0,
2026-09-20,10:06:40,2026-09-20T10:06:40,NO,0,0,
2026-09-20,10:06:41,2026-09-20T10:06:41,NO,0,0,
2026-09-20,10:06:42,2026-09-20T10:06:42,NO,0,0,
2026-09-20,10:06:43,2026-09-20T10:06:43,NO,0,0,
2026-09-20,10:06:45,2026-09-20T10:06:45,NO,0,0,
2026-09-20,10:06:46,2026-09-20T10:06:46,NO,0,0,
2026-09-20,10:06:47,2026-09-20T10:06:47,NO,0,0,
2026-09-20,10:06:48,2026-09-20T10:06:48,YES,1,66.11,detected_elephants\elephant_20260920_100648.jpg
2026-09-20,10:06:49,2026-09-20T10:06:49,YES,1,51.38,detected_elephants\elephant_20260920_100648.jpg
2026-09-20,10:06:50,2026-09-20T10:06:50,YES,1,64.73,detected_elephants\elephant_20260920_100649.jpg
2026-09-20,10:06:51,2026-09-20T10:06:51,NO,0,0,
2026-09-20,10:06:52,2026-09-20T10:06:52,YES,1,60.57,detected_elephants\elephant_20260920_100652.jpg
2026-09-20,10:06:53,2026-09-20T10:06:53,NO,0,0,
2026-09-20,10:06:54,2026-09-20T10:06:54,NO,0,0,
2026-09-20,10:06:55,2026-09-20T10:06:55,NO,0,0,
2026-09-20,10:06:56,2026-09-20T10:06:56,NO,0,0,
2026-09-20,10:06:57,2026-09-20T10:06:57,NO,0,0,
2026-09-20,10:06:58,2026-09-20T10:06:58,NO,0,0,
2026-09-20,10:06:59,2026-09-20T10:06:59,NO,0,0,
2026-09-20,10:07:00,2026-09-20T10:07:00,NO,0,0,
2026-09-20,10:07:01,2026-09-20T10:07:01,NO,0,0,
2026-09-20,10:07:03,2026-09-20T10:07:03,NO,0,0,
2026-09-20,10:07:04,2026-09-20T10:07:04,NO,0,0,
2026-09-20,10:07:05,2026-09-20T10:07:05,NO,0,0,
2026-09-20,10:07:06,2026-09-20T10:07:06,NO,0,0,
2026-09-20,10:07:07,2026-09-20T10:07:07,NO,0,0,
2026-09-20,10:07:08,2026-09-20T10:07:08,NO,0,0,
2026-09-20,10:07:09,2026-09-20T10:07:09,NO,0,0,
2026-09-20,10:07:10,2026-09-20T10:07:10,NO,0,0,
2026-09-20,10:07:11,2026-09-20T10:07:11,NO,0,0,
2026-09-20,10:07:12,2026-09-20T10:07:12,NO,0,0,
2026-09-20,10:07:13,2026-09-20T10:07:13,NO,0,0,
2026-09-20,10:07:14,2026-09-20T10:07:14,NO,0,0,
2026-09-20,10:07:15,2026-09-20T10:07:15,NO,0,0,
2026-09-20,10:07:16,2026-09-20T10:07:16,NO,0,0,
2026-09-20,10:07:17,2026-09-20T10:07:17,NO,0,0,
2026-09-20,10:07:18,2026-09-20T10:07:18,NO,0,0,
2026-09-20,10:07:19,2026-09-20T10:07:19,NO,0,0,
2026-09-20,10:07:20,2026-09-20T10:07:20,NO,0,0,
2026-09-20,10:07:21,2026-09-20T10:07:21,NO,0,0,
2026-09-20,10:07:22,2026-09-20T10:07:22,NO,0,0,
2026-09-20,10:07:23,2026-09-20T10:07:23,NO,0,0,
2026-09-20,10:07:24,2026-09-20T10:07:24,NO,0,0,
2026-09-20,10:07:25,2026-09-20T10:07:25,NO,0,0,
2026-09-20,10:07:26,2026-09-20T10:07:26,NO,0,0,
2026-09-20,10:07:28,2026-09-20T10:07:28,NO,0,0,
2026-09-20,10:07:29,2026-09-20T10:07:29,NO,0,0,
2026-09-20,10:07:30,2026-09-20T10:07:30,NO,0,0,
2026-09-20,10:07:31,2026-09-20T10:07:31,NO,0,0,
2026-09-20,10:07:32,2026-09-20T10:07:32,NO,0,0,
2026-09-20,10:07:33,2026-09-20T10:07:33,NO,0,0,
2026-09-20,10:07:34,2026-09-20T10:07:34,NO,0,0,
2026-09-20,10:07:35,2026-09-20T10:07:35,NO,0,0,
2026-09-20,10:07:36,2026-09-20T10:07:36,NO,0,0,
2026-09-20,10:07:37,2026-09-20T10:07:37,NO,0,0,
2026-09-20,10:07:38,2026-09-20T10:07:38,NO,0,0,
2026-09-20,10:07:39,2026-09-20T10:07:39,NO,0,0,
2026-09-20,10:07:40,2026-09-20T10:07:40,NO,0,0,
2026-09-20,10:07:41,2026-09-20T10:07:41,NO,0,0,
2026-09-20,10:07:42,2026-09-20T10:07:42,NO,0,0,
2026-09-20,10:07:43,2026-09-20T10:07:43,NO,0,0,
2026-09-20,10:07:44,2026-09-20T10:07:44,NO,0,0,
2026-09-20,10:07:46,2026-09-20T10:07:46,NO,0,0,
2026-09-20,10:07:47,2026-09-20T10:07:47,NO,0,0,
2026-09-20,10:07:48,2026-09-20T10:07:48,NO,0,0,
2026-09-20,10:07:49,2026-09-20T10:07:49,NO,0,0,
2026-09-20,10:07:50,2026-09-20T10:07:50,NO,0,0,
2026-09-20,10:07:51,2026-09-20T10:07:51,NO,0,0,
2026-09-20,10:07:52,2026-09-20T10:07:52,NO,0,0,
2026-09-20,10:07:53,2026-09-20T10:07:53,NO,0,0,
2026-09-20,10:07:54,2026-09-20T10:07:54,NO,0,0,
2026-09-20,10:07:55,2026-09-20T10:07:55,NO,0,0,
2026-09-20,10:07:56,2026-09-20T10:07:56,NO,0,0,
2026-09-20,10:07:57,2026-09-20T10:07:57,NO,0,0,
2026-09-20,10:07:58,2026-09-20T10:07:58,NO,0,0,
2026-09-20,10:07:59,2026-09-20T10:07:59,NO,0,0,
2026-09-20,10:08:00,2026-09-20T10:08:00,NO,0,0,
2026-09-20,10:08:01,2026-09-20T10:08:01,NO,0,0,
2026-09-20,10:08:03,2026-09-20T10:08:03,NO,0,0,
2026-09-20,10:08:04,2026-09-20T10:08:04,NO,0,0,
2026-09-20,10:08:05,2026-09-20T10:08:05,NO,0,0,
2026-09-20,10:08:06,2026-09-20T10:08:06,NO,0,0,
2026-09-20,10:08:07,2026-09-20T10:08:07,NO,0,0,
2026-09-20,10:08:08,2026-09-20T10:08:08,NO,0,0,
2026-09-20,10:08:09,2026-09-20T10:08:09,NO,0,0,
2026-09-20,10:08:10,2026-09-20T10:08:10,NO,0,0,
2026-09-20,10:08:11,2026-09-20T10:08:11,NO,0,0,
2026-09-20,10:08:12,2026-09-20T10:08:12,NO,0,0,
2026-09-20,10:08:13,2026-09-20T10:08:13,NO,0,0,
2026-09-20,10:08:14,2026-09-20T10:08:14,NO,0,0,
2026-09-20,10:08:15,2026-09-20T10:08:15,NO,0,0,
2026-09-20,10:08:16,2026-09-20T10:08:16,NO,0,0,
2026-09-20,10:08:17,2026-09-20T10:08:17,NO,0,0,
2026-09-20,10:08:18,2026-09-20T10:08:18,NO,0,0,
2026-09-20,10:08:19,2026-09-20T10:08:19,NO,0,0,
2026-09-20,10:08:20,2026-09-20T10:08:20,NO,0,0,
2026-09-20,10:08:22,2026-09-20T10:08:22,NO,0,0,
2026-09-20,10:08:23,2026-09-20T10:08:23,NO,0,0,
2026-09-20,10:08:24,2026-09-20T10:08:24,NO,0,0,
2026-09-20,10:08:25,2026-09-20T10:08:25,NO,0,0,
2026-09-20,10:08:26,2026-09-20T10:08:26,NO,0,0,
2026-09-20,10:08:27,2026-09-20T10:08:27,NO,0,0,
2026-09-20,10:08:28,2026-09-20T10:08:28,NO,0,0,
2026-09-20,10:08:29,2026-09-20T10:08:29,NO,0,0,
2026-09-20,10:08:30,2026-09-20T10:08:30,NO,0,0,
2026-09-20,10:08:31,2026-09-20T10:08:31,NO,0,0,
2026-09-20,10:08:32,2026-09-20T10:08:32,NO,0,0,
2026-09-20,10:08:33,2026-09-20T10:08:33,NO,0,0,
2026-09-20,10:08:34,2026-09-20T10:08:34,NO,0,0,
2026-09-20,10:08:35,2026-09-20T10:08:35,NO,0,0,
2026-09-20,10:08:36,2026-09-20T10:08:36,NO,0,0,
2026-09-20,10:08:38,2026-09-20T10:08:38,NO,0,0,
2026-09-20,10:08:39,2026-09-20T10:08:39,NO,0,0,
2026-09-20,10:08:40,2026-09-20T10:08:40,NO,0,0,
2026-09-20,10:08:41,2026-09-20T10:08:41,NO,0,0,
2026-09-20,10:08:42,2026-09-20T10:08:42,NO,0,0,
2026-09-20,10:08:43,2026-09-20T10:08:43,NO,0,0,
2026-09-20,10:08:44,2026-09-20T10:08:44,NO,0,0,
2026-09-20,10:08:45,2026-09-20T10:08:45,NO,0,0,
2026-09-20,10:08:46,2026-09-20T10:08:46,NO,0,0,
2026-09-20,10:08:47,2026-09-20T10:08:47,NO,0,0,
2026-09-20,10:08:48,2026-09-20T10:08:48,NO,0,0,
2026-09-20,10:08:49,2026-09-20T10:08:49,NO,0,0,
2026-09-20,10:08:50,2026-09-20T10:08:50,NO,0,0,
2026-09-20,10:08:52,2026-09-20T10:08:52,NO,0,0,
2026-09-20,10:08:53,2026-09-20T10:08:53,NO,0,0,
2026-09-20,10:08:54,2026-09-20T10:08:54,NO,0,0,
2026-09-20,10:08:55,2026-09-20T10:08:55,NO,0,0,
2026-09-20,10:08:56,2026-09-20T10:08:56,NO,0,0,
2026-09-20,10:08:57,2026-09-20T10:08:57,NO,0,0,
2026-09-20,10:08:58,2026-09-20T10:08:58,NO,0,0,
2026-09-20,10:08:59,2026-09-20T10:08:59,NO,0,0,
2026-09-20,10:09:00,2026-09-20T10:09:00,NO,0,0,
2026-09-20,10:09:01,2026-09-20T10:09:01,NO,0,0,
2026-09-21,06:07:36,2026-09-21T06:07:36,NO,0,0,
2026-09-21,06:07:37,2026-09-21T06:07:37,NO,0,0,
2026-09-21,06:07:38,2026-09-21T06:07:38,NO,0,0,
2026-09-21,06:07:39,2026-09-21T06:07:39,NO,0,0,
2026-09-21,06:07:40,2026-09-21T06:07:40,NO,0,0,
2026-09-21,06:07:42,2026-09-21T06:07:42,NO,0,0,
2026-09-21,06:07:43,2026-09-21T06:07:43,NO,0,0,
2026-09-21,06:07:44,2026-09-21T06:07:44,NO,0,0,
2026-09-21,06:07:45,2026-09-21T06:07:45,NO,0,0,
2026-09-21,06:07:46,2026-09-21T06:07:46,NO,0,0,
2026-09-21,06:07:47,2026-09-21T06:07:47,NO,0,0,
2026-09-21,06:07:48,2026-09-21T06:07:48,NO,0,0,
2026-09-21,06:07:49,2026-09-21T06:07:49,NO,0,0,
2026-09-21,06:07:50,2026-09-21T06:07:50,NO,0,0,
2026-09-21,06:07:51,2026-09-21T06:07:51,NO,0,0,
2026-09-21,06:07:52,2026-09-21T06:07:52,NO,0,0,
2026-09-21,06:07:53,2026-09-21T06:07:53,NO,0,0,
2026-09-21,06:07:54,2026-09-21T06:07:54,NO,0,0,
2026-09-21,06:07:55,2026-09-21T06:07:55,NO,0,0,
2026-09-21,06:07:56,2026-09-21T06:07:56,NO,0,0,
2026-09-21,06:07:57,2026-09-21T06:07:57,NO,0,0,
2026-09-21,06:07:58,2026-09-21T06:07:58,NO,0,0,
2026-09-21,06:07:59,2026-09-21T06:07:59,NO,0,0,
2026-09-21,06:08:01,2026-09-21T06:08:01,NO,0,0,
2026-09-21,06:08:02,2026-09-21T06:08:02,NO,0,0,
2026-09-21,06:08:03,2026-09-21T06:08:03,NO,0,0,
2026-09-21,06:08:04,2026-09-21T06:08:04,NO,0,0,
2026-09-21,06:08:05,2026-09-21T06:08:05,NO,0,0,
2026-09-21,06:08:06,2026-09-21T06:08:06,NO,0,0,
2026-09-21,06:08:07,2026-09-21T06:08:07,NO,0,0,
2026-09-21,06:08:08,2026-09-21T06:08:08,NO,0,0,
2026-09-21,06:08:09,2026-09-21T06:08:09,NO,0,0,
2026-09-21,06:08:10,2026-09-21T06:08:10,NO,0,0,
2026-09-21,06:08:11,2026-09-21T06:08:11,NO,0,0,
2026-09-21,06:08:12,2026-09-21T06:08:12,NO,0,0,
2026-09-21,06:08:13,2026-09-21T06:08:13,NO,0,0,
2026-09-21,06:08:14,2026-09-21T06:08:14,NO,0,0,
2026-09-21,06:08:15,2026-09-21T06:08:15,NO,0,0,
2026-09-21,06:08:16,2026-09-21T06:08:16,NO,0,0,
2026-09-21,06:08:17,2026-09-21T06:08:17,NO,0,0,
2026-09-21,06:08:18,2026-09-21T06:08:18,NO,0,0,
2026-09-21,06:08:19,2026-09-21T06:08:19,NO,0,0,
2026-09-21,06:08:20,2026-09-21T06:08:20,NO,0,0,
2026-09-21,06:08:21,2026-09-21T06:08:21,NO,0,0,
2026-09-21,06:08:22,2026-09-21T06:08:22,NO,0,0,
2026-09-21,06:08:23,2026-09-21T06:08:23,NO,0,0,
2026-09-21,06:08:24,2026-09-21T06:08:24,NO,0,0,
2026-09-21,06:08:26,2026-09-21T06:08:26,NO,0,0,
2026-09-21,06:08:27,2026-09-21T06:08:27,NO,0,0,
2026-09-21,06:08:28,2026-09-21T06:08:28,NO,0,0,
2026-09-21,06:08:29,2026-09-21T06:08:29,NO,0,0,
2026-09-21,06:08:31,2026-09-21T06:08:31,NO,0,0,
2026-09-21,06:08:33,2026-09-21T06:08:33,NO,0,0,
2026-09-21,06:08:34,2026-09-21T06:08:34,NO,0,0,
2026-09-21,06:08:35,2026-09-21T06:08:35,NO,0,0,
2026-09-21,06:08:37,2026-09-21T06:08:37,NO,0,0,
2026-09-21,06:08:38,2026-09-21T06:08:38,NO,0,0,
2026-09-21,06:08:39,2026-09-21T06:08:39,NO,0,0,
2026-09-21,06:08:40,2026-09-21T06:08:40,NO,0,0,
2026-09-21,06:08:41,2026-09-21T06:08:41,NO,0,0,
2026-09-21,06:08:42,2026-09-21T06:08:42,NO,0,0,
2026-09-21,06:08:43,2026-09-21T06:08:43,NO,0,0,
2026-09-21,06:08:45,2026-09-21T06:08:45,NO,0,0,
2026-09-21,06:08:46,2026-09-21T06:08:46,NO,0,0,
2026-09-21,06:08:47,2026-09-21T06:08:47,NO,0,0,
2026-09-21,06:08:48,2026-09-21T06:08:48,NO,0,0,
2026-09-21,06:08:49,2026-09-21T06:08:49,NO,0,0,
2026-09-21,06:08:50,2026-09-21T06:08:50,NO,0,0,
2026-09-21,06:08:51,2026-09-21T06:08:51,NO,0,0,
2026-09-21,06:08:52,2026-09-21T06:08:52,NO,0,0,
2026-09-21,06:08:54,2026-09-21T06:08:54,NO,0,0,
2026-09-21,06:08:55,2026-09-21T06:08:55,NO,0,0,
2026-09-21,06:08:56,2026-09-21T06:08:56,NO,0,0,
2026-09-21,06:08:57,2026-09-21T06:08:57,NO,0,0,
2026-09-21,06:08:58,2026-09-21T06:08:58,NO,0,0,
2026-09-21,06:08:59,2026-09-21T06:08:59,NO,0,0,
2026-09-21,06:09:00,2026-09-21T06:09:00,NO,0,0,
2026-09-21,06:09:01,2026-09-21T06:09:01,NO,0,0,
2026-09-21,06:09:02,2026-09-21T06:09:02,NO,0,0,
2026-09-21,06:09:04,2026-09-21T06:09:04,NO,0,0,
2026-09-21,06:09:05,2026-09-21T06:09:05,NO,0,0,
2026-09-21,06:09:06,2026-09-21T06:09:06,NO,0,0,
2026-09-21,06:09:07,2026-09-21T06:09:07,NO,0,0,
2026-09-21,06:09:08,2026-09-21T06:09:08,NO,0,0,
2026-09-21,06:09:09,2026-09-21T06:09:09,NO,0,0,
2026-09-21,06:09:10,2026-09-21T06:09:10,NO,0,0,
2026-09-21,06:09:11,2026-09-21T06:09:11,NO,0,0,
2026-09-21,06:09:12,2026-09-21T06:09:12,NO,0,0,
2026-09-21,06:09:14,2026-09-21T06:09:14,NO,0,0,
2026-09-21,06:09:15,2026-09-21T06:09:15,NO,0,0,
2026-09-21,06:09:16,2026-09-21T06:09:16,NO,0,0,
2026-09-21,06:09:17,2026-09-21T06:09:17,NO,0,0,
2026-09-21,06:09:18,2026-09-21T06:09:18,NO,0,0,
2026-09-21,06:09:19,2026-09-21T06:09:19,NO,0,0,
2026-09-21,06:09:20,2026-09-21T06:09:20,NO,0,0,
2026-09-21,06:09:21,2026-09-21T06:09:21,NO,0,0,
2026-09-21,06:09:22,2026-09-21T06:09:22,NO,0,0,
2026-09-21,06:09:23,2026-09-21T06:09:23,NO,0,0,
2026-09-21,06:09:24,2026-09-21T06:09:24,NO,0,0,
2026-09-21,06:09:25,2026-09-21T06:09:25,NO,0,0,
2026-09-21,06:09:26,2026-09-21T06:09:26,NO,0,0,
2026-09-21,06:09:27,2026-09-21T06:09:27,NO,0,0,
2026-09-21,06:09:28,2026-09-21T06:09:28,NO,0,0,
2026-09-21,06:09:30,2026-09-21T06:09:30,NO,0,0,
2026-09-21,06:09:31,2026-09-21T06:09:31,NO,0,0,
2026-09-21,06:09:32,2026-09-21T06:09:32,NO,0,0,
2026-09-21,06:09:33,2026-09-21T06:09:33,NO,0,0,
2026-09-21,06:09:34,2026-09-21T06:09:34,NO,0,0,
2026-09-21,06:09:35,2026-09-21T06:09:35,NO,0,0,
2026-09-21,06:09:36,2026-09-21T06:09:36,NO,0,0,
2026-09-21,06:09:37,2026-09-21T06:09:37,NO,0,0,
2026-09-21,06:09:38,2026-09-21T06:09:38,NO,0,0,
2026-09-21,06:09:39,2026-09-21T06:09:39,NO,0,0,
2026-09-21,06:09:40,2026-09-21T06:09:40,NO,0,0,
2026-09-21,06:09:41,2026-09-21T06:09:41,NO,0,0,
2026-09-21,06:09:42,2026-09-21T06:09:42,NO,0,0,
2026-09-21,06:09:43,2026-09-21T06:09:43,NO,0,0,
2026-09-21,06:09:44,2026-09-21T06:09:44,NO,0,0,
2026-09-21,06:09:46,2026-09-21T06:09:46,NO,0,0,
2026-09-21,06:09:47,2026-09-21T06:09:47,NO,0,0,
2026-09-21,06:09:48,2026-09-21T06:09:48,NO,0,0,
2026-09-21,06:09:49,2026-09-21T06:09:49,NO,0,0,
2026-09-21,06:09:50,2026-09-21T06:09:50,NO,0,0,
2026-09-21,06:09:51,2026-09-21T06:09:51,NO,0,0,
2026-09-21,06:09:52,2026-09-21T06:09:52,NO,0,0,
2026-09-21,06:09:53,2026-09-21T06:09:53,NO,0,0,
2026-09-21,06:09:54,2026-09-21T06:09:54,NO,0,0,
2026-09-21,06:09:55,2026-09-21T06:09:55,NO,0,0,
2026-09-21,06:09:56,2026-09-21T06:09:56,NO,0,0,
2026-09-21,06:09:57,2026-09-21T06:09:57,NO,0,0,
2026-09-21,06:09:58,2026-09-21T06:09:58,NO,0,0,
2026-09-21,06:09:59,2026-09-21T06:09:59,NO,0,0,
2026-09-21,06:10:00,2026-09-21T06:10:00,NO,0,0,
2026-09-21,06:10:01,2026-09-21T06:10:01,NO,0,0,
2026-09-21,06:10:02,2026-09-21T06:10:02,NO,0,0,
2026-09-21,06:10:03,2026-09-21T06:10:03,NO,0,0,
2026-09-21,06:10:04,2026-09-21T06:10:04,NO,0,0,
2026-09-21,06:10:05,2026-09-21T06:10:05,NO,0,0,
2026-09-21,06:10:07,2026-09-21T06:10:07,NO,0,0,
2026-09-21,06:10:08,2026-09-21T06:10:08,NO,0,0,
2026-09-21,06:10:09,2026-09-21T06:10:09,NO,0,0,
2026-09-21,06:10:10,2026-09-21T06:10:10,NO,0,0,
2026-09-21,06:10:11,2026-09-21T06:10:11,NO,0,0,
2026-09-21,06:10:12,2026-09-21T06:10:12,NO,0,0,
2026-09-21,06:10:13,2026-09-21T06:10:13,NO,0,0,
2026-09-21,06:10:14,2026-09-21T06:10:14,NO,0,0,
2026-09-21,06:10:15,2026-09-21T06:10:15,NO,0,0,
2026-09-21,06:10:16,2026-09-21T06:10:16,NO,0,0,
2026-09-21,06:10:17,2026-09-21T06:10:17,NO,0,0,
2026-09-21,06:10:18,2026-09-21T06:10:18,NO,0,0,
2026-09-21,06:10:19,2026-09-21T06:10:19,NO,0,0,
2026-09-21,06:10:20,2026-09-21T06:10:20,NO,0,0,
2026-09-21,06:10:21,2026-09-21T06:10:21,NO,0,0,
2026-09-21,06:10:23,2026-09-21T06:10:23,NO,0,0,
2026-09-21,06:10:24,2026-09-21T06:10:24,NO,0,0,
2026-09-21,06:10:25,2026-09-21T06:10:25,NO,0,0,
2026-09-21,06:10:26,2026-09-21T06:10:26,NO,0,0,
2026-09-21,06:10:27,2026-09-21T06:10:27,NO,0,0,
2026-09-21,06:10:28,2026-09-21T06:10:28,NO,0,0,
2026-09-21,06:10:29,2026-09-21T06:10:29,NO,0,0,
2026-09-21,06:10:30,2026-09-21T06:10:30,NO,0,0,
2026-09-21,06:10:31,2026-09-21T06:10:31,NO,0,0,
2026-09-21,06:10:32,2026-09-21T06:10:32,NO,0,0,
2026-09-21,06:10:33,2026-09-21T06:10:33,NO,0,0,
2026-09-21,06:10:34,2026-09-21T06:10:34,NO,0,0,
2026-09-21,06:10:35,2026-09-21T06:10:35,NO,0,0,
2026-09-21,06:10:36,2026-09-21T06:10:36,NO,0,0,
2026-09-21,06:10:38,2026-09-21T06:10:38,NO,0,0,
2026-09-21,06:10:39,2026-09-21T06:10:39,NO,0,0,
2026-09-21,06:10:40,2026-09-21T06:10:40,NO,0,0,
2026-09-21,06:10:41,2026-09-21T06:10:41,NO,0,0,
2026-09-21,06:10:42,2026-09-21T06:10:42,NO,0,0,
2026-09-21,06:10:43,2026-09-21T06:10:43,NO,0,0,
2026-09-21,06:10:44,2026-09-21T06:10:44,NO,0,0,
2026-09-21,06:10:45,2026-09-21T06:10:45,NO,0,0,
2026-09-21,06:10:46,2026-09-21T06:10:46,NO,0,0,
2026-09-21,06:10:47,2026-09-21T06:10:47,NO,0,0,
2026-09-21,06:10:48,2026-09-21T06:10:48,NO,0,0,
2026-09-21,06:10:49,2026-09-21T06:10:49,NO,0,0,
2026-09-21,06:10:50,2026-09-21T06:10:50,NO,0,0,
2026-09-21,06:10:51,2026-09-21T06:10:51,NO,0,0,
2026-09-21,06:10:52,2026-09-21T06:10:52,NO,0,0,
2026-09-21,06:10:53,2026-09-21T06:10:53,NO,0,0,
2026-09-21,06:10:54,2026-09-21T06:10:54,NO,0,0,
2026-09-21,06:10:56,2026-09-21T06:10:56,NO,0,0,
2026-09-21,06:10:57,2026-09-21T06:10:57,NO,0,0,
2026-09-21,06:10:58,2026-09-21T06:10:58,NO,0,0,
2026-09-21,06:10:59,2026-09-21T06:10:59,NO,0,0,
2026-09-21,06:11:00,2026-09-21T06:11:00,NO,0,0,
2026-09-21,06:11:01,2026-09-21T06:11:01,NO,0,0,
2026-09-21,06:11:02,2026-09-21T06:11:02,NO,0,0,
2026-09-21,06:11:03,2026-09-21T06:11:03,NO,0,0,
2026-09-21,06:11:04,2026-09-21T06:11:04,NO,0,0,
2026-09-21,06:11:05,2026-09-21T06:11:05,NO,0,0,
2026-09-21,06:11:06,2026-09-21T06:11:06,NO,0,0,
2026-09-21,06:11:07,2026-09-21T06:11:07,NO,0,0,
2026-09-21,06:11:09,2026-09-21T06:11:09,NO,0,0,
2026-09-21,06:11:10,2026-09-21T06:11:10,NO,0,0,
2026-09-21,06:11:11,2026-09-21T06:11:11,NO,0,0,
2026-09-21,06:11:12,2026-09-21T06:11:12,NO,0,0,
2026-09-21,06:11:13,2026-09-21T06:11:13,NO,0,0,
2026-09-21,06:11:14,2026-09-21T06:11:14,NO,0,0,
2026-09-21,06:11:15,2026-09-21T06:11:15,NO,0,0,
2026-09-21,06:11:16,2026-09-21T06:11:16,NO,0,0,
2026-09-21,06:11:17,2026-09-21T06:11:17,NO,0,0,
2026-09-21,06:11:18,2026-09-21T06:11:18,NO,0,0,
2026-09-21,06:11:19,2026-09-21T06:11:19,NO,0,0,
2026-09-21,06:11:20,2026-09-21T06:11:20,NO,0,0,
2026-09-21,06:11:21,2026-09-21T06:11:21,NO,0,0,
2026-09-21,06:11:22,2026-09-21T06:11:22,NO,0,0,
2026-09-21,06:11:23,2026-09-21T06:11:23,NO,0,0,
2026-09-21,06:11:24,2026-09-21T06:11:24,NO,0,0,
2026-09-21,06:11:25,2026-09-21T06:11:25,NO,0,0,
2026-09-21,06:11:26,2026-09-21T06:11:26,NO,0,0,
2026-09-21,06:11:27,2026-09-21T06:11:27,NO,0,0,
2026-09-21,06:11:28,2026-09-21T06:11:28,NO,0,0,
2026-09-21,06:11:30,2026-09-21T06:11:30,NO,0,0,
2026-09-21,06:11:31,2026-09-21T06:11:31,NO,0,0,
2026-09-21,06:11:32,2026-09-21T06:11:32,NO,0,0,
2026-09-21,06:11:33,2026-09-21T06:11:33,NO,0,0,
2026-09-21,06:11:34,2026-09-21T06:11:34,NO,0,0,
2026-09-21,06:11:35,2026-09-21T06:11:35,NO,0,0,
2026-09-21,06:11:36,2026-09-21T06:11:36,NO,0,0,
2026-09-21,06:11:37,2026-09-21T06:11:37,NO,0,0,
2026-09-21,06:11:38,2026-09-21T06:11:38,NO,0,0,
2026-09-21,06:11:39,2026-09-21T06:11:39,NO,0,0,
2026-09-21,06:11:40,2026-09-21T06:11:40,NO,0,0,
2026-09-21,06:11:41,2026-09-21T06:11:41,NO,0,0,
2026-09-21,06:11:42,2026-09-21T06:11:42,NO,0,0,
2026-09-21,06:11:43,2026-09-21T06:11:43,NO,0,0,
2026-09-21,06:11:44,2026-09-21T06:11:44,NO,0,0,
2026-09-21,06:11:46,2026-09-21T06:11:46,NO,0,0,
2026-09-21,06:11:47,2026-09-21T06:11:47,NO,0,0,
2026-09-21,06:11:48,2026-09-21T06:11:48,NO,0,0,
2026-09-21,06:11:49,2026-09-21T06:11:49,NO,0,0,
2026-09-21,06:11:50,2026-09-21T06:11:50,NO,0,0,
2026-09-21,06:11:51,2026-09-21T06:11:51,NO,0,0,
2026-09-21,06:11:52,2026-09-21T06:11:52,NO,0,0,
2026-09-21,06:11:53,2026-09-21T06:11:53,NO,0,0,
2026-09-21,06:11:54,2026-09-21T06:11:54,NO,0,0,
2026-09-21,06:11:55,2026-09-21T06:11:55,NO,0,0,
2026-09-21,06:11:56,2026-09-21T06:11:56,NO,0,0,
2026-09-21,06:11:57,2026-09-21T06:11:57,NO,0,0,
2026-09-21,06:11:58,2026-09-21T06:11:58,NO,0,0,
2026-09-21,06:11:59,2026-09-21T06:11:59,NO,0,0,
2026-09-21,06:12:00,2026-09-21T06:12:00,NO,0,0,
2026-09-21,06:12:01,2026-09-21T06:12:01,NO,0,0,
2026-09-21,06:12:02,2026-09-21T06:12:02,NO,0,0,
2026-09-21,06:12:04,2026-09-21T06:12:04,NO,0,0,
2026-09-21,06:12:05,2026-09-21T06:12:05,NO,0,0,
2026-09-21,06:12:06,2026-09-21T06:12:06,NO,0,0,
2026-09-21,06:12:07,2026-09-21T06:12:07,NO,0,0,
2026-09-21,06:12:08,2026-09-21T06:12:08,NO,0,0,
2026-09-21,06:12:09,2026-09-21T06:12:09,NO,0,0,
2026-09-21,06:12:10,2026-09-21T06:12:10,NO,0,0,
2026-09-21,06:12:11,2026-09-21T06:12:11,NO,0,0,
2026-09-21,06:12:12,2026-09-21T06:12:12,NO,0,0,
2026-09-21,06:12:13,2026-09-21T06:12:13,NO,0,0,
2026-09-21,06:12:14,2026-09-21T06:12:14,NO,0,0,
2026-09-21,06:12:15,2026-09-21T06:12:15,NO,0,0,
2026-09-21,06:12:16,2026-09-21T06:12:16,NO,0,0,
2026-09-21,06:12:17,2026-09-21T06:12:17,NO,0,0,
2026-09-21,06:12:18,2026-09-21T06:12:18,NO,0,0,
2026-09-21,06:12:19,2026-09-21T06:12:19,NO,0,0,
2026-09-21,06:12:21,2026-09-21T06:12:21,NO,0,0,
2026-09-21,06:12:22,2026-09-21T06:12:22,NO,0,0,
2026-09-21,06:12:23,2026-09-21T06:12:23,NO,0,0,
2026-09-21,06:12:24,2026-09-21T06:12:24,NO,0,0,
2026-09-21,06:12:25,2026-09-21T06:12:25,NO,0,0,
2026-09-21,06:12:26,2026-09-21T06:12:26,NO,0,0,
2026-09-21,06:12:27,2026-09-21T06:12:27,NO,0,0,
2026-09-21,06:12:28,2026-09-21T06:12:28,NO,0,0,
2026-09-21,06:12:29,2026-09-21T06:12:29,NO,0,0,
2026-09-21,06:12:30,2026-09-21T06:12:30,NO,0,0,
2026-09-21,06:12:31,2026-09-21T06:12:31,NO,0,0,
2026-09-21,06:12:32,2026-09-21T06:12:32,NO,0,0,
2026-09-21,06:12:33,2026-09-21T06:12:33,NO,0,0,
2026-09-21,06:12:34,2026-09-21T06:12:34,NO,0,0,
2026-09-21,06:12:35,2026-09-21T06:12:35,NO,0,0,
2026-09-21,06:12:36,2026-09-21T06:12:36,NO,0,0,
2026-09-21,06:12:37,2026-09-21T06:12:37,NO,0,0,
2026-09-21,06:12:38,2026-09-21T06:12:38,NO,0,0,
2026-09-21,06:12:39,2026-09-21T06:12:39,NO,0,0,
2026-09-21,06:12:40,2026-09-21T06:12:40,NO,0,0,
2026-09-21,06:12:42,2026-09-21T06:12:42,NO,0,0,
2026-09-21,06:12:43,2026-09-21T06:12:43,NO,0,0,
2026-09-21,06:12:44,2026-09-21T06:12:44,NO,0,0,
2026-09-21,06:12:45,2026-09-21T06:12:45,NO,0,0,
2026-09-21,06:12:46,2026-09-21T06:12:46,NO,0,0,
2026-09-21,06:12:47,2026-09-21T06:12:47,NO,0,0,
2026-09-21,06:12:48,2026-09-21T06:12:48,NO,0,0,
2026-09-21,06:12:49,2026-09-21T06:12:49,NO,0,0,
2026-09-21,06:12:50,2026-09-21T06:12:50,NO,0,0,
2026-09-21,06:12:51,2026-09-21T06:12:51,NO,0,0,
2026-09-21,06:12:52,2026-09-21T06:12:52,NO,0,0,
2026-09-21,06:12:53,2026-09-21T06:12:53,NO,0,0,
2026-09-21,06:12:54,2026-09-21T06:12:54,NO,0,0,
2026-09-21,06:12:55,2026-09-21T06:12:55,NO,0,0,
2026-09-21,06:12:56,2026-09-21T06:12:56,NO,0,0,
2026-09-21,06:12:58,2026-09-21T06:12:58,NO,0,0,
2026-09-21,06:12:59,2026-09-21T06:12:59,NO,0,0,
2026-09-21,06:13:00,2026-09-21T06:13:00,NO,0,0,
2026-09-21,06:13:01,2026-09-21T06:13:01,NO,0,0,
2026-09-21,06:13:02,2026-09-21T06:13:02,NO,0,0,
2026-09-21,06:13:03,2026-09-21T06:13:03,NO,0,0,
2026-09-21,06:13:04,2026-09-21T06:13:04,NO,0,0,
2026-09-21,06:13:05,2026-09-21T06:13:05,NO,0,0,
2026-09-21,06:13:06,2026-09-21T06:13:06,NO,0,0,
2026-09-21,06:13:07,2026-09-21T06:13:07,NO,0,0,
2026-09-21,06:13:08,2026-09-21T06:13:08,NO,0,0,
2026-09-21,06:13:09,2026-09-21T06:13:09,NO,0,0,
2026-09-21,06:13:10,2026-09-21T06:13:10,NO,0,0,
2026-09-21,06:13:11,2026-09-21T06:13:11,NO,0,0,
2026-09-21,06:13:12,2026-09-21T06:13:12,NO,0,0,
2026-09-21,06:13:13,2026-09-21T06:13:13,NO,0,0,
2026-09-21,06:13:14,2026-09-21T06:13:14,NO,0,0,
2026-09-21,06:13:15,2026-09-21T06:13:15,NO,0,0,
2026-09-21,06:13:17,2026-09-21T06:13:17,NO,0,0,
2026-09-21,06:13:18,2026-09-21T06:13:18,NO,0,0,
2026-09-21,06:13:19,2026-09-21T06:13:19,NO,0,0,
2026-09-21,06:13:20,2026-09-21T06:13:20,NO,0,0,
2026-09-21,06:13:21,2026-09-21T06:13:21,NO,0,0,
2026-09-21,06:13:22,2026-09-21T06:13:22,NO,0,0,
2026-09-21,06:13:23,2026-09-21T06:13:23,NO,0,0,
2026-09-21,06:13:24,2026-09-21T06:13:24,NO,0,0,
2026-09-21,06:13:25,2026-09-21T06:13:25,NO,0,0,
2026-09-21,06:13:26,2026-09-21T06:13:26,NO,0,0,
2026-09-21,06:13:27,2026-09-21T06:13:27,NO,0,0,
2026-09-21,06:13:28,2026-09-21T06:13:28,NO,0,0,
2026-09-21,06:13:29,2026-09-21T06:13:29,NO,0,0,
2026-09-21,06:13:30,2026-09-21T06:13:30,NO,0,0,
2026-09-21,06:13:31,2026-09-21T06:13:31,NO,0,0,
2026-09-21,06:13:32,2026-09-21T06:13:32,NO,0,0,
2026-09-21,06:13:33,2026-09-21T06:13:33,NO,0,0,
2026-09-21,06:13:34,2026-09-21T06:13:34,NO,0,0,
2026-09-21,06:13:36,2026-09-21T06:13:36,NO,0,0,
2026-09-21,06:13:37,2026-09-21T06:13:37,NO,0,0,
2026-09-21,06:13:38,2026-09-21T06:13:38,NO,0,0,
2026-09-21,06:13:39,2026-09-21T06:13:39,NO,0,0,
2026-09-21,06:13:40,2026-09-21T06:13:40,NO,0,0,
2026-09-21,06:13:41,2026-09-21T06:13:41,NO,0,0,
2026-09-21,06:13:42,2026-09-21T06:13:42,NO,0,0,
2026-09-21,06:13:43,2026-09-21T06:13:43,NO,0,0,
2026-09-21,06:13:44,2026-09-21T06:13:44,NO,0,0,
2026-09-21,06:13:45,2026-09-21T06:13:45,NO,0,0,
2026-09-21,06:13:46,2026-09-21T06:13:46,NO,0,0,
2026-09-21,06:13:47,2026-09-21T06:13:47,NO,0,0,
2026-09-21,06:13:48,2026-09-21T06:13:48,NO,0,0,
2026-09-21,06:13:50,2026-09-21T06:13:50,NO,0,0,
2026-09-21,06:13:52,2026-09-21T06:13:52,NO,0,0,
2026-09-21,06:13:53,2026-09-21T06:13:53,NO,0,0,
2026-09-21,06:13:54,2026-09-21T06:13:54,NO,0,0,
2026-09-21,06:13:55,2026-09-21T06:13:55,NO,0,0,
2026-09-21,06:13:56,2026-09-21T06:13:56,NO,0,0,
2026-09-21,06:13:58,2026-09-21T06:13:58,NO,0,0,
2026-09-21,06:13:59,2026-09-21T06:13:59,NO,0,0,
2026-09-21,06:14:00,2026-09-21T06:14:00,NO,0,0,
2026-09-21,06:14:01,2026-09-21T06:14:01,NO,0,0,
2026-09-21,06:14:02,2026-09-21T06:14:02,NO,0,0,
2026-09-21,06:14:03,2026-09-21T06:14:03,NO,0,0,
2026-09-21,06:14:04,2026-09-21T06:14:04,NO,0,0,
2026-09-21,06:14:05,2026-09-21T06:14:05,NO,0,0,
2026-09-21,06:14:06,2026-09-21T06:14:06,NO,0,0,
2026-09-21,06:14:07,2026-09-21T06:14:07,NO,0,0,
2026-09-21,06:14:09,2026-09-21T06:14:09,NO,0,0,
2026-09-21,06:14:10,2026-09-21T06:14:10,NO,0,0,
2026-09-21,06:14:11,2026-09-21T06:14:11,NO,0,0,
2026-09-21,06:14:12,2026-09-21T06:14:12,NO,0,0,
2026-09-21,06:14:13,2026-09-21T06:14:13,NO,0,0,
2026-09-21,06:14:14,2026-09-21T06:14:14,NO,0,0,
2026-09-21,06:14:15,2026-09-21T06:14:15,NO,0,0,
2026-09-21,06:14:16,2026-09-21T06:14:16,NO,0,0,
2026-09-21,06:14:17,2026-09-21T06:14:17,NO,0,0,
2026-09-21,06:14:18,2026-09-21T06:14:18,NO,0,0,
2026-09-21,06:14:19,2026-09-21T06:14:19,NO,0,0,
2026-09-21,06:14:20,2026-09-21T06:14:20,NO,0,0,
2026-09-21,06:14:21,2026-09-21T06:14:21,NO,0,0,
2026-09-21,06:14:22,2026-09-21T06:14:22,NO,0,0,
2026-09-21,06:14:23,2026-09-21T06:14:23,NO,0,0,
2026-09-21,06:14:24,2026-09-21T06:14:24,NO,0,0,
2026-09-21,06:14:25,2026-09-21T06:14:25,NO,0,0,
2026-09-21,06:14:27,2026-09-21T06:14:27,NO,0,0,
2026-09-21,06:14:28,2026-09-21T06:14:28,NO,0,0,
2026-09-21,06:14:29,2026-09-21T06:14:29,NO,0,0,
2026-09-21,06:14:30,2026-09-21T06:14:30,NO,0,0,
2026-09-21,06:14:31,2026-09-21T06:14:31,NO,0,0,
2026-09-21,06:14:32,2026-09-21T06:14:32,NO,0,0,
2026-09-21,06:14:33,2026-09-21T06:14:33,NO,0,0,
2026-09-21,06:14:34,2026-09-21T06:14:34,NO,0,0,
2026-09-21,06:14:35,2026-09-21T06:14:35,NO,0,0,
2026-09-21,06:14:36,2026-09-21T06:14:36,NO,0,0,
2026-09-21,06:14:37,2026-09-21T06:14:37,NO,0,0,
2026-09-21,06:14:38,2026-09-21T06:14:38,NO,0,0,
2026-09-21,06:14:39,2026-09-21T06:14:39,NO,0,0,
2026-09-21,06:14:41,2026-09-21T06:14:41,NO,0,0,
2026-09-21,06:14:42,2026-09-21T06:14:42,NO,0,0,
2026-09-21,06:14:43,2026-09-21T06:14:43,NO,0,0,
2026-09-21,06:14:44,2026-09-21T06:14:44,NO,0,0,
2026-09-21,06:14:45,2026-09-21T06:14:45,NO,0,0,
2026-09-21,06:14:46,2026-09-21T06:14:46,NO,0,0,
2026-09-21,06:14:47,2026-09-21T06:14:47,NO,0,0,
2026-09-21,06:14:48,2026-09-21T06:14:48,NO,0,0,
2026-09-21,06:14:49,2026-09-21T06:14:49,NO,0,0,
2026-09-21,06:14:50,2026-09-21T06:14:50,NO,0,0,
2026-09-21,06:14:51,2026-09-21T06:14:51,NO,0,0,
2026-09-21,06:14:52,2026-09-21T06:14:52,NO,0,0,
2026-09-21,06:14:53,2026-09-21T06:14:53,NO,0,0,
2026-09-21,06:14:54,2026-09-21T06:14:54,NO,0,0,
2026-09-21,06:14:55,2026-09-21T06:14:55,NO,0,0,
2026-09-21,06:14:57,2026-09-21T06:14:57,NO,0,0,
2026-09-21,06:14:58,2026-09-21T06:14:58,NO,0,0,
2026-09-21,06:14:59,2026-09-21T06:14:59,NO,0,0,
2026-09-21,06:15:00,2026-09-21T06:15:00,NO,0,0,
2026-09-21,06:15:01,2026-09-21T06:15:01,NO,0,0,
2026-09-21,06:15:02,2026-09-21T06:15:02,NO,0,0,
2026-09-21,06:15:03,2026-09-21T06:15:03,NO,0,0,
2026-09-21,06:15:04,2026-09-21T06:15:04,NO,0,0,
2026-09-21,06:15:05,2026-09-21T06:15:05,NO,0,0,
2026-09-21,06:15:06,2026-09-21T06:15:06,NO,0,0,
2026-09-21,06:15:07,2026-09-21T06:15:07,NO,0,0,
2026-09-21,06:15:09,2026-09-21T06:15:09,NO,0,0,
2026-09-21,06:15:10,2026-09-21T06:15:10,NO,0,0,
2026-09-21,06:15:11,2026-09-21T06:15:11,NO,0,0,
2026-09-21,06:15:12,2026-09-21T06:15:12,NO,0,0,
2026-09-21,06:15:13,2026-09-21T06:15:13,NO,0,0,
2026-09-21,06:15:15,2026-09-21T06:15:15,NO,0,0,
2026-09-21,06:15:16,2026-09-21T06:15:16,NO,0,0,
2026-09-21,06:15:17,2026-09-21T06:15:17,NO,0,0,
2026-09-21,06:15:18,2026-09-21T06:15:18,NO,0,0,
2026-09-21,06:15:19,2026-09-21T06:15:19,NO,0,0,
2026-09-21,06:15:20,2026-09-21T06:15:20,NO,0,0,
2026-09-21,06:15:22,2026-09-21T06:15:22,NO,0,0,
2026-09-21,06:15:23,2026-09-21T06:15:23,NO,0,0,
2026-09-21,06:15:24,2026-09-21T06:15:24,NO,0,0,
2026-09-21,06:15:25,2026-09-21T06:15:25,NO,0,0,
2026-09-21,06:15:26,2026-09-21T06:15:26,NO,0,0,
2026-09-21,06:15:27,2026-09-21T06:15:27,NO,0,0,
2026-09-21,06:15:29,2026-09-21T06:15:29,NO,0,0,
2026-09-21,06:15:30,2026-09-21T06:15:30,NO,0,0,
2026-09-21,06:15:31,2026-09-21T06:15:31,NO,0,0,
2026-09-21,06:15:33,2026-09-21T06:15:33,NO,0,0,
2026-09-21,06:15:34,2026-09-21T06:15:34,NO,0,0,
2026-09-21,06:15:35,2026-09-21T06:15:35,NO,0,0,
2026-09-21,06:15:36,2026-09-21T06:15:36,NO,0,0,
2026-09-21,06:15:37,2026-09-21T06:15:37,NO,0,0,
2026-09-21,06:15:38,2026-09-21T06:15:38,NO,0,0,
2026-09-21,06:15:39,2026-09-21T06:15:39,NO,0,0,
2026-09-21,06:15:41,2026-09-21T06:15:41,NO,0,0,
2026-09-21,06:15:42,2026-09-21T06:15:42,NO,0,0,
2026-09-21,06:15:43,2026-09-21T06:15:43,NO,0,0,
2026-09-21,06:15:44,2026-09-21T06:15:44,NO,0,0,
2026-09-21,06:15:45,2026-09-21T06:15:45,NO,0,0,
2026-09-21,06:15:46,2026-09-21T06:15:46,NO,0,0,
2026-09-21,06:15:47,2026-09-21T06:15:47,NO,0,0,
2026-09-21,06:15:48,2026-09-21T06:15:48,NO,0,0,
2026-09-21,06:15:50,2026-09-21T06:15:50,NO,0,0,
2026-09-21,06:15:51,2026-09-21T06:15:51,NO,0,0,
2026-09-21,06:15:52,2026-09-21T06:15:52,NO,0,0,
2026-09-21,06:15:53,2026-09-21T06:15:53,NO,0,0,
2026-09-21,06:15:54,2026-09-21T06:15:54,NO,0,0,
2026-09-21,06:15:55,2026-09-21T06:15:55,NO,0,0,
2026-09-21,06:15:56,2026-09-21T06:15:56,NO,0,0,
2026-09-21,06:15:57,2026-09-21T06:15:57,NO,0,0,
2026-09-21,06:15:59,2026-09-21T06:15:59,NO,0,0,
2026-09-21,06:16:00,2026-09-21T06:16:00,NO,0,0,
2026-09-21,06:16:01,2026-09-21T06:16:01,NO,0,0,
2026-09-21,06:16:02,2026-09-21T06:16:02,NO,0,0,
2026-09-21,06:16:03,2026-09-21T06:16:03,NO,0,0,
2026-09-21,06:16:04,2026-09-21T06:16:04,NO,0,0,
2026-09-21,06:16:05,2026-09-21T06:16:05,NO,0,0,
2026-09-21,06:16:06,2026-09-21T06:16:06,NO,0,0,
2026-09-21,06:16:07,2026-09-21T06:16:07,NO,0,0,
2026-09-21,06:16:09,2026-09-21T06:16:09,NO,0,0,
2026-09-21,06:16:10,2026-09-21T06:16:10,NO,0,0,
2026-09-21,06:16:11,2026-09-21T06:16:11,NO,0,0,
2026-09-21,06:16:12,2026-09-21T06:16:12,NO,0,0,
2026-09-21,06:16:13,2026-09-21T06:16:13,NO,0,0,
2026-09-21,06:16:14,2026-09-21T06:16:14,NO,0,0,
2026-09-21,06:16:15,2026-09-21T06:16:15,NO,0,0,
2026-09-21,06:16:16,2026-09-21T06:16:16,NO,0,0,
2026-09-21,06:16:17,2026-09-21T06:16:17,NO,0,0,
2026-09-21,06:16:18,2026-09-21T06:16:18,NO,0,0,
2026-09-21,06:16:19,2026-09-21T06:16:19,NO,0,0,
2026-09-21,06:16:20,2026-09-21T06:16:20,NO,0,0,
2026-09-21,06:16:22,2026-09-21T06:16:22,NO,0,0,
2026-09-21,06:16:23,2026-09-21T06:16:23,NO,0,0,
2026-09-21,06:16:24,2026-09-21T06:16:24,NO,0,0,
2026-09-21,06:16:25,2026-09-21T06:16:25,NO,0,0,
2026-09-21,06:16:26,2026-09-21T06:16:26,NO,0,0,
2026-09-21,06:16:27,2026-09-21T06:16:27,NO,0,0,
2026-09-21,06:16:28,2026-09-21T06:16:28,NO,0,0,
2026-09-21,06:16:29,2026-09-21T06:16:29,NO,0,0,
2026-09-21,06:16:30,2026-09-21T06:16:30,NO,0,0,
2026-09-21,06:16:31,2026-09-21T06:16:31,NO,0,0,
2026-09-21,06:16:32,2026-09-21T06:16:32,NO,0,0,
2026-09-21,06:16:34,2026-09-21T06:16:34,NO,0,0,
2026-09-21,06:16:35,2026-09-21T06:16:35,NO,0,0,
2026-09-21,06:16:36,2026-09-21T06:16:36,NO,0,0,
2026-09-21,06:16:37,2026-09-21T06:16:37,NO,0,0,
2026-09-21,06:16:38,2026-09-21T06:16:38,NO,0,0,
2026-09-21,06:16:39,2026-09-21T06:16:39,NO,0,0,
2026-09-21,06:16:40,2026-09-21T06:16:40,NO,0,0,
2026-09-21,06:16:41,2026-09-21T06:16:41,NO,0,0,
2026-09-21,06:16:42,2026-09-21T06:16:42,NO,0,0,
2026-09-21,06:16:43,2026-09-21T06:16:43,NO,0,0,
2026-09-21,06:16:44,2026-09-21T06:16:44,NO,0,0,
2026-09-21,06:16:45,2026-09-21T06:16:45,NO,0,0,
2026-09-21,06:16:47,2026-09-21T06:16:47,NO,0,0,
2026-09-21,06:16:48,2026-09-21T06:16:48,NO,0,0,
2026-09-21,06:16:49,2026-09-21T06:16:49,NO,0,0,
2026-09-21,06:16:50,2026-09-21T06:16:50,NO,0,0,
2026-09-21,06:16:51,2026-09-21T06:16:51,NO,0,0,
2026-09-21,06:16:52,2026-09-21T06:16:52,NO,0,0,
2026-09-21,06:16:53,2026-09-21T06:16:53,NO,0,0,
2026-09-21,06:16:55,2026-09-21T06:16:55,NO,0,0,
2026-09-21,06:16:56,2026-09-21T06:16:56,NO,0,0,
2026-09-21,06:16:57,2026-09-21T06:16:57,NO,0,0,
2026-09-21,06:16:58,2026-09-21T06:16:58,NO,0,0,
2026-09-21,06:16:59,2026-09-21T06:16:59,NO,0,0,
2026-09-21,06:17:00,2026-09-21T06:17:00,NO,0,0,
2026-09-21,06:17:01,2026-09-21T06:17:01,NO,0,0,
2026-09-21,06:17:02,2026-09-21T06:17:02,NO,0,0,
2026-09-21,06:17:03,2026-09-21T06:17:03,NO,0,0,
2026-09-21,06:17:04,2026-09-21T06:17:04,NO,0,0,
2026-09-21,06:17:05,2026-09-21T06:17:05,NO,0,0,
2026-09-21,06:17:06,2026-09-21T06:17:06,NO,0,0,
2026-09-21,06:17:07,2026-09-21T06:17:07,NO,0,0,
2026-09-21,06:17:08,2026-09-21T06:17:08,NO,0,0,
2026-09-21,06:17:10,2026-09-21T06:17:10,NO,0,0,
2026-09-21,06:17:11,2026-09-21T06:17:11,NO,0,0,
2026-09-21,06:17:12,2026-09-21T06:17:12,NO,0,0,
2026-09-21,06:17:13,2026-09-21T06:17:13,NO,0,0,
2026-09-21,06:17:14,2026-09-21T06:17:14,NO,0,0,
2026-09-21,06:17:15,2026-09-21T06:17:15,NO,0,0,
2026-09-21,06:17:16,2026-09-21T06:17:16,NO,0,0,
2026-09-21,06:17:17,2026-09-21T06:17:17,NO,0,0,
2026-09-21,06:17:18,2026-09-21T06:17:18,NO,0,0,
2026-09-21,06:17:19,2026-09-21T06:17:19,NO,0,0,
2026-09-21,06:17:20,2026-09-21T06:17:20,NO,0,0,
2026-09-21,06:17:21,2026-09-21T06:17:21,NO,0,0,
2026-09-21,06:17:22,2026-09-21T06:17:22,NO,0,0,
2026-09-21,06:17:24,2026-09-21T06:17:24,NO,0,0,
2026-09-21,06:17:25,2026-09-21T06:17:25,NO,0,0,
2026-09-21,06:17:26,2026-09-21T06:17:26,NO,0,0,
2026-09-21,06:17:27,2026-09-21T06:17:27,NO,0,0,
2026-09-21,06:17:28,2026-09-21T06:17:28,NO,0,0,
2026-09-21,06:17:29,2026-09-21T06:17:29,NO,0,0,
2026-09-21,06:17:30,2026-09-21T06:17:30,NO,0,0,
2026-09-21,06:17:31,2026-09-21T06:17:31,NO,0,0,
2026-09-21,06:17:32,2026-09-21T06:17:32,NO,0,0,
2026-09-21,06:17:33,2026-09-21T06:17:33,NO,0,0,
2026-09-21,06:17:34,2026-09-21T06:17:34,NO,0,0,
2026-09-21,06:17:35,2026-09-21T06:17:35,NO,0,0,
2026-09-21,06:17:36,2026-09-21T06:17:36,NO,0,0,
2026-09-21,06:17:38,2026-09-21T06:17:38,NO,0,0,
2026-09-21,06:17:39,2026-09-21T06:17:39,NO,0,0,
2026-09-21,06:17:40,2026-09-21T06:17:40,NO,0,0,
2026-09-21,06:17:41,2026-09-21T06:17:41,NO,0,0,
2026-09-21,06:17:42,2026-09-21T06:17:42,NO,0,0,
2026-09-21,06:17:43,2026-09-21T06:17:43,NO,0,0,
2026-09-21,06:17:44,2026-09-21T06:17:44,NO,0,0,
2026-09-21,06:17:45,2026-09-21T06:17:45,NO,0,0,
2026-09-21,06:17:47,2026-09-21T06:17:47,NO,0,0,
2026-09-21,06:17:48,2026-09-21T06:17:48,NO,0,0,
2026-09-21,06:17:49,2026-09-21T06:17:49,NO,0,0,
2026-09-21,06:17:50,2026-09-21T06:17:50,NO,0,0,
2026-09-21,06:17:51,2026-09-21T06:17:51,NO,0,0,
2026-09-21,06:17:52,2026-09-21T06:17:52,NO,0,0,
2026-09-21,06:17:53,2026-09-21T06:17:53,NO,0,0,
2026-09-21,06:17:55,2026-09-21T06:17:55,NO,0,0,
2026-09-21,06:17:56,2026-09-21T06:17:56,NO,0,0,
2026-09-21,06:17:57,2026-09-21T06:17:57,NO,0,0,
2026-09-21,06:17:58,2026-09-21T06:17:58,NO,0,0,
2026-09-21,06:17:59,2026-09-21T06:17:59,NO,0,0,
2026-09-21,06:18:00,2026-09-21T06:18:00,NO,0,0,
2026-09-21,06:18:01,2026-09-21T06:18:01,NO,0,0,
2026-09-21,06:18:02,2026-09-21T06:18:02,NO,0,0,
2026-09-21,06:18:03,2026-09-21T06:18:03,NO,0,0,
2026-09-21,06:18:04,2026-09-21T06:18:04,NO,0,0,
2026-09-21,06:18:05,2026-09-21T06:18:05,NO,0,0,
2026-09-21,06:18:07,2026-09-21T06:18:07,NO,0,0,
2026-09-21,06:18:08,2026-09-21T06:18:08,NO,0,0,
2026-09-21,06:18:09,2026-09-21T06:18:09,NO,0,0,
2026-09-21,06:18:10,2026-09-21T06:18:10,NO,0,0,
2026-09-21,06:18:11,2026-09-21T06:18:11,NO,0,0,
2026-09-21,06:18:12,2026-09-21T06:18:12,NO,0,0,
2026-09-21,06:18:13,2026-09-21T06:18:13,NO,0,0,
2026-09-21,06:18:14,2026-09-21T06:18:14,NO,0,0,
2026-09-21,06:18:15,2026-09-21T06:18:15,NO,0,0,
2026-09-21,06:18:16,2026-09-21T06:18:16,NO,0,0,
2026-09-21,06:18:17,2026-09-21T06:18:17,NO,0,0,
2026-09-21,06:18:18,2026-09-21T06:18:18,NO,0,0,
2026-09-21,06:18:19,2026-09-21T06:18:19,NO,0,0,
2026-09-21,06:18:20,2026-09-21T06:18:20,NO,0,0,
2026-09-21,06:18:21,2026-09-21T06:18:21,NO,0,0,
2026-09-21,06:18:22,2026-09-21T06:18:22,NO,0,0,
2026-09-21,06:18:23,2026-09-21T06:18:23,NO,0,0,
2026-09-21,06:18:24,2026-09-21T06:18:24,NO,0,0,
2026-09-21,06:18:26,2026-09-21T06:18:26,NO,0,0,
2026-09-21,06:18:27,2026-09-21T06:18:27,NO,0,0,
2026-09-21,06:18:28,2026-09-21T06:18:28,NO,0,0,
2026-09-21,06:18:29,2026-09-21T06:18:29,NO,0,0,
2026-09-21,06:18:30,2026-09-21T06:18:30,NO,0,0,
2026-09-21,06:18:31,2026-09-21T06:18:31,NO,0,0,
2026-09-21,06:18:32,2026-09-21T06:18:32,NO,0,0,
2026-09-21,06:18:33,2026-09-21T06:18:33,NO,0,0,
2026-09-21,06:18:34,2026-09-21T06:18:34,NO,0,0,
2026-09-21,06:18:35,2026-09-21T06:18:35,NO,0,0,
2026-09-21,06:18:36,2026-09-21T06:18:36,NO,0,0,
2026-09-21,06:18:37,2026-09-21T06:18:37,NO,0,0,
2026-09-21,06:18:38,2026-09-21T06:18:38,NO,0,0,
2026-09-21,06:18:39,2026-09-21T06:18:39,NO,0,0,
2026-09-21,06:18:41,2026-09-21T06:18:41,NO,0,0,
2026-09-21,06:18:42,2026-09-21T06:18:42,NO,0,0,
2026-09-21,06:18:43,2026-09-21T06:18:43,NO,0,0,
2026-09-21,06:18:44,2026-09-21T06:18:44,NO,0,0,
2026-09-21,06:18:45,2026-09-21T06:18:45,NO,0,0,
2026-09-21,06:18:46,2026-09-21T06:18:46,NO,0,0,
2026-09-21,06:18:47,2026-09-21T06:18:47,NO,0,0,
2026-09-21,06:18:48,2026-09-21T06:18:48,NO,0,0,
2026-09-21,06:18:49,2026-09-21T06:18:49,NO,0,0,
2026-09-21,06:18:50,2026-09-21T06:18:50,NO,0,0,
2026-09-21,06:18:51,2026-09-21T06:18:51,NO,0,0,
2026-09-21,06:18:52,2026-09-21T06:18:52,NO,0,0,
2026-09-21,06:18:54,2026-09-21T06:18:54,NO,0,0,
2026-09-21,06:18:55,2026-09-21T06:18:55,NO,0,0,
2026-09-21,06:18:56,2026-09-21T06:18:56,NO,0,0,
2026-09-21,06:18:57,2026-09-21T06:18:57,NO,0,0,
2026-09-21,06:18:58,2026-09-21T06:18:58,NO,0,0,
2026-09-21,06:18:59,2026-09-21T06:18:59,NO,0,0,
2026-09-21,06:19:00,2026-09-21T06:19:00,NO,0,0,
2026-09-21,06:19:01,2026-09-21T06:19:01,NO,0,0,
2026-09-21,06:19:02,2026-09-21T06:19:02,NO,0,0,
2026-09-21,06:19:04,2026-09-21T06:19:04,NO,0,0,
2026-09-21,06:19:05,2026-09-21T06:19:05,NO,0,0,
2026-09-21,06:19:06,2026-09-21T06:19:06,NO,0,0,
2026-09-21,06:19:07,2026-09-21T06:19:07,NO,0,0,
2026-09-21,06:19:08,2026-09-21T06:19:08,NO,0,0,
2026-09-21,06:19:09,2026-09-21T06:19:09,NO,0,0,
2026-09-21,06:19:10,2026-09-21T06:19:10,NO,0,0,
2026-09-21,06:19:11,2026-09-21T06:19:11,NO,0,0,
2026-09-21,06:19:13,2026-09-21T06:19:13,NO,0,0,
2026-09-21,06:19:14,2026-09-21T06:19:14,NO,0,0,
2026-09-21,06:19:15,2026-09-21T06:19:15,NO,0,0,
2026-09-21,06:19:16,2026-09-21T06:19:16,NO,0,0,
2026-09-21,06:19:17,2026-09-21T06:19:17,NO,0,0,
2026-09-21,06:19:18,2026-09-21T06:19:18,NO,0,0,
2026-09-21,06:19:19,2026-09-21T06:19:19,NO,0,0,
2026-09-21,06:19:20,2026-09-21T06:19:20,NO,0,0,
2026-09-21,06:19:22,2026-09-21T06:19:22,NO,0,0,
2026-09-21,06:19:23,2026-09-21T06:19:23,NO,0,0,
2026-09-21,06:19:24,2026-09-21T06:19:24,NO,0,0,
2026-09-21,06:19:25,2026-09-21T06:19:25,NO,0,0,
2026-09-21,06:19:26,2026-09-21T06:19:26,NO,0,0,
2026-09-21,06:19:27,2026-09-21T06:19:27,NO,0,0,
2026-09-21,06:19:28,2026-09-21T06:19:28,NO,0,0,
2026-09-21,06:19:29,2026-09-21T06:19:29,NO,0,0,
2026-09-21,06:19:30,2026-09-21T06:19:30,NO,0,0,
2026-09-21,06:19:31,2026-09-21T06:19:31,NO,0,0,
2026-09-21,06:19:32,2026-09-21T06:19:32,NO,0,0,
2026-09-21,06:19:33,2026-09-21T06:19:33,NO,0,0,
2026-09-21,06:19:35,2026-09-21T06:19:35,NO,0,0,
2026-09-21,06:19:36,2026-09-21T06:19:36,NO,0,0,
2026-09-21,06:19:37,2026-09-21T06:19:37,NO,0,0,
2026-09-21,06:19:38,2026-09-21T06:19:38,NO,0,0,
2026-09-21,06:19:39,2026-09-21T06:19:39,NO,0,0,
2026-09-21,06:19:40,2026-09-21T06:19:40,NO,0,0,
2026-09-21,06:19:41,2026-09-21T06:19:41,NO,0,0,
2026-09-21,06:19:42,2026-09-21T06:19:42,NO,0,0,
2026-09-21,06:19:43,2026-09-21T06:19:43,NO,0,0,
2026-09-21,06:19:44,2026-09-21T06:19:44,NO,0,0,
2026-09-21,06:19:45,2026-09-21T06:19:45,NO,0,0,
2026-09-21,06:19:47,2026-09-21T06:19:47,NO,0,0,
2026-09-21,06:19:48,2026-09-21T06:19:48,NO,0,0,
2026-09-21,06:19:49,2026-09-21T06:19:49,NO,0,0,
2026-09-21,06:19:50,2026-09-21T06:19:50,NO,0,0,
2026-09-21,06:19:51,2026-09-21T06:19:51,NO,0,0,
2026-09-21,06:19:52,2026-09-21T06:19:52,NO,0,0,
2026-09-21,06:19:53,2026-09-21T06:19:53,NO,0,0,
2026-09-21,06:19:54,2026-09-21T06:19:54,NO,0,0,
2026-09-21,06:19:55,2026-09-21T06:19:55,NO,0,0,
2026-09-21,06:19:56,2026-09-21T06:19:56,NO,0,0,
2026-09-21,06:19:57,2026-09-21T06:19:57,NO,0,0,
2026-09-21,06:19:58,2026-09-21T06:19:58,NO,0,0,
2026-09-21,06:19:59,2026-09-21T06:19:59,NO,0,0,
2026-09-21,06:20:01,2026-09-21T06:20:01,NO,0,0,
2026-09-21,06:20:02,2026-09-21T06:20:02,NO,0,0,
2026-09-21,06:20:03,2026-09-21T06:20:03,NO,0,0,
2026-09-21,06:20:04,2026-09-21T06:20:04,NO,0,0,
2026-09-21,06:20:05,2026-09-21T06:20:05,NO,0,0,
2026-09-21,06:20:06,2026-09-21T06:20:06,NO,0,0,
2026-09-21,06:20:07,2026-09-21T06:20:07,NO,0,0,
2026-09-21,06:20:08,2026-09-21T06:20:08,NO,0,0,
2026-09-21,06:20:09,2026-09-21T06:20:09,NO,0,0,
2026-09-21,06:20:10,2026-09-21T06:20:10,NO,0,0,
2026-09-21,06:20:11,2026-09-21T06:20:11,NO,0,0,
2026-09-21,06:20:12,2026-09-21T06:20:12,NO,0,0,
2026-09-21,06:20:13,2026-09-21T06:20:13,NO,0,0,
2026-09-21,06:20:14,2026-09-21T06:20:14,NO,0,0,
2026-09-21,06:20:15,2026-09-21T06:20:15,NO,0,0,
2026-09-21,06:20:16,2026-09-21T06:20:16,NO,0,0,
2026-09-21,06:20:17,2026-09-21T06:20:17,NO,0,0,
2026-09-21,06:20:18,2026-09-21T06:20:18,NO,0,0,
2026-09-21,06:20:19,2026-09-21T06:20:19,NO,0,0,
2026-09-21,06:20:20,2026-09-21T06:20:20,NO,0,0,
2026-09-21,06:20:21,2026-09-21T06:20:21,NO,0,0,
2026-09-21,06:20:22,2026-09-21T06:20:22,NO,0,0,
2026-09-21,06:20:24,2026-09-21T06:20:24,NO,0,0,
2026-09-21,06:20:25,2026-09-21T06:20:25,NO,0,0,
2026-09-21,06:20:26,2026-09-21T06:20:26,NO,0,0,
2026-09-21,06:20:27,2026-09-21T06:20:27,NO,0,0,
2026-09-21,06:20:28,2026-09-21T06:20:28,NO,0,0,
2026-09-21,06:20:29,2026-09-21T06:20:29,NO,0,0,
2026-09-21,06:20:30,2026-09-21T06:20:30,NO,0,0,
2026-09-21,06:20:31,2026-09-21T06:20:31,NO,0,0,
2026-09-21,06:20:32,2026-09-21T06:20:32,NO,0,0,
2026-09-21,06:20:33,2026-09-21T06:20:33,NO,0,0,
2026-09-21,06:20:34,2026-09-21T06:20:34,NO,0,0,
2026-09-21,06:20:35,2026-09-21T06:20:35,NO,0,0,
2026-09-21,06:20:36,2026-09-21T06:20:36,NO,0,0,
2026-09-21,06:20:38,2026-09-21T06:20:38,NO,0,0,
2026-09-21,06:20:39,2026-09-21T06:20:39,NO,0,0,
2026-09-21,06:20:40,2026-09-21T06:20:40,NO,0,0,
2026-09-21,06:20:41,2026-09-21T06:20:41,NO,0,0,
2026-09-21,06:20:42,2026-09-21T06:20:42,NO,0,0,
2026-09-21,06:20:43,2026-09-21T06:20:43,NO,0,0,
2026-09-21,06:20:44,2026-09-21T06:20:44,NO,0,0,
2026-09-21,06:20:45,2026-09-21T06:20:45,NO,0,0,
2026-09-21,06:20:46,2026-09-21T06:20:46,NO,0,0,
2026-09-21,06:20:47,2026-09-21T06:20:47,NO,0,0,
2026-09-21,06:20:48,2026-09-21T06:20:48,NO,0,0,
2026-09-21,06:20:50,2026-09-21T06:20:50,NO,0,0,
2026-09-21,06:20:51,2026-09-21T06:20:51,NO,0,0,
2026-09-21,06:20:52,2026-09-21T06:20:52,NO,0,0,
2026-09-21,06:20:53,2026-09-21T06:20:53,NO,0,0,
2026-09-21,06:20:54,2026-09-21T06:20:54,NO,0,0,
2026-09-21,06:20:55,2026-09-21T06:20:55,NO,0,0,
2026-09-21,06:20:56,2026-09-21T06:20:56,NO,0,0,
2026-09-21,06:20:57,2026-09-21T06:20:57,NO,0,0,
2026-09-21,06:20:58,2026-09-21T06:20:58,NO,0,0,
2026-09-21,06:21:00,2026-09-21T06:21:00,NO,0,0,
2026-09-21,06:21:01,2026-09-21T06:21:01,NO,0,0,
2026-09-21,06:21:02,2026-09-21T06:21:02,NO,0,0,
2026-09-21,06:21:03,2026-09-21T06:21:03,NO,0,0,
2026-09-21,06:21:04,2026-09-21T06:21:04,NO,0,0,
2026-09-21,06:21:05,2026-09-21T06:21:05,NO,0,0,
2026-09-21,06:21:06,2026-09-21T06:21:06,NO,0,0,
2026-09-21,06:21:07,2026-09-21T06:21:07,NO,0,0,
2026-09-21,06:21:08,2026-09-21T06:21:08,NO,0,0,
2026-09-21,06:21:09,2026-09-21T06:21:09,NO,0,0,
2026-09-21,06:21:10,2026-09-21T06:21:10,NO,0,0,
2026-09-21,06:21:11,2026-09-21T06:21:11,NO,0,0,
2026-09-21,06:21:13,2026-09-21T06:21:13,NO,0,0,
2026-09-21,06:21:14,2026-09-21T06:21:14,NO,0,0,
2026-09-21,06:21:15,2026-09-21T06:21:15,NO,0,0,
2026-09-21,06:21:16,2026-09-21T06:21:16,NO,0,0,
2026-09-21,06:21:17,2026-09-21T06:21:17,NO,0,0,
2026-09-21,06:21:18,2026-09-21T06:21:18,NO,0,0,
2026-09-21,06:21:19,2026-09-21T06:21:19,NO,0,0,
2026-09-21,06:21:20,2026-09-21T06:21:20,NO,0,0,
2026-09-21,06:21:21,2026-09-21T06:21:21,NO,0,0,
2026-09-21,06:21:22,2026-09-21T06:21:22,NO,0,0,
2026-09-21,06:21:23,2026-09-21T06:21:23,NO,0,0,
2026-09-21,06:21:24,2026-09-21T06:21:24,NO,0,0,
2026-09-21,06:21:25,2026-09-21T06:21:25,NO,0,0,
2026-09-21,06:21:26,2026-09-21T06:21:26,NO,0,0,
2026-09-21,06:21:27,2026-09-21T06:21:27,NO,0,0,
2026-09-21,06:21:28,2026-09-21T06:21:28,NO,0,0,
2026-09-21,06:21:29,2026-09-21T06:21:29,NO,0,0,
2026-09-21,06:21:30,2026-09-21T06:21:30,NO,0,0,
2026-09-21,06:21:31,2026-09-21T06:21:31,NO,0,0,
2026-09-21,06:21:32,2026-09-21T06:21:32,NO,0,0,
2026-09-21,06:21:34,2026-09-21T06:21:34,NO,0,0,
2026-09-21,06:21:35,2026-09-21T06:21:35,NO,0,0,
2026-09-21,06:21:36,2026-09-21T06:21:36,NO,0,0,
2026-09-21,06:21:37,2026-09-21T06:21:37,NO,0,0,
2026-09-21,06:21:38,2026-09-21T06:21:38,NO,0,0,
2026-09-21,06:21:39,2026-09-21T06:21:39,NO,0,0,
2026-09-21,06:21:40,2026-09-21T06:21:40,NO,0,0,
2026-09-21,06:21:41,2026-09-21T06:21:41,NO,0,0,
2026-09-21,06:21:42,2026-09-21T06:21:42,NO,0,0,
2026-09-21,06:21:43,2026-09-21T06:21:43,NO,0,0,
2026-09-21,06:21:44,2026-09-21T06:21:44,NO,0,0,
2026-09-21,06:21:45,2026-09-21T06:21:45,NO,0,0,
2026-09-21,06:21:46,2026-09-21T06:21:46,NO,0,0,
2026-09-21,06:21:47,2026-09-21T06:21:47,NO,0,0,
2026-09-21,06:21:49,2026-09-21T06:21:49,NO,0,0,
2026-09-21,06:21:50,2026-09-21T06:21:50,NO,0,0,
2026-09-21,06:21:51,2026-09-21T06:21:51,NO,0,0,
2026-09-21,06:21:52,2026-09-21T06:21:52,NO,0,0,
2026-09-21,06:21:53,2026-09-21T06:21:53,NO,0,0,
2026-09-21,06:21:55,2026-09-21T06:21:55,NO,0,0,
2026-09-21,06:21:56,2026-09-21T06:21:56,NO,0,0,
2026-09-21,06:21:57,2026-09-21T06:21:57,NO,0,0,
2026-09-21,06:21:58,2026-09-21T06:21:58,NO,0,0,
2026-09-21,06:21:59,2026-09-21T06:21:59,NO,0,0,
2026-09-21,06:22:00,2026-09-21T06:22:00,NO,0,0,
2026-09-21,06:22:01,2026-09-21T06:22:01,NO,0,0,
2026-09-21,06:22:02,2026-09-21T06:22:02,NO,0,0,
2026-09-21,06:22:04,2026-09-21T06:22:04,NO,0,0,
2026-09-21,06:22:05,2026-09-21T06:22:05,NO,0,0,
2026-09-21,06:22:06,2026-09-21T06:22:06,NO,0,0,
2026-09-21,06:22:07,2026-09-21T06:22:07,NO,0,0,
2026-09-21,06:22:08,2026-09-21T06:22:08,NO,0,0,
2026-09-21,06:22:09,2026-09-21T06:22:09,NO,0,0,
2026-09-21,06:22:10,2026-09-21T06:22:10,NO,0,0,
2026-09-21,06:22:11,2026-09-21T06:22:11,NO,0,0,
2026-09-21,06:22:12,2026-09-21T06:22:12,NO,0,0,
2026-09-21,06:22:13,2026-09-21T06:22:13,NO,0,0,
2026-09-21,06:22:14,2026-09-21T06:22:14,NO,0,0,
2026-09-21,06:22:15,2026-09-21T06:22:15,NO,0,0,
2026-09-21,06:22:16,2026-09-21T06:22:16,NO,0,0,
2026-09-21,06:22:17,2026-09-21T06:22:17,NO,0,0,
2026-09-21,06:22:19,2026-09-21T06:22:19,NO,0,0,
2026-09-21,06:22:20,2026-09-21T06:22:20,NO,0,0,
2026-09-21,06:22:21,2026-09-21T06:22:21,NO,0,0,
2026-09-21,06:22:22,2026-09-21T06:22:22,NO,0,0,
2026-09-21,06:22:23,2026-09-21T06:22:23,NO,0,0,
2026-09-21,06:22:24,2026-09-21T06:22:24,NO,0,0,
2026-09-21,06:22:25,2026-09-21T06:22:25,NO,0,0,
2026-09-21,06:22:26,2026-09-21T06:22:26,NO,0,0,
2026-09-21,06:22:27,2026-09-21T06:22:27,NO,0,0,
2026-09-21,06:22:28,2026-09-21T06:22:28,NO,0,0,
2026-09-21,06:22:29,2026-09-21T06:22:29,NO,0,0,
2026-09-21,06:22:30,2026-09-21T06:22:30,NO,0,0,
2026-09-21,06:22:31,2026-09-21T06:22:31,NO,0,0,
2026-09-21,06:22:32,2026-09-21T06:22:32,NO,0,0,
2026-09-21,06:22:33,2026-09-21T06:22:33,NO,0,0,
2026-09-21,06:22:35,2026-09-21T06:22:35,NO,0,0,
2026-09-21,06:22:36,2026-09-21T06:22:36,NO,0,0,
2026-09-21,06:22:37,2026-09-21T06:22:37,NO,0,0,
2026-09-21,06:22:38,2026-09-21T06:22:38,NO,0,0,
2026-09-21,06:22:39,2026-09-21T06:22:39,NO,0,0,
2026-09-21,06:22:40,2026-09-21T06:22:40,NO,0,0,
2026-09-21,06:22:41,2026-09-21T06:22:41,NO,0,0,
2026-09-21,06:22:42,2026-09-21T06:22:42,NO,0,0,
2026-09-21,06:22:43,2026-09-21T06:22:43,NO,0,0,
2026-09-21,06:22:44,2026-09-21T06:22:44,NO,0,0,
2026-09-21,06:22:45,2026-09-21T06:22:45,NO,0,0,
2026-09-21,06:22:46,2026-09-21T06:22:46,NO,0,0,
2026-09-21,06:22:47,2026-09-21T06:22:47,NO,0,0,
2026-09-21,06:22:48,2026-09-21T06:22:48,NO,0,0,
2026-09-21,06:22:50,2026-09-21T06:22:50,NO,0,0,
2026-09-21,06:22:51,2026-09-21T06:22:51,NO,0,0,
2026-09-21,06:22:52,2026-09-21T06:22:52,NO,0,0,
2026-09-21,06:22:53,2026-09-21T06:22:53,NO,0,0,
2026-09-21,06:22:54,2026-09-21T06:22:54,NO,0,0,
2026-09-21,06:22:55,2026-09-21T06:22:55,NO,0,0,
2026-09-21,06:22:56,2026-09-21T06:22:56,NO,0,0,
2026-09-21,06:22:57,2026-09-21T06:22:57,NO,0,0,
2026-09-21,06:22:58,2026-09-21T06:22:58,NO,0,0,
2026-09-21,06:22:59,2026-09-21T06:22:59,NO,0,0,
2026-09-21,06:23:00,2026-09-21T06:23:00,NO,0,0,
2026-09-21,06:23:01,2026-09-21T06:23:01,NO,0,0,
2026-09-21,06:23:02,2026-09-21T06:23:02,NO,0,0,
2026-09-21,06:23:03,2026-09-21T06:23:03,NO,0,0,
2026-09-21,06:23:05,2026-09-21T06:23:05,NO,0,0,
2026-09-21,06:23:06,2026-09-21T06:23:06,NO,0,0,
2026-09-21,06:23:07,2026-09-21T06:23:07,NO,0,0,
2026-09-21,06:23:08,2026-09-21T06:23:08,NO,0,0,
2026-09-21,06:23:09,2026-09-21T06:23:09,NO,0,0,
2026-09-21,06:23:10,2026-09-21T06:23:10,NO,0,0,
2026-09-21,06:23:11,2026-09-21T06:23:11,NO,0,0,
2026-09-21,06:23:12,2026-09-21T06:23:12,NO,0,0,
2026-09-21,06:23:13,2026-09-21T06:23:13,NO,0,0,
2026-09-21,06:23:14,2026-09-21T06:23:14,NO,0,0,
2026-09-21,06:23:15,2026-09-21T06:23:15,NO,0,0,
2026-09-21,06:23:16,2026-09-21T06:23:16,NO,0,0,
2026-09-21,06:23:17,2026-09-21T06:23:17,NO,0,0,
2026-09-21,06:23:18,2026-09-21T06:23:18,NO,0,0,
2026-09-21,06:23:19,2026-09-21T06:23:19,NO,0,0,
2026-09-21,06:23:20,2026-09-21T06:23:20,NO,0,0,
2026-09-21,06:23:21,2026-09-21T06:23:21,NO,0,0,
2026-09-21,06:23:22,2026-09-21T06:23:22,NO,0,0,
2026-09-21,06:23:24,2026-09-21T06:23:24,NO,0,0,
2026-09-21,06:23:25,2026-09-21T06:23:25,NO,0,0,
2026-09-21,06:23:26,2026-09-21T06:23:26,NO,0,0,
2026-09-21,06:23:27,2026-09-21T06:23:27,NO,0,0,
2026-09-21,06:23:28,2026-09-21T06:23:28,NO,0,0,
2026-09-21,06:23:29,2026-09-21T06:23:29,NO,0,0,
2026-09-21,06:23:30,2026-09-21T06:23:30,NO,0,0,
2026-09-21,06:23:32,2026-09-21T06:23:32,NO,0,0,
2026-09-21,06:23:33,2026-09-21T06:23:33,NO,0,0,
2026-09-21,06:23:34,2026-09-21T06:23:34,NO,0,0,
2026-09-21,06:23:35,2026-09-21T06:23:35,NO,0,0,
2026-09-21,06:23:36,2026-09-21T06:23:36,NO,0,0,
2026-09-21,06:23:37,2026-09-21T06:23:37,NO,0,0,
2026-09-21,06:23:38,2026-09-21T06:23:38,NO,0,0,
2026-09-21,06:23:39,2026-09-21T06:23:39,NO,0,0,
2026-09-21,06:23:40,2026-09-21T06:23:40,NO,0,0,
2026-09-21,06:23:41,2026-09-21T06:23:41,NO,0,0,
2026-09-21,06:23:43,2026-09-21T06:23:43,NO,0,0,
2026-09-21,06:23:44,2026-09-21T06:23:44,NO,0,0,
2026-09-21,06:23:45,2026-09-21T06:23:45,NO,0,0,
2026-09-21,06:23:47,2026-09-21T06:23:47,NO,0,0,
2026-09-21,06:23:48,2026-09-21T06:23:48,NO,0,0,
2026-09-21,06:23:49,2026-09-21T06:23:49,NO,0,0,
2026-09-21,06:23:51,2026-09-21T06:23:51,NO,0,0,
2026-09-21,06:23:52,2026-09-21T06:23:52,NO,0,0,
2026-09-21,06:23:54,2026-09-21T06:23:54,NO,0,0,
2026-09-21,06:23:55,2026-09-21T06:23:55,NO,0,0,
2026-09-21,06:23:56,2026-09-21T06:23:56,NO,0,0,
2026-09-21,06:23:57,2026-09-21T06:23:57,NO,0,0,
2026-09-21,06:23:58,2026-09-21T06:23:58,NO,0,0,
2026-09-21,06:24:00,2026-09-21T06:24:00,NO,0,0,
2026-09-21,06:24:01,2026-09-21T06:24:01,NO,0,0,
2026-09-21,06:24:02,2026-09-21T06:24:02,NO,0,0,
2026-09-21,06:24:03,2026-09-21T06:24:03,NO,0,0,
2026-09-21,06:24:04,2026-09-21T06:24:04,NO,0,0,
2026-09-21,06:24:05,2026-09-21T06:24:05,NO,0,0,
2026-09-21,06:24:06,2026-09-21T06:24:06,NO,0,0,
2026-09-21,06:24:07,2026-09-21T06:24:07,NO,0,0,
2026-09-21,06:24:08,2026-09-21T06:24:08,NO,0,0,
2026-09-21,06:24:09,2026-09-21T06:24:09,NO,0,0,
2026-09-21,06:24:10,2026-09-21T06:24:10,NO,0,0,
2026-09-21,06:24:12,2026-09-21T06:24:12,NO,0,0,
2026-09-21,06:24:13,2026-09-21T06:24:13,NO,0,0,
2026-09-21,06:24:14,2026-09-21T06:24:14,NO,0,0,
2026-09-21,06:24:15,2026-09-21T06:24:15,NO,0,0,
2026-09-21,06:24:16,2026-09-21T06:24:16,NO,0,0,
2026-09-21,06:24:17,2026-09-21T06:24:17,NO,0,0,
2026-09-21,06:24:18,2026-09-21T06:24:18,NO,0,0,
2026-09-21,06:24:19,2026-09-21T06:24:19,NO,0,0,
2026-09-21,06:24:20,2026-09-21T06:24:20,NO,0,0,
2026-09-21,06:24:21,2026-09-21T06:24:21,NO,0,0,
2026-09-21,06:24:22,2026-09-21T06:24:22,NO,0,0,
2026-09-21,06:24:23,2026-09-21T06:24:23,NO,0,0,
2026-09-21,06:24:25,2026-09-21T06:24:25,NO,0,0,
2026-09-21,06:24:26,2026-09-21T06:24:26,NO,0,0,
2026-09-21,06:24:27,2026-09-21T06:24:27,NO,0,0,
2026-09-21,06:24:28,2026-09-21T06:24:28,NO,0,0,
2026-09-21,06:24:29,2026-09-21T06:24:29,NO,0,0,
2026-09-21,06:24:30,2026-09-21T06:24:30,NO,0,0,
2026-09-21,06:24:31,2026-09-21T06:24:31,NO,0,0,
2026-09-21,06:24:32,2026-09-21T06:24:32,NO,0,0,
2026-09-21,06:24:33,2026-09-21T06:24:33,NO,0,0,
2026-09-21,06:24:34,2026-09-21T06:24:34,NO,0,0,
2026-09-21,06:24:35,2026-09-21T06:24:35,NO,0,0,
2026-09-21,06:24:36,2026-09-21T06:24:36,NO,0,0,
2026-09-21,06:24:37,2026-09-21T06:24:37,NO,0,0,
2026-09-21,06:24:38,2026-09-21T06:24:38,NO,0,0,
2026-09-21,06:24:39,2026-09-21T06:24:39,NO,0,0,
2026-09-21,06:24:41,2026-09-21T06:24:41,NO,0,0,
2026-09-21,06:24:42,2026-09-21T06:24:42,NO,0,0,
2026-09-21,06:24:43,2026-09-21T06:24:43,NO,0,0,
2026-09-21,06:24:44,2026-09-21T06:24:44,NO,0,0,
2026-09-21,06:24:45,2026-09-21T06:24:45,NO,0,0,
2026-09-21,06:24:46,2026-09-21T06:24:46,NO,0,0,
2026-09-21,06:24:47,2026-09-21T06:24:47,NO,0,0,
2026-09-21,06:24:48,2026-09-21T06:24:48,NO,0,0,
2026-09-21,06:24:49,2026-09-21T06:24:49,NO,0,0,
2026-09-21,06:24:50,2026-09-21T06:24:50,NO,0,0,
2026-09-21,06:24:51,2026-09-21T06:24:51,NO,0,0,
2026-09-21,06:24:52,2026-09-21T06:24:52,NO,0,0,
2026-09-21,06:24:53,2026-09-21T06:24:53,NO,0,0,
2026-09-21,06:24:54,2026-09-21T06:24:54,NO,0,0,
2026-09-21,06:24:55,2026-09-21T06:24:55,NO,0,0,
2026-09-21,06:24:56,2026-09-21T06:24:56,NO,0,0,
2026-09-21,06:24:58,2026-09-21T06:24:58,NO,0,0,
2026-09-21,06:24:59,2026-09-21T06:24:59,NO,0,0,
2026-09-21,06:25:00,2026-09-21T06:25:00,NO,0,0,
2026-09-21,06:25:01,2026-09-21T06:25:01,NO,0,0,
2026-09-21,06:25:02,2026-09-21T06:25:02,NO,0,0,
2026-09-21,06:25:03,2026-09-21T06:25:03,NO,0,0,
2026-09-21,06:25:04,2026-09-21T06:25:04,NO,0,0,
2026-09-21,06:25:05,2026-09-21T06:25:05,NO,0,0,
2026-09-21,06:25:06,2026-09-21T06:25:06,NO,0,0,
2026-09-21,06:25:08,2026-09-21T06:25:08,NO,0,0,
2026-09-21,06:25:09,2026-09-21T06:25:09,NO,0,0,
2026-09-21,06:25:10,2026-09-21T06:25:10,NO,0,0,
2026-09-21,06:25:11,2026-09-21T06:25:11,NO,0,0,
2026-09-21,06:25:13,2026-09-21T06:25:13,NO,0,0,
2026-09-21,06:25:14,2026-09-21T06:25:14,NO,0,0,
2026-09-21,06:25:15,2026-09-21T06:25:15,NO,0,0,
2026-09-21,06:25:16,2026-09-21T06:25:16,NO,0,0,
2026-09-21,06:25:17,2026-09-21T06:25:17,NO,0,0,
2026-09-21,06:25:18,2026-09-21T06:25:18,NO,0,0,
2026-09-21,06:25:20,2026-09-21T06:25:20,NO,0,0,
2026-09-21,06:25:21,2026-09-21T06:25:21,NO,0,0,
2026-09-21,06:25:22,2026-09-21T06:25:22,NO,0,0,
2026-09-21,06:25:24,2026-09-21T06:25:24,NO,0,0,
2026-09-21,06:25:25,2026-09-21T06:25:25,NO,0,0,
2026-09-21,06:25:26,2026-09-21T06:25:26,NO,0,0,
2026-09-21,06:25:27,2026-09-21T06:25:27,NO,0,0,
2026-09-21,06:25:28,2026-09-21T06:25:28,NO,0,0,
2026-09-21,06:25:30,2026-09-21T06:25:30,NO,0,0,
2026-09-21,06:25:31,2026-09-21T06:25:31,NO,0,0,
2026-09-21,06:25:32,2026-09-21T06:25:32,NO,0,0,
2026-09-21,06:25:33,2026-09-21T06:25:33,NO,0,0,
2026-09-21,06:25:34,2026-09-21T06:25:34,NO,0,0,
2026-09-21,06:25:35,2026-09-21T06:25:35,NO,0,0,
2026-09-21,06:25:36,2026-09-21T06:25:36,NO,0,0,
2026-09-21,06:25:37,2026-09-21T06:25:37,NO,0,0,
2026-09-21,06:25:38,2026-09-21T06:25:38,NO,0,0,
2026-09-21,06:25:39,2026-09-21T06:25:39,NO,0,0,
2026-09-21,06:25:40,2026-09-21T06:25:40,NO,0,0,
2026-09-21,06:25:41,2026-09-21T06:25:41,NO,0,0,
2026-09-21,06:25:43,2026-09-21T06:25:43,NO,0,0,
2026-09-21,06:25:44,2026-09-21T06:25:44,NO,0,0,
2026-09-21,06:25:45,2026-09-21T06:25:45,NO,0,0,
2026-09-21,06:25:46,2026-09-21T06:25:46,NO,0,0,
2026-09-21,06:25:47,2026-09-21T06:25:47,NO,0,0,
2026-09-21,06:25:48,2026-09-21T06:25:48,NO,0,0,
2026-09-21,06:25:49,2026-09-21T06:25:49,NO,0,0,
2026-09-21,06:25:50,2026-09-21T06:25:50,NO,0,0,
2026-09-21,06:25:51,2026-09-21T06:25:51,NO,0,0,
2026-09-21,06:25:53,2026-09-21T06:25:53,NO,0,0,
2026-09-21,06:25:54,2026-09-21T06:25:54,NO,0,0,
2026-09-21,06:25:56,2026-09-21T06:25:56,NO,0,0,
2026-09-21,06:25:57,2026-09-21T06:25:57,NO,0,0,
2026-09-21,06:25:58,2026-09-21T06:25:58,NO,0,0,
2026-09-21,06:25:59,2026-09-21T06:25:59,NO,0,0,
2026-09-21,06:26:00,2026-09-21T06:26:00,NO,0,0,
2026-09-21,06:26:01,2026-09-21T06:26:01,NO,0,0,
2026-09-21,06:26:02,2026-09-21T06:26:02,NO,0,0,
2026-09-21,06:26:03,2026-09-21T06:26:03,NO,0,0,
2026-09-21,06:26:05,2026-09-21T06:26:05,NO,0,0,
2026-09-21,06:26:06,2026-09-21T06:26:06,NO,0,0,
2026-09-21,06:26:07,2026-09-21T06:26:07,NO,0,0,
2026-09-21,06:26:08,2026-09-21T06:26:08,NO,0,0,
2026-09-21,06:26:09,2026-09-21T06:26:09,NO,0,0,
2026-09-21,06:26:10,2026-09-21T06:26:10,NO,0,0,
2026-09-21,06:26:12,2026-09-21T06:26:12,NO,0,0,
2026-09-21,06:26:13,2026-09-21T06:26:13,NO,0,0,
2026-09-21,06:26:14,2026-09-21T06:26:14,NO,0,0,
2026-09-21,06:26:15,2026-09-21T06:26:15,NO,0,0,
2026-09-21,06:26:16,2026-09-21T06:26:16,NO,0,0,
2026-09-21,06:26:17,2026-09-21T06:26:17,NO,0,0,
2026-09-21,06:26:18,2026-09-21T06:26:18,NO,0,0,
2026-09-21,06:26:19,2026-09-21T06:26:19,NO,0,0,
2026-09-21,06:26:20,2026-09-21T06:26:20,NO,0,0,
2026-09-21,06:26:21,2026-09-21T06:26:21,NO,0,0,
2026-09-21,06:26:22,2026-09-21T06:26:22,NO,0,0,
2026-09-21,06:26:23,2026-09-21T06:26:23,NO,0,0,
2026-09-21,06:26:25,2026-09-21T06:26:25,NO,0,0,
2026-09-21,06:26:26,2026-09-21T06:26:26,NO,0,0,
2026-09-21,06:26:27,2026-09-21T06:26:27,NO,0,0,
2026-09-21,06:26:28,2026-09-21T06:26:28,NO,0,0,
2026-09-21,06:26:29,2026-09-21T06:26:29,NO,0,0,
2026-09-21,06:26:30,2026-09-21T06:26:30,NO,0,0,
2026-09-21,06:26:31,2026-09-21T06:26:31,NO,0,0,
2026-09-21,06:26:32,2026-09-21T06:26:32,NO,0,0,
2026-09-21,06:26:33,2026-09-21T06:26:33,NO,0,0,
2026-09-21,06:26:35,2026-09-21T06:26:35,NO,0,0,
2026-09-21,06:26:36,2026-09-21T06:26:36,NO,0,0,
2026-09-21,06:26:37,2026-09-21T06:26:37,NO,0,0,
2026-09-21,06:26:38,2026-09-21T06:26:38,NO,0,0,
2026-09-21,06:26:39,2026-09-21T06:26:39,NO,0,0,
2026-09-21,06:26:40,2026-09-21T06:26:40,NO,0,0,
2026-09-21,06:26:41,2026-09-21T06:26:41,NO,0,0,
2026-09-21,06:26:42,2026-09-21T06:26:42,NO,0,0,
2026-09-21,06:26:44,2026-09-21T06:26:44,NO,0,0,
2026-09-21,06:26:45,2026-09-21T06:26:45,NO,0,0,
2026-09-21,06:26:46,2026-09-21T06:26:46,NO,0,0,
2026-09-21,06:26:47,2026-09-21T06:26:47,NO,0,0,
2026-09-21,06:26:48,2026-09-21T06:26:48,NO,0,0,
2026-09-21,06:26:49,2026-09-21T06:26:49,NO,0,0,
2026-09-21,06:26:50,2026-09-21T06:26:50,NO,0,0,
2026-09-21,06:26:51,2026-09-21T06:26:51,NO,0,0,
2026-09-21,06:26:53,2026-09-21T06:26:53,NO,0,0,
2026-09-21,06:26:54,2026-09-21T06:26:54,NO,0,0,
2026-09-21,06:26:56,2026-09-21T06:26:56,NO,0,0,
2026-09-21,06:26:57,2026-09-21T06:26:57,NO,0,0,
2026-09-21,06:26:58,2026-09-21T06:26:58,NO,0,0,
2026-09-21,06:26:59,2026-09-21T06:26:59,NO,0,0,
2026-09-21,06:27:00,2026-09-21T06:27:00,NO,0,0,
2026-09-21,06:27:01,2026-09-21T06:27:01,NO,0,0,
2026-09-21,06:27:02,2026-09-21T06:27:02,NO,0,0,
2026-09-21,06:27:03,2026-09-21T06:27:03,NO,0,0,
2026-09-21,06:27:04,2026-09-21T06:27:04,NO,0,0,
2026-09-21,06:27:05,2026-09-21T06:27:05,NO,0,0,
2026-09-21,06:27:06,2026-09-21T06:27:06,NO,0,0,
2026-09-21,06:27:08,2026-09-21T06:27:08,NO,0,0,
2026-09-21,06:27:09,2026-09-21T06:27:09,NO,0,0,
2026-09-21,06:27:10,2026-09-21T06:27:10,NO,0,0,
2026-09-21,06:27:11,2026-09-21T06:27:11,NO,0,0,
2026-09-21,06:27:12,2026-09-21T06:27:12,NO,0,0,
2026-09-21,06:27:13,2026-09-21T06:27:13,NO,0,0,
2026-09-21,06:27:14,2026-09-21T06:27:14,NO,0,0,
2026-09-21,06:27:15,2026-09-21T06:27:15,NO,0,0,
2026-09-21,06:27:16,2026-09-21T06:27:16,NO,0,0,
2026-09-21,06:27:17,2026-09-21T06:27:17,NO,0,0,
2026-09-21,06:27:18,2026-09-21T06:27:18,NO,0,0,
2026-09-21,06:27:19,2026-09-21T06:27:19,NO,0,0,
2026-09-21,06:27:20,2026-09-21T06:27:20,NO,0,0,
2026-09-21,06:27:21,2026-09-21T06:27:21,NO,0,0,
2026-09-21,06:27:22,2026-09-21T06:27:22,NO,0,0,
2026-09-21,06:27:23,2026-09-21T06:27:23,NO,0,0,
2026-09-21,06:27:24,2026-09-21T06:27:24,NO,0,0,
2026-09-21,06:27:26,2026-09-21T06:27:26,NO,0,0,
2026-09-21,06:27:27,2026-09-21T06:27:27,NO,0,0,
2026-09-21,06:27:28,2026-09-21T06:27:28,NO,0,0,
2026-09-21,06:27:29,2026-09-21T06:27:29,NO,0,0,
2026-09-21,06:27:30,2026-09-21T06:27:30,NO,0,0,
2026-09-21,06:27:31,2026-09-21T06:27:31,NO,0,0,
2026-09-21,06:27:32,2026-09-21T06:27:32,NO,0,0,
2026-09-21,06:27:33,2026-09-21T06:27:33,NO,0,0,
2026-09-21,06:27:34,2026-09-21T06:27:34,NO,0,0,
2026-09-21,06:27:35,2026-09-21T06:27:35,NO,0,0,
2026-09-21,06:27:36,2026-09-21T06:27:36,NO,0,0,
2026-09-21,06:27:37,2026-09-21T06:27:37,NO,0,0,
2026-09-21,06:27:38,2026-09-21T06:27:38,NO,0,0,
2026-09-21,06:27:40,2026-09-21T06:27:40,NO,0,0,
2026-09-21,06:27:41,2026-09-21T06:27:41,NO,0,0,
2026-09-21,06:27:42,2026-09-21T06:27:42,NO,0,0,
2026-09-21,06:27:43,2026-09-21T06:27:43,NO,0,0,
2026-09-21,06:27:44,2026-09-21T06:27:44,NO,0,0,
2026-09-21,06:27:45,2026-09-21T06:27:45,NO,0,0,
2026-09-21,06:27:46,2026-09-21T06:27:46,NO,0,0,
2026-09-21,06:27:47,2026-09-21T06:27:47,NO,0,0,
2026-09-21,06:27:48,2026-09-21T06:27:48,NO,0,0,
2026-09-21,06:27:49,2026-09-21T06:27:49,NO,0,0,
2026-09-21,06:27:50,2026-09-21T06:27:50,NO,0,0,
2026-09-21,06:27:51,2026-09-21T06:27:51,NO,0,0,
2026-09-21,06:27:52,2026-09-21T06:27:52,NO,0,0,
2026-09-21,06:27:53,2026-09-21T06:27:53,NO,0,0,
2026-09-21,06:27:54,2026-09-21T06:27:54,NO,0,0,
2026-09-21,06:27:55,2026-09-21T06:27:55,NO,0,0,
2026-09-21,06:27:56,2026-09-21T06:27:56,NO,0,0,
2026-09-21,06:27:58,2026-09-21T06:27:58,NO,0,0,
2026-09-21,06:27:59,2026-09-21T06:27:59,NO,0,0,
2026-09-21,06:28:00,2026-09-21T06:28:00,NO,0,0,
2026-09-21,06:28:01,2026-09-21T06:28:01,NO,0,0,
2026-09-21,06:28:02,2026-09-21T06:28:02,NO,0,0,
2026-09-21,06:28:03,2026-09-21T06:28:03,NO,0,0,
2026-09-21,06:28:04,2026-09-21T06:28:04,NO,0,0,
2026-09-21,06:28:05,2026-09-21T06:28:05,NO,0,0,
2026-09-21,06:28:06,2026-09-21T06:28:06,NO,0,0,
2026-09-21,06:28:07,2026-09-21T06:28:07,NO,0,0,
2026-09-21,06:28:08,2026-09-21T06:28:08,NO,0,0,
2026-09-21,06:28:09,2026-09-21T06:28:09,NO,0,0,
2026-09-21,06:28:10,2026-09-21T06:28:10,NO,0,0,
2026-09-21,06:28:11,2026-09-21T06:28:11,NO,0,0,
2026-09-21,06:28:12,2026-09-21T06:28:12,NO,0,0,
2026-09-21,06:28:13,2026-09-21T06:28:13,NO,0,0,
2026-09-21,06:28:14,2026-09-21T06:28:14,NO,0,0,
2026-09-21,06:28:16,2026-09-21T06:28:16,NO,0,0,
2026-09-21,06:28:17,2026-09-21T06:28:17,NO,0,0,
2026-09-21,06:28:18,2026-09-21T06:28:18,NO,0,0,
2026-09-21,06:28:19,2026-09-21T06:28:19,NO,0,0,
2026-09-21,06:28:20,2026-09-21T06:28:20,NO,0,0,
2026-09-21,06:28:21,2026-09-21T06:28:21,NO,0,0,
2026-09-21,06:28:22,2026-09-21T06:28:22,NO,0,0,
2026-09-21,06:28:23,2026-09-21T06:28:23,NO,0,0,
2026-09-21,06:28:24,2026-09-21T06:28:24,NO,0,0,
2026-09-21,06:28:25,2026-09-21T06:28:25,NO,0,0,
2026-09-21,06:28:26,2026-09-21T06:28:26,NO,0,0,
2026-09-21,06:28:27,2026-09-21T06:28:27,NO,0,0,
2026-09-21,06:28:29,2026-09-21T06:28:29,NO,0,0,
2026-09-21,06:28:30,2026-09-21T06:28:30,NO,0,0,
2026-09-21,06:28:31,2026-09-21T06:28:31,NO,0,0,
2026-09-21,06:28:32,2026-09-21T06:28:32,NO,0,0,
2026-09-21,06:28:33,2026-09-21T06:28:33,NO,0,0,
2026-09-21,06:28:34,2026-09-21T06:28:34,NO,0,0,
2026-09-21,06:28:35,2026-09-21T06:28:35,NO,0,0,
2026-09-21,06:28:36,2026-09-21T06:28:36,NO,0,0,
2026-09-21,06:28:37,2026-09-21T06:28:37,NO,0,0,
2026-09-21,06:28:38,2026-09-21T06:28:38,NO,0,0,
2026-09-21,06:28:39,2026-09-21T06:28:39,NO,0,0,
2026-09-21,06:28:41,2026-09-21T06:28:41,NO,0,0,
2026-09-21,06:28:42,2026-09-21T06:28:42,NO,0,0,
2026-09-21,06:28:43,2026-09-21T06:28:43,NO,0,0,
2026-09-21,06:28:44,2026-09-21T06:28:44,NO,0,0,
2026-09-21,06:28:45,2026-09-21T06:28:45,NO,0,0,
2026-09-21,06:28:46,2026-09-21T06:28:46,NO,0,0,
2026-09-21,06:28:47,2026-09-21T06:28:47,NO,0,0,
2026-09-21,06:28:48,2026-09-21T06:28:48,NO,0,0,
2026-09-21,06:28:49,2026-09-21T06:28:49,NO,0,0,
2026-09-21,06:28:50,2026-09-21T06:28:50,NO,0,0,
2026-09-21,06:28:51,2026-09-21T06:28:51,NO,0,0,
2026-09-21,06:28:52,2026-09-21T06:28:52,NO,0,0,
2026-09-21,06:28:53,2026-09-21T06:28:53,NO,0,0,
2026-09-21,06:28:54,2026-09-21T06:28:54,NO,0,0,
2026-09-21,06:28:56,2026-09-21T06:28:56,NO,0,0,
2026-09-21,06:28:57,2026-09-21T06:28:57,NO,0,0,
2026-09-21,06:28:58,2026-09-21T06:28:58,NO,0,0,
2026-09-21,06:28:59,2026-09-21T06:28:59,NO,0,0,
2026-09-21,06:29:00,2026-09-21T06:29:00,NO,0,0,
2026-09-21,06:29:01,2026-09-21T06:29:01,NO,0,0,
2026-09-21,06:29:02,2026-09-21T06:29:02,NO,0,0,
2026-09-21,06:29:03,2026-09-21T06:29:03,NO,0,0,
2026-09-21,06:29:04,2026-09-21T06:29:04,NO,0,0,
2026-09-21,06:29:05,2026-09-21T06:29:05,NO,0,0,
2026-09-21,06:29:06,2026-09-21T06:29:06,NO,0,0,
2026-09-21,06:29:07,2026-09-21T06:29:07,NO,0,0,
2026-09-21,06:29:08,2026-09-21T06:29:08,NO,0,0,
2026-09-21,06:29:09,2026-09-21T06:29:09,NO,0,0,
2026-09-21,06:29:10,2026-09-21T06:29:10,NO,0,0,
2026-09-21,06:29:12,2026-09-21T06:29:12,NO,0,0,
2026-09-21,06:29:13,2026-09-21T06:29:13,NO,0,0,
2026-09-21,06:29:14,2026-09-21T06:29:14,NO,0,0,
2026-09-21,06:29:15,2026-09-21T06:29:15,NO,0,0,
2026-09-21,06:29:16,2026-09-21T06:29:16,NO,0,0,
2026-09-21,06:29:17,2026-09-21T06:29:17,NO,0,0,
2026-09-21,06:29:18,2026-09-21T06:29:18,NO,0,0,
2026-09-21,06:29:19,2026-09-21T06:29:19,NO,0,0,
2026-09-21,06:29:20,2026-09-21T06:29:20,NO,0,0,
2026-09-21,06:29:21,2026-09-21T06:29:21,NO,0,0,
2026-09-21,06:29:22,2026-09-21T06:29:22,NO,0,0,
2026-09-21,06:29:23,2026-09-21T06:29:23,NO,0,0,
2026-09-21,06:29:24,2026-09-21T06:29:24,NO,0,0,
2026-09-21,06:29:25,2026-09-21T06:29:25,NO,0,0,
2026-09-21,06:29:27,2026-09-21T06:29:27,NO,0,0,
2026-09-21,06:29:28,2026-09-21T06:29:28,NO,0,0,
2026-09-21,06:29:29,2026-09-21T06:29:29,NO,0,0,
2026-09-21,06:29:30,2026-09-21T06:29:30,NO,0,0,
2026-09-21,06:29:31,2026-09-21T06:29:31,NO,0,0,
2026-09-21,06:29:32,2026-09-21T06:29:32,NO,0,0,
2026-09-21,06:29:33,2026-09-21T06:29:33,NO,0,0,
2026-09-21,06:29:34,2026-09-21T06:29:34,NO,0,0,
2026-09-21,06:29:35,2026-09-21T06:29:35,NO,0,0,
2026-09-21,06:29:36,2026-09-21T06:29:36,NO,0,0,
2026-09-21,06:29:38,2026-09-21T06:29:38,NO,0,0,
2026-09-21,06:29:39,2026-09-21T06:29:39,NO,0,0,
2026-09-21,06:29:40,2026-09-21T06:29:40,NO,0,0,
2026-09-21,06:29:41,2026-09-21T06:29:41,NO,0,0,
2026-09-21,06:29:42,2026-09-21T06:29:42,NO,0,0,
2026-09-21,06:29:43,2026-09-21T06:29:43,NO,0,0,
2026-09-21,06:29:44,2026-09-21T06:29:44,NO,0,0,
2026-09-21,06:29:45,2026-09-21T06:29:45,NO,0,0,
2026-09-21,06:29:46,2026-09-21T06:29:46,NO,0,0,
2026-09-21,06:29:47,2026-09-21T06:29:47,NO,0,0,
2026-09-21,06:29:48,2026-09-21T06:29:48,NO,0,0,
2026-09-21,06:29:49,2026-09-21T06:29:49,NO,0,0,
2026-09-21,06:29:50,2026-09-21T06:29:50,NO,0,0,
2026-09-21,06:29:52,2026-09-21T06:29:52,NO,0,0,
2026-09-21,06:29:53,2026-09-21T06:29:53,NO,0,0,
2026-09-21,06:29:54,2026-09-21T06:29:54,NO,0,0,
2026-09-21,06:29:55,2026-09-21T06:29:55,NO,0,0,
2026-09-21,06:29:56,2026-09-21T06:29:56,NO,0,0,
2026-09-21,06:29:57,2026-09-21T06:29:57,NO,0,0,
2026-09-21,06:29:58,2026-09-21T06:29:58,NO,0,0,
2026-09-21,06:29:59,2026-09-21T06:29:59,NO,0,0,
2026-09-21,06:30:00,2026-09-21T06:30:00,NO,0,0,
2026-09-21,06:30:01,2026-09-21T06:30:01,NO,0,0,
2026-09-21,06:30:02,2026-09-21T06:30:02,NO,0,0,
2026-09-21,06:30:03,2026-09-21T06:30:03,NO,0,0,
2026-09-21,06:30:04,2026-09-21T06:30:04,NO,0,0,
2026-09-21,06:30:05,2026-09-21T06:30:05,NO,0,0,
2026-09-21,06:30:06,2026-09-21T06:30:06,NO,0,0,
2026-09-21,06:30:07,2026-09-21T06:30:07,NO,0,0,
2026-09-21,06:30:09,2026-09-21T06:30:09,NO,0,0,
2026-09-21,06:30:10,2026-09-21T06:30:10,NO,0,0,
2026-09-21,06:30:11,2026-09-21T06:30:11,NO,0,0,
2026-09-21,06:30:12,2026-09-21T06:30:12,NO,0,0,
2026-09-21,06:30:13,2026-09-21T06:30:13,NO,0,0,
2026-09-21,06:30:14,2026-09-21T06:30:14,NO,0,0,
2026-09-21,06:30:15,2026-09-21T06:30:15,NO,0,0,
2026-09-21,06:30:16,2026-09-21T06:30:16,NO,0,0,
2026-09-21,06:30:17,2026-09-21T06:30:17,NO,0,0,
2026-09-21,06:30:18,2026-09-21T06:30:18,NO,0,0,
2026-09-21,06:30:19,2026-09-21T06:30:19,NO,0,0,
2026-09-21,06:30:20,2026-09-21T06:30:20,NO,0,0,
2026-09-21,06:30:21,2026-09-21T06:30:21,NO,0,0,
2026-09-21,06:30:22,2026-09-21T06:30:22,NO,0,0,
2026-09-21,06:30:23,2026-09-21T06:30:23,NO,0,0,
2026-09-21,06:30:24,2026-09-21T06:30:24,NO,0,0,
2026-09-21,06:30:25,2026-09-21T06:30:25,NO,0,0,
2026-09-21,06:30:26,2026-09-21T06:30:26,NO,0,0,
2026-09-21,06:30:28,2026-09-21T06:30:28,NO,0,0,
2026-09-21,06:30:29,2026-09-21T06:30:29,NO,0,0,
2026-09-21,06:30:30,2026-09-21T06:30:30,NO,0,0,
2026-09-21,06:30:31,2026-09-21T06:30:31,NO,0,0,
2026-09-21,06:30:32,2026-09-21T06:30:32,NO,0,0,
2026-09-21,06:30:33,2026-09-21T06:30:33,NO,0,0,
2026-09-21,06:30:34,2026-09-21T06:30:34,NO,0,0,
2026-09-21,06:30:35,2026-09-21T06:30:35,NO,0,0,
2026-09-21,06:30:36,2026-09-21T06:30:36,NO,0,0,
2026-09-21,06:30:37,2026-09-21T06:30:37,NO,0,0,
2026-09-21,06:30:38,2026-09-21T06:30:38,NO,0,0,
2026-09-21,06:30:39,2026-09-21T06:30:39,NO,0,0,
2026-09-21,06:30:40,2026-09-21T06:30:40,NO,0,0,
2026-09-21,06:30:41,2026-09-21T06:30:41,NO,0,0,
2026-09-21,06:30:42,2026-09-21T06:30:42,NO,0,0,
2026-09-21,06:30:43,2026-09-21T06:30:43,NO,0,0,
2026-09-21,06:30:44,2026-09-21T06:30:44,NO,0,0,
2026-09-21,06:30:45,2026-09-21T06:30:45,NO,0,0,
2026-09-21,06:30:46,2026-09-21T06:30:46,NO,0,0,
2026-09-21,06:30:47,2026-09-21T06:30:47,NO,0,0,
2026-09-21,06:30:48,2026-09-21T06:30:48,NO,0,0,
2026-09-21,06:30:50,2026-09-21T06:30:50,NO,0,0,
2026-09-21,06:30:51,2026-09-21T06:30:51,NO,0,0,
2026-09-21,06:30:52,2026-09-21T06:30:52,NO,0,0,
2026-09-21,06:30:53,2026-09-21T06:30:53,NO,0,0,
2026-09-21,06:30:54,2026-09-21T06:30:54,NO,0,0,
2026-09-21,06:30:55,2026-09-21T06:30:55,NO,0,0,
2026-09-21,06:30:56,2026-09-21T06:30:56,NO,0,0,
2026-09-21,06:30:57,2026-09-21T06:30:57,NO,0,0,
2026-09-21,06:30:58,2026-09-21T06:30:58,NO,0,0,
2026-09-21,06:30:59,2026-09-21T06:30:59,NO,0,0,
2026-09-21,06:31:01,2026-09-21T06:31:01,NO,0,0,
2026-09-21,06:31:02,2026-09-21T06:31:02,NO,0,0,
2026-09-21,06:31:03,2026-09-21T06:31:03,NO,0,0,
2026-09-21,06:31:04,2026-09-21T06:31:04,NO,0,0,
2026-09-21,06:31:05,2026-09-21T06:31:05,NO,0,0,
2026-09-21,06:31:06,2026-09-21T06:31:06,NO,0,0,
2026-09-21,06:31:07,2026-09-21T06:31:07,NO,0,0,
2026-09-21,06:31:08,2026-09-21T06:31:08,NO,0,0,
2026-09-21,06:31:09,2026-09-21T06:31:09,NO,0,0,
2026-09-21,06:31:11,2026-09-21T06:31:11,NO,0,0,
2026-09-21,06:31:12,2026-09-21T06:31:12,NO,0,0,
2026-09-21,06:31:13,2026-09-21T06:31:13,NO,0,0,
2026-09-21,06:31:14,2026-09-21T06:31:14,NO,0,0,
2026-09-21,06:31:15,2026-09-21T06:31:15,NO,0,0,
2026-09-21,06:31:16,2026-09-21T06:31:16,NO,0,0,
2026-09-21,06:31:17,2026-09-21T06:31:17,NO,0,0,
2026-09-21,06:31:18,2026-09-21T06:31:18,NO,0,0,
2026-09-21,06:31:19,2026-09-21T06:31:19,NO,0,0,
2026-09-21,06:31:20,2026-09-21T06:31:20,NO,0,0,
2026-09-21,06:31:22,2026-09-21T06:31:22,NO,0,0,
2026-09-21,06:31:23,2026-09-21T06:31:23,NO,0,0,
2026-09-21,06:31:24,2026-09-21T06:31:24,NO,0,0,
2026-09-21,06:31:25,2026-09-21T06:31:25,NO,0,0,
2026-09-21,06:31:26,2026-09-21T06:31:26,NO,0,0,
2026-09-21,06:31:27,2026-09-21T06:31:27,NO,0,0,
2026-09-21,06:31:28,2026-09-21T06:31:28,NO,0,0,
2026-09-21,06:31:29,2026-09-21T06:31:29,NO,0,0,
2026-09-21,06:31:30,2026-09-21T06:31:30,NO,0,0,
2026-09-21,06:31:31,2026-09-21T06:31:31,NO,0,0,
2026-09-21,06:31:32,2026-09-21T06:31:32,NO,0,0,
2026-09-21,06:31:34,2026-09-21T06:31:34,NO,0,0,
2026-09-21,06:31:35,2026-09-21T06:31:35,NO,0,0,
2026-09-21,06:31:36,2026-09-21T06:31:36,NO,0,0,
2026-09-21,06:31:37,2026-09-21T06:31:37,NO,0,0,
2026-09-21,06:31:38,2026-09-21T06:31:38,NO,0,0,
2026-09-21,06:31:39,2026-09-21T06:31:39,NO,0,0,
2026-09-21,06:31:40,2026-09-21T06:31:40,NO,0,0,
2026-09-21,06:31:41,2026-09-21T06:31:41,NO,0,0,
2026-09-21,06:31:42,2026-09-21T06:31:42,NO,0,0,
2026-09-21,06:31:43,2026-09-21T06:31:43,NO,0,0,
2026-09-21,06:31:44,2026-09-21T06:31:44,NO,0,0,
2026-09-21,06:31:45,2026-09-21T06:31:45,NO,0,0,
2026-09-21,06:31:46,2026-09-21T06:31:46,NO,0,0,
2026-09-21,06:31:47,2026-09-21T06:31:47,NO,0,0,
2026-09-21,06:31:48,2026-09-21T06:31:48,NO,0,0,
2026-09-21,06:31:49,2026-09-21T06:31:49,NO,0,0,
2026-09-21,06:31:50,2026-09-21T06:31:50,NO,0,0,
2026-09-21,06:31:52,2026-09-21T06:31:52,NO,0,0,
2026-09-21,06:31:53,2026-09-21T06:31:53,NO,0,0,
2026-09-21,06:31:54,2026-09-21T06:31:54,NO,0,0,
2026-09-21,06:31:55,2026-09-21T06:31:55,NO,0,0,
2026-09-21,06:31:56,2026-09-21T06:31:56,NO,0,0,
2026-09-21,06:31:57,2026-09-21T06:31:57,NO,0,0,
2026-09-21,06:31:58,2026-09-21T06:31:58,NO,0,0,
2026-09-21,06:31:59,2026-09-21T06:31:59,NO,0,0,
2026-09-21,06:32:00,2026-09-21T06:32:00,NO,0,0,
2026-09-21,06:32:01,2026-09-21T06:32:01,NO,0,0,
2026-09-21,06:32:02,2026-09-21T06:32:02,NO,0,0,
2026-09-21,06:32:03,2026-09-21T06:32:03,NO,0,0,
2026-09-21,06:32:04,2026-09-21T06:32:04,NO,0,0,
2026-09-21,06:32:05,2026-09-21T06:32:05,NO,0,0,
2026-09-21,06:32:06,2026-09-21T06:32:06,NO,0,0,
2026-09-21,06:32:07,2026-09-21T06:32:07,NO,0,0,
2026-09-21,06:32:09,2026-09-21T06:32:09,NO,0,0,
2026-09-21,06:32:10,2026-09-21T06:32:10,NO,0,0,
2026-09-21,06:32:11,2026-09-21T06:32:11,NO,0,0,
2026-09-21,06:32:12,2026-09-21T06:32:12,NO,0,0,
2026-09-21,06:32:13,2026-09-21T06:32:13,NO,0,0,
2026-09-21,06:32:14,2026-09-21T06:32:14,NO,0,0,
2026-09-21,06:32:15,2026-09-21T06:32:15,NO,0,0,
2026-09-21,06:32:16,2026-09-21T06:32:16,NO,0,0,
2026-09-21,06:32:17,2026-09-21T06:32:17,NO,0,0,
2026-09-21,06:32:18,2026-09-21T06:32:18,NO,0,0,
2026-09-21,06:32:19,2026-09-21T06:32:19,NO,0,0,
2026-09-21,06:32:20,2026-09-21T06:32:20,NO,0,0,
2026-09-21,06:32:21,2026-09-21T06:32:21,NO,0,0,
2026-09-21,06:32:22,2026-09-21T06:32:22,NO,0,0,
2026-09-21,06:32:24,2026-09-21T06:32:24,NO,0,0,
2026-09-21,06:32:25,2026-09-21T06:32:25,NO,0,0,
2026-09-21,06:32:26,2026-09-21T06:32:26,NO,0,0,
2026-09-21,06:32:27,2026-09-21T06:32:27,NO,0,0,
2026-09-21,06:32:28,2026-09-21T06:32:28,NO,0,0,
2026-09-21,06:32:29,2026-09-21T06:32:29,NO,0,0,
2026-09-21,06:32:30,2026-09-21T06:32:30,NO,0,0,
2026-09-21,06:32:31,2026-09-21T06:32:31,NO,0,0,
2026-09-21,06:32:32,2026-09-21T06:32:32,NO,0,0,
2026-09-21,06:32:33,2026-09-21T06:32:33,NO,0,0,
2026-09-21,06:32:34,2026-09-21T06:32:34,NO,0,0,
2026-09-21,06:32:35,2026-09-21T06:32:35,NO,0,0,
2026-09-21,06:32:36,2026-09-21T06:32:36,NO,0,0,
2026-09-21,06:32:37,2026-09-21T06:32:37,NO,0,0,
2026-09-21,06:32:38,2026-09-21T06:32:38,NO,0,0,
2026-09-21,06:32:39,2026-09-21T06:32:39,NO,0,0,
2026-09-21,06:32:40,2026-09-21T06:32:40,NO,0,0,
2026-09-21,06:32:41,2026-09-21T06:32:41,NO,0,0,
2026-09-21,06:32:42,2026-09-21T06:32:42,NO,0,0,
2026-09-21,06:32:43,2026-09-21T06:32:43,NO,0,0,
2026-09-21,06:32:44,2026-09-21T06:32:44,NO,0,0,
2026-09-21,06:32:45,2026-09-21T06:32:45,NO,0,0,
2026-09-21,06:32:46,2026-09-21T06:32:46,NO,0,0,
2026-09-21,06:32:48,2026-09-21T06:32:48,NO,0,0,
2026-09-21,06:32:49,2026-09-21T06:32:49,NO,0,0,
2026-09-21,06:32:50,2026-09-21T06:32:50,NO,0,0,
2026-09-21,06:32:51,2026-09-21T06:32:51,NO,0,0,
2026-09-21,06:32:52,2026-09-21T06:32:52,NO,0,0,
2026-09-21,06:32:53,2026-09-21T06:32:53,NO,0,0,
2026-09-21,06:32:54,2026-09-21T06:32:54,NO,0,0,
2026-09-21,06:32:55,2026-09-21T06:32:55,NO,0,0,
2026-09-21,06:32:56,2026-09-21T06:32:56,NO,0,0,
2026-09-21,06:32:57,2026-09-21T06:32:57,NO,0,0,
2026-09-21,06:32:58,2026-09-21T06:32:58,NO,0,0,
2026-09-21,06:32:59,2026-09-21T06:32:59,NO,0,0,
2026-09-21,06:33:00,2026-09-21T06:33:00,NO,0,0,
2026-09-21,06:33:01,2026-09-21T06:33:01,NO,0,0,
2026-09-21,06:33:02,2026-09-21T06:33:02,NO,0,0,
2026-09-21,06:33:03,2026-09-21T06:33:03,NO,0,0,
2026-09-21,06:33:04,2026-09-21T06:33:04,NO,0,0,
2026-09-21,06:33:05,2026-09-21T06:33:05,NO,0,0,
2026-09-21,06:33:06,2026-09-21T06:33:06,NO,0,0,
2026-09-21,06:33:08,2026-09-21T06:33:08,NO,0,0,
2026-09-21,06:33:09,2026-09-21T06:33:09,NO,0,0,
2026-09-21,06:33:10,2026-09-21T06:33:10,NO,0,0,
2026-09-21,06:33:11,2026-09-21T06:33:11,NO,0,0,
2026-09-21,06:33:12,2026-09-21T06:33:12,NO,0,0,
2026-09-21,06:33:13,2026-09-21T06:33:13,NO,0,0,
2026-09-21,06:33:14,2026-09-21T06:33:14,NO,0,0,
2026-09-21,06:33:15,2026-09-21T06:33:15,NO,0,0,
2026-09-21,06:33:16,2026-09-21T06:33:16,NO,0,0,
2026-09-21,06:33:17,2026-09-21T06:33:17,NO,0,0,
2026-09-21,06:33:18,2026-09-21T06:33:18,NO,0,0,
2026-09-21,06:33:19,2026-09-21T06:33:19,NO,0,0,
2026-09-21,06:33:20,2026-09-21T06:33:20,NO,0,0,
2026-09-21,06:33:21,2026-09-21T06:33:21,NO,0,0,
2026-09-21,06:33:22,2026-09-21T06:33:22,NO,0,0,
2026-09-21,06:33:23,2026-09-21T06:33:23,NO,0,0,
2026-09-21,06:33:24,2026-09-21T06:33:24,NO,0,0,
2026-09-21,06:33:25,2026-09-21T06:33:25,NO,0,0,
2026-09-21,06:33:26,2026-09-21T06:33:26,NO,0,0,
2026-09-21,06:33:28,2026-09-21T06:33:28,NO,0,0,
2026-09-21,06:33:29,2026-09-21T06:33:29,NO,0,0,
2026-09-21,06:33:30,2026-09-21T06:33:30,NO,0,0,
2026-09-21,06:33:31,2026-09-21T06:33:31,NO,0,0,
2026-09-21,06:33:32,2026-09-21T06:33:32,NO,0,0,
2026-09-21,06:33:33,2026-09-21T06:33:33,NO,0,0,
2026-09-21,06:33:34,2026-09-21T06:33:34,NO,0,0,
2026-09-21,06:33:35,2026-09-21T06:33:35,NO,0,0,
2026-09-21,06:33:36,2026-09-21T06:33:36,NO,0,0,
2026-09-21,06:33:37,2026-09-21T06:33:37,NO,0,0,
2026-09-21,06:33:38,2026-09-21T06:33:38,NO,0,0,
2026-09-21,06:33:39,2026-09-21T06:33:39,NO,0,0,
2026-09-21,06:33:40,2026-09-21T06:33:40,NO,0,0,
2026-09-21,06:33:41,2026-09-21T06:33:41,NO,0,0,
2026-09-21,06:33:42,2026-09-21T06:33:42,NO,0,0,
2026-09-21,06:33:43,2026-09-21T06:33:43,NO,0,0,
2026-09-21,06:33:44,2026-09-21T06:33:44,NO,0,0,
2026-09-21,06:33:45,2026-09-21T06:33:45,NO,0,0,
2026-09-21,06:33:46,2026-09-21T06:33:46,NO,0,0,
2026-09-21,06:33:48,2026-09-21T06:33:48,NO,0,0,
2026-09-21,06:33:49,2026-09-21T06:33:49,NO,0,0,
2026-09-21,06:33:50,2026-09-21T06:33:50,NO,0,0,
2026-09-21,06:33:51,2026-09-21T06:33:51,NO,0,0,
2026-09-21,06:33:52,2026-09-21T06:33:52,NO,0,0,
2026-09-21,06:33:53,2026-09-21T06:33:53,NO,0,0,
2026-09-21,06:33:54,2026-09-21T06:33:54,NO,0,0,
2026-09-21,06:33:55,2026-09-21T06:33:55,NO,0,0,
2026-09-21,06:33:56,2026-09-21T06:33:56,NO,0,0,
2026-09-21,06:33:57,2026-09-21T06:33:57,NO,0,0,
2026-09-21,06:33:58,2026-09-21T06:33:58,NO,0,0,
2026-09-21,06:33:59,2026-09-21T06:33:59,NO,0,0,
2026-09-21,06:34:00,2026-09-21T06:34:00,NO,0,0,
2026-09-21,06:34:01,2026-09-21T06:34:01,NO,0,0,
2026-09-21,06:34:02,2026-09-21T06:34:02,NO,0,0,
2026-09-21,06:34:03,2026-09-21T06:34:03,NO,0,0,
2026-09-21,06:34:04,2026-09-21T06:34:04,NO,0,0,
2026-09-21,06:34:05,2026-09-21T06:34:05,NO,0,0,
2026-09-21,06:34:06,2026-09-21T06:34:06,NO,0,0,
2026-09-21,06:34:07,2026-09-21T06:34:07,NO,0,0,
2026-09-21,06:34:08,2026-09-21T06:34:08,NO,0,0,
2026-09-21,06:34:10,2026-09-21T06:34:10,NO,0,0,
2026-09-21,06:34:11,2026-09-21T06:34:11,NO,0,0,
2026-09-21,06:34:12,2026-09-21T06:34:12,NO,0,0,
2026-09-21,06:34:13,2026-09-21T06:34:13,NO,0,0,
2026-09-21,06:34:14,2026-09-21T06:34:14,NO,0,0,
2026-09-21,06:34:15,2026-09-21T06:34:15,NO,0,0,
2026-09-21,06:34:16,2026-09-21T06:34:16,NO,0,0,
2026-09-21,06:34:17,2026-09-21T06:34:17,NO,0,0,
2026-09-21,06:34:18,2026-09-21T06:34:18,NO,0,0,
2026-09-21,06:34:19,2026-09-21T06:34:19,NO,0,0,
2026-09-21,06:34:20,2026-09-21T06:34:20,NO,0,0,
2026-09-21,06:34:21,2026-09-21T06:34:21,NO,0,0,
2026-09-21,06:34:22,2026-09-21T06:34:22,NO,0,0,
2026-09-21,06:34:23,2026-09-21T06:34:23,NO,0,0,
2026-09-21,06:34:24,2026-09-21T06:34:24,NO,0,0,
2026-09-21,06:34:26,2026-09-21T06:34:26,NO,0,0,
2026-09-21,06:34:27,2026-09-21T06:34:27,NO,0,0,
2026-09-21,06:34:28,2026-09-21T06:34:28,NO,0,0,
2026-09-21,06:34:29,2026-09-21T06:34:29,NO,0,0,
2026-09-21,06:34:30,2026-09-21T06:34:30,NO,0,0,
2026-09-21,06:34:31,2026-09-21T06:34:31,NO,0,0,
2026-09-21,06:34:32,2026-09-21T06:34:32,NO,0,0,
2026-09-21,06:34:33,2026-09-21T06:34:33,NO,0,0,
2026-09-21,06:34:34,2026-09-21T06:34:34,NO,0,0,
2026-09-21,06:34:35,2026-09-21T06:34:35,NO,0,0,
2026-09-21,06:34:36,2026-09-21T06:34:36,NO,0,0,
2026-09-21,06:34:37,2026-09-21T06:34:37,NO,0,0,
2026-09-21,06:34:38,2026-09-21T06:34:38,NO,0,0,
2026-09-21,06:34:39,2026-09-21T06:34:39,NO,0,0,
2026-09-21,06:34:40,2026-09-21T06:34:40,NO,0,0,
2026-09-21,06:34:41,2026-09-21T06:34:41,NO,0,0,
2026-09-21,06:34:42,2026-09-21T06:34:42,NO,0,0,
2026-09-21,06:34:43,2026-09-21T06:34:43,NO,0,0,
2026-09-21,06:34:44,2026-09-21T06:34:44,NO,0,0,
2026-09-21,06:34:45,2026-09-21T06:34:45,NO,0,0,
2026-09-21,06:34:46,2026-09-21T06:34:46,NO,0,0,
2026-09-21,06:34:47,2026-09-21T06:34:47,NO,0,0,
2026-09-21,06:34:48,2026-09-21T06:34:48,NO,0,0,
2026-09-21,06:34:49,2026-09-21T06:34:49,NO,0,0,
2026-09-21,06:34:51,2026-09-21T06:34:51,NO,0,0,
2026-09-21,06:34:52,2026-09-21T06:34:52,NO,0,0,
2026-09-21,06:34:53,2026-09-21T06:34:53,NO,0,0,
2026-09-21,06:34:54,2026-09-21T06:34:54,NO,0,0,
2026-09-21,06:34:55,2026-09-21T06:34:55,NO,0,0,
2026-09-21,06:34:56,2026-09-21T06:34:56,NO,0,0,
2026-09-21,06:34:57,2026-09-21T06:34:57,NO,0,0,
2026-09-21,06:34:58,2026-09-21T06:34:58,NO,0,0,
2026-09-21,06:34:59,2026-09-21T06:34:59,NO,0,0,
2026-09-21,06:35:00,2026-09-21T06:35:00,NO,0,0,
2026-09-21,06:35:01,2026-09-21T06:35:01,NO,0,0,
2026-09-21,06:35:02,2026-09-21T06:35:02,NO,0,0,
2026-09-21,06:35:03,2026-09-21T06:35:03,NO,0,0,
2026-09-21,06:35:04,2026-09-21T06:35:04,NO,0,0,
2026-09-21,06:35:05,2026-09-21T06:35:05,NO,0,0,
2026-09-21,06:35:06,2026-09-21T06:35:06,NO,0,0,
2026-09-21,06:35:07,2026-09-21T06:35:07,NO,0,0,
2026-09-21,06:35:08,2026-09-21T06:35:08,NO,0,0,
2026-09-21,06:35:09,2026-09-21T06:35:09,NO,0,0,
2026-09-21,06:35:11,2026-09-21T06:35:11,NO,0,0,
2026-09-21,06:35:12,2026-09-21T06:35:12,NO,0,0,
2026-09-21,06:35:13,2026-09-21T06:35:13,NO,0,0,
2026-09-21,06:35:14,2026-09-21T06:35:14,NO,0,0,
2026-09-21,06:35:15,2026-09-21T06:35:15,NO,0,0,
2026-09-21,06:35:16,2026-09-21T06:35:16,NO,0,0,
2026-09-21,06:35:17,2026-09-21T06:35:17,NO,0,0,
2026-09-21,06:35:18,2026-09-21T06:35:18,NO,0,0,
2026-09-21,06:35:19,2026-09-21T06:35:19,NO,0,0,
2026-09-21,06:35:20,2026-09-21T06:35:20,NO,0,0,
2026-09-21,06:35:21,2026-09-21T06:35:21,NO,0,0,
2026-09-21,06:35:22,2026-09-21T06:35:22,NO,0,0,
2026-09-21,06:35:23,2026-09-21T06:35:23,NO,0,0,
2026-09-21,06:35:24,2026-09-21T06:35:24,NO,0,0,
2026-09-21,06:35:25,2026-09-21T06:35:25,NO,0,0,
2026-09-21,06:35:26,2026-09-21T06:35:26,NO,0,0,
2026-09-21,06:35:27,2026-09-21T06:35:27,NO,0,0,
2026-09-21,06:35:28,2026-09-21T06:35:28,NO,0,0,
2026-09-21,06:35:29,2026-09-21T06:35:29,NO,0,0,
2026-09-21,06:35:30,2026-09-21T06:35:30,NO,0,0,
2026-09-21,06:35:31,2026-09-21T06:35:31,NO,0,0,
2026-09-21,06:35:32,2026-09-21T06:35:32,NO,0,0,
2026-09-21,06:35:33,2026-09-21T06:35:33,NO,0,0,
2026-09-21,06:35:34,2026-09-21T06:35:34,NO,0,0,
2026-09-21,06:35:36,2026-09-21T06:35:36,NO,0,0,
2026-09-21,06:35:37,2026-09-21T06:35:37,NO,0,0,
2026-09-21,06:35:38,2026-09-21T06:35:38,NO,0,0,
2026-09-21,06:35:39,2026-09-21T06:35:39,NO,0,0,
2026-09-21,06:35:40,2026-09-21T06:35:40,NO,0,0,
2026-09-21,06:35:41,2026-09-21T06:35:41,NO,0,0,
2026-09-21,06:35:42,2026-09-21T06:35:42,NO,0,0,
2026-09-21,06:35:43,2026-09-21T06:35:43,NO,0,0,
2026-09-21,06:35:44,2026-09-21T06:35:44,NO,0,0,
2026-09-21,06:35:45,2026-09-21T06:35:45,NO,0,0,
2026-09-21,06:35:46,2026-09-21T06:35:46,NO,0,0,
2026-09-21,06:35:47,2026-09-21T06:35:47,NO,0,0,
2026-09-21,06:35:48,2026-09-21T06:35:48,NO,0,0,
2026-09-21,06:35:49,2026-09-21T06:35:49,NO,0,0,
2026-09-21,06:35:50,2026-09-21T06:35:50,NO,0,0,
2026-09-21,06:35:51,2026-09-21T06:35:51,NO,0,0,
2026-09-21,06:35:52,2026-09-21T06:35:52,NO,0,0,
2026-09-21,06:35:53,2026-09-21T06:35:53,NO,0,0,
2026-09-21,06:35:55,2026-09-21T06:35:55,NO,0,0,
2026-09-21,06:35:56,2026-09-21T06:35:56,NO,0,0,
2026-09-21,06:35:57,2026-09-21T06:35:57,NO,0,0,
2026-09-21,06:35:58,2026-09-21T06:35:58,NO,0,0,
2026-09-21,06:35:59,2026-09-21T06:35:59,NO,0,0,
2026-09-21,06:36:00,2026-09-21T06:36:00,NO,0,0,
2026-09-21,06:36:01,2026-09-21T06:36:01,NO,0,0,
2026-09-21,06:36:02,2026-09-21T06:36:02,NO,0,0,
2026-09-21,06:36:03,2026-09-21T06:36:03,NO,0,0,
2026-09-21,06:36:04,2026-09-21T06:36:04,NO,0,0,
2026-09-21,06:36:05,2026-09-21T06:36:05,NO,0,0,
2026-09-21,06:36:06,2026-09-21T06:36:06,NO,0,0,
2026-09-21,06:36:07,2026-09-21T06:36:07,NO,0,0,
2026-09-21,06:36:08,2026-09-21T06:36:08,NO,0,0,
2026-09-21,06:36:09,2026-09-21T06:36:09,NO,0,0,
2026-09-21,06:36:10,2026-09-21T06:36:10,NO,0,0,
2026-09-21,06:36:11,2026-09-21T06:36:11,NO,0,0,
2026-09-21,06:36:12,2026-09-21T06:36:12,NO,0,0,
2026-09-21,06:36:13,2026-09-21T06:36:13,NO,0,0,
2026-09-21,06:36:14,2026-09-21T06:36:14,NO,0,0,
2026-09-21,06:36:15,2026-09-21T06:36:15,NO,0,0,
2026-09-21,06:36:16,2026-09-21T06:36:16,NO,0,0,
2026-09-21,06:36:18,2026-09-21T06:36:18,NO,0,0,
2026-09-21,06:36:19,2026-09-21T06:36:19,NO,0,0,
2026-09-21,06:36:20,2026-09-21T06:36:20,NO,0,0,
2026-09-21,06:36:21,2026-09-21T06:36:21,NO,0,0,
2026-09-21,06:36:22,2026-09-21T06:36:22,NO,0,0,
2026-09-21,06:36:23,2026-09-21T06:36:23,NO,0,0,
2026-09-21,06:36:24,2026-09-21T06:36:24,NO,0,0,
2026-09-21,06:36:25,2026-09-21T06:36:25,NO,0,0,
2026-09-21,06:36:26,2026-09-21T06:36:26,NO,0,0,
2026-09-21,06:36:27,2026-09-21T06:36:27,NO,0,0,
2026-09-21,06:36:28,2026-09-21T06:36:28,NO,0,0,
2026-09-21,06:36:29,2026-09-21T06:36:29,NO,0,0,
2026-09-21,06:36:30,2026-09-21T06:36:30,NO,0,0,
2026-09-21,06:36:31,2026-09-21T06:36:31,NO,0,0,
2026-09-21,06:36:32,2026-09-21T06:36:32,NO,0,0,
2026-09-21,06:36:34,2026-09-21T06:36:34,NO,0,0,
2026-09-21,06:36:35,2026-09-21T06:36:35,NO,0,0,
2026-09-21,06:36:36,2026-09-21T06:36:36,NO,0,0,
2026-09-21,06:36:37,2026-09-21T06:36:37,NO,0,0,
2026-09-21,06:36:38,2026-09-21T06:36:38,NO,0,0,
2026-09-21,06:36:39,2026-09-21T06:36:39,NO,0,0,
2026-09-21,06:36:40,2026-09-21T06:36:40,NO,0,0,
2026-09-21,06:36:41,2026-09-21T06:36:41,NO,0,0,
2026-09-21,06:36:42,2026-09-21T06:36:42,NO,0,0,
2026-09-21,06:36:43,2026-09-21T06:36:43,NO,0,0,
2026-09-21,06:36:44,2026-09-21T06:36:44,NO,0,0,
2026-09-21,06:36:45,2026-09-21T06:36:45,NO,0,0,
2026-09-21,06:36:46,2026-09-21T06:36:46,NO,0,0,
2026-09-21,06:36:47,2026-09-21T06:36:47,NO,0,0,
2026-09-21,06:36:48,2026-09-21T06:36:48,NO,0,0,
2026-09-21,06:36:49,2026-09-21T06:36:49,NO,0,0,
2026-09-21,06:36:50,2026-09-21T06:36:50,NO,0,0,
2026-09-21,06:36:51,2026-09-21T06:36:51,NO,0,0,
2026-09-21,06:36:52,2026-09-21T06:36:52,NO,0,0,
2026-09-21,06:36:54,2026-09-21T06:36:54,NO,0,0,
2026-09-21,06:36:55,2026-09-21T06:36:55,NO,0,0,
2026-09-21,06:36:56,2026-09-21T06:36:56,NO,0,0,
2026-09-21,06:36:57,2026-09-21T06:36:57,NO,0,0,
2026-09-21,06:36:58,2026-09-21T06:36:58,NO,0,0,
2026-09-21,06:36:59,2026-09-21T06:36:59,NO,0,0,
2026-09-21,06:37:00,2026-09-21T06:37:00,NO,0,0,
2026-09-21,06:37:01,2026-09-21T06:37:01,NO,0,0,
2026-09-21,06:37:02,2026-09-21T06:37:02,NO,0,0,
2026-09-21,06:37:03,2026-09-21T06:37:03,NO,0,0,
2026-09-21,06:37:04,2026-09-21T06:37:04,NO,0,0,
2026-09-21,06:37:05,2026-09-21T06:37:05,NO,0,0,
2026-09-21,06:37:06,2026-09-21T06:37:06,NO,0,0,
2026-09-21,06:37:07,2026-09-21T06:37:07,NO,0,0,
2026-09-21,06:37:08,2026-09-21T06:37:08,NO,0,0,
2026-09-21,06:37:10,2026-09-21T06:37:10,NO,0,0,
2026-09-21,06:37:11,2026-09-21T06:37:11,NO,0,0,
2026-09-21,06:37:12,2026-09-21T06:37:12,NO,0,0,
2026-09-21,06:37:13,2026-09-21T06:37:13,NO,0,0,
2026-09-21,06:37:14,2026-09-21T06:37:14,NO,0,0,
2026-09-21,06:37:15,2026-09-21T06:37:15,NO,0,0,
2026-09-21,06:37:16,2026-09-21T06:37:16,NO,0,0,
2026-09-21,06:37:17,2026-09-21T06:37:17,NO,0,0,
2026-09-21,06:37:18,2026-09-21T06:37:18,NO,0,0,
2026-09-21,06:37:19,2026-09-21T06:37:19,NO,0,0,
2026-09-21,06:37:20,2026-09-21T06:37:20,NO,0,0,
2026-09-21,06:37:21,2026-09-21T06:37:21,NO,0,0,
2026-09-21,06:37:22,2026-09-21T06:37:22,NO,0,0,
2026-09-21,06:37:23,2026-09-21T06:37:23,NO,0,0,
2026-09-21,06:37:24,2026-09-21T06:37:24,NO,0,0,
2026-09-21,06:37:25,2026-09-21T06:37:25,NO,0,0,
2026-09-21,06:37:26,2026-09-21T06:37:26,NO,0,0,
2026-09-21,06:37:28,2026-09-21T06:37:28,NO,0,0,
2026-09-21,06:37:29,2026-09-21T06:37:29,NO,0,0,
2026-09-21,06:37:30,2026-09-21T06:37:30,NO,0,0,
2026-09-21,06:37:31,2026-09-21T06:37:31,NO,0,0,
2026-09-21,06:37:32,2026-09-21T06:37:32,NO,0,0,
2026-09-21,06:37:33,2026-09-21T06:37:33,NO,0,0,
2026-09-21,06:37:34,2026-09-21T06:37:34,NO,0,0,
2026-09-21,06:37:35,2026-09-21T06:37:35,NO,0,0,
2026-09-21,06:37:36,2026-09-21T06:37:36,NO,0,0,
2026-09-21,06:37:37,2026-09-21T06:37:37,NO,0,0,
2026-09-21,06:37:38,2026-09-21T06:37:38,NO,0,0,
2026-09-21,06:37:39,2026-09-21T06:37:39,NO,0,0,
2026-09-21,06:37:40,2026-09-21T06:37:40,NO,0,0,
2026-09-21,06:37:41,2026-09-21T06:37:41,NO,0,0,
2026-09-21,06:37:42,2026-09-21T06:37:42,NO,0,0,
2026-09-21,06:37:43,2026-09-21T06:37:43,NO,0,0,
2026-09-21,06:37:44,2026-09-21T06:37:44,NO,0,0,
2026-09-21,06:37:45,2026-09-21T06:37:45,NO,0,0,
2026-09-21,06:37:46,2026-09-21T06:37:46,NO,0,0,
2026-09-21,06:37:47,2026-09-21T06:37:47,NO,0,0,
2026-09-21,06:37:49,2026-09-21T06:37:49,NO,0,0,
2026-09-21,06:37:50,2026-09-21T06:37:50,NO,0,0,
2026-09-21,06:37:51,2026-09-21T06:37:51,NO,0,0,
2026-09-21,06:37:52,2026-09-21T06:37:52,NO,0,0,
2026-09-21,06:37:53,2026-09-21T06:37:53,NO,0,0,
2026-09-21,06:37:54,2026-09-21T06:37:54,NO,0,0,
2026-09-21,06:37:55,2026-09-21T06:37:55,NO,0,0,
2026-09-21,06:37:56,2026-09-21T06:37:56,NO,0,0,
2026-09-21,06:37:57,2026-09-21T06:37:57,NO,0,0,
2026-09-21,06:37:58,2026-09-21T06:37:58,NO,0,0,
2026-09-21,06:37:59,2026-09-21T06:37:59,NO,0,0,
2026-09-21,06:38:00,2026-09-21T06:38:00,NO,0,0,
2026-09-21,06:38:01,2026-09-21T06:38:01,NO,0,0,
2026-09-21,06:38:02,2026-09-21T06:38:02,NO,0,0,
2026-09-21,06:38:03,2026-09-21T06:38:03,NO,0,0,
2026-09-21,06:38:04,2026-09-21T06:38:04,NO,0,0,
2026-09-21,06:38:05,2026-09-21T06:38:05,NO,0,0,
2026-09-21,06:38:06,2026-09-21T06:38:06,NO,0,0,
2026-09-21,06:38:08,2026-09-21T06:38:08,NO,0,0,
2026-09-21,06:38:09,2026-09-21T06:38:09,NO,0,0,
2026-09-21,06:38:10,2026-09-21T06:38:10,NO,0,0,
2026-09-21,06:38:11,2026-09-21T06:38:11,NO,0,0,
2026-09-21,06:38:12,2026-09-21T06:38:12,NO,0,0,
2026-09-21,06:38:13,2026-09-21T06:38:13,NO,0,0,
2026-09-21,06:38:14,2026-09-21T06:38:14,NO,0,0,
2026-09-21,06:38:15,2026-09-21T06:38:15,NO,0,0,
2026-09-21,06:38:16,2026-09-21T06:38:16,NO,0,0,
2026-09-21,06:38:17,2026-09-21T06:38:17,NO,0,0,
2026-09-21,06:38:18,2026-09-21T06:38:18,NO,0,0,
2026-09-21,06:38:19,2026-09-21T06:38:19,NO,0,0,
2026-09-21,06:38:20,2026-09-21T06:38:20,NO,0,0,
2026-09-21,06:38:21,2026-09-21T06:38:21,NO,0,0,
2026-09-21,06:38:22,2026-09-21T06:38:22,NO,0,0,
2026-09-21,06:38:23,2026-09-21T06:38:23,NO,0,0,
2026-09-21,06:38:24,2026-09-21T06:38:24,NO,0,0,
2026-09-21,06:38:26,2026-09-21T06:38:26,NO,0,0,
2026-09-21,06:38:27,2026-09-21T06:38:27,NO,0,0,
2026-09-21,06:38:28,2026-09-21T06:38:28,NO,0,0,
2026-09-21,06:38:29,2026-09-21T06:38:29,NO,0,0,
2026-09-21,06:38:30,2026-09-21T06:38:30,NO,0,0,
2026-09-21,06:38:31,2026-09-21T06:38:31,NO,0,0,
2026-09-21,06:38:32,2026-09-21T06:38:32,NO,0,0,
2026-09-21,06:38:33,2026-09-21T06:38:33,NO,0,0,
2026-09-21,06:38:34,2026-09-21T06:38:34,NO,0,0,
2026-09-21,06:38:35,2026-09-21T06:38:35,NO,0,0,
2026-09-21,06:38:36,2026-09-21T06:38:36,NO,0,0,
2026-09-21,06:38:37,2026-09-21T06:38:37,NO,0,0,
2026-09-21,06:38:38,2026-09-21T06:38:38,NO,0,0,
2026-09-21,06:38:39,2026-09-21T06:38:39,NO,0,0,
2026-09-21,06:38:41,2026-09-21T06:38:41,NO,0,0,
2026-09-21,06:38:42,2026-09-21T06:38:42,NO,0,0,
2026-09-21,06:38:43,2026-09-21T06:38:43,NO,0,0,
2026-09-21,06:38:44,2026-09-21T06:38:44,NO,0,0,
2026-09-21,06:38:45,2026-09-21T06:38:45,NO,0,0,
2026-09-21,06:38:46,2026-09-21T06:38:46,NO,0,0,
2026-09-21,06:38:47,2026-09-21T06:38:47,NO,0,0,
2026-09-21,06:38:48,2026-09-21T06:38:48,NO,0,0,
2026-09-21,06:38:49,2026-09-21T06:38:49,NO,0,0,
2026-09-21,06:38:50,2026-09-21T06:38:50,NO,0,0,
2026-09-21,06:38:51,2026-09-21T06:38:51,NO,0,0,
2026-09-21,06:38:52,2026-09-21T06:38:52,NO,0,0,
2026-09-21,06:38:53,2026-09-21T06:38:53,NO,0,0,
2026-09-21,06:38:54,2026-09-21T06:38:54,NO,0,0,
2026-09-21,06:38:55,2026-09-21T06:38:55,NO,0,0,
2026-09-21,06:38:56,2026-09-21T06:38:56,NO,0,0,
2026-09-21,06:38:57,2026-09-21T06:38:57,NO,0,0,
2026-09-21,06:38:58,2026-09-21T06:38:58,NO,0,0,
2026-09-21,06:38:59,2026-09-21T06:38:59,NO,0,0,
2026-09-21,06:39:01,2026-09-21T06:39:01,NO,0,0,
2026-09-21,06:39:02,2026-09-21T06:39:02,NO,0,0,
2026-09-21,06:39:03,2026-09-21T06:39:03,NO,0,0,
2026-09-21,06:39:04,2026-09-21T06:39:04,NO,0,0,
2026-09-21,06:39:05,2026-09-21T06:39:05,NO,0,0,
2026-09-21,06:39:06,2026-09-21T06:39:06,NO,0,0,
2026-09-21,06:39:07,2026-09-21T06:39:07,NO,0,0,
2026-09-21,06:39:08,2026-09-21T06:39:08,NO,0,0,
2026-09-21,06:39:09,2026-09-21T06:39:09,NO,0,0,
2026-09-21,06:39:10,2026-09-21T06:39:10,NO,0,0,
2026-09-21,06:39:11,2026-09-21T06:39:11,NO,0,0,
2026-09-21,06:39:12,2026-09-21T06:39:12,NO,0,0,
2026-09-21,06:39:13,2026-09-21T06:39:13,NO,0,0,
2026-09-21,06:39:14,2026-09-21T06:39:14,NO,0,0,
2026-09-21,06:39:15,2026-09-21T06:39:15,NO,0,0,
2026-09-21,06:39:16,2026-09-21T06:39:16,NO,0,0,
2026-09-21,06:39:17,2026-09-21T06:39:17,NO,0,0,
2026-09-21,06:39:18,2026-09-21T06:39:18,NO,0,0,
2026-09-21,06:39:19,2026-09-21T06:39:19,NO,0,0,
2026-09-21,06:39:21,2026-09-21T06:39:21,NO,0,0,
2026-09-21,06:39:22,2026-09-21T06:39:22,NO,0,0,
2026-09-21,06:39:23,2026-09-21T06:39:23,NO,0,0,
2026-09-21,06:39:24,2026-09-21T06:39:24,NO,0,0,
2026-09-21,06:39:25,2026-09-21T06:39:25,NO,0,0,
2026-09-21,06:39:26,2026-09-21T06:39:26,NO,0,0,
2026-09-21,06:39:27,2026-09-21T06:39:27,NO,0,0,
2026-09-21,06:39:28,2026-09-21T06:39:28,NO,0,0,
2026-09-21,06:39:29,2026-09-21T06:39:29,NO,0,0,
2026-09-21,06:39:30,2026-09-21T06:39:30,NO,0,0,
2026-09-21,06:39:31,2026-09-21T06:39:31,NO,0,0,
2026-09-21,06:39:32,2026-09-21T06:39:32,NO,0,0,
2026-09-21,06:39:33,2026-09-21T06:39:33,NO,0,0,
2026-09-21,06:39:34,2026-09-21T06:39:34,NO,0,0,
2026-09-21,06:39:35,2026-09-21T06:39:35,NO,0,0,
2026-09-21,06:39:37,2026-09-21T06:39:37,NO,0,0,
2026-09-21,06:39:38,2026-09-21T06:39:38,NO,0,0,
2026-09-21,06:39:39,2026-09-21T06:39:39,NO,0,0,
2026-09-21,06:39:40,2026-09-21T06:39:40,NO,0,0,
2026-09-21,06:39:41,2026-09-21T06:39:41,NO,0,0,
2026-09-21,06:39:42,2026-09-21T06:39:42,NO,0,0,
2026-09-21,06:39:43,2026-09-21T06:39:43,NO,0,0,
2026-09-21,06:39:44,2026-09-21T06:39:44,NO,0,0,
2026-09-21,06:39:45,2026-09-21T06:39:45,NO,0,0,
2026-09-21,06:39:46,2026-09-21T06:39:46,NO,0,0,
2026-09-21,06:39:47,2026-09-21T06:39:47,NO,0,0,
2026-09-21,06:39:48,2026-09-21T06:39:48,NO,0,0,
2026-09-21,06:39:49,2026-09-21T06:39:49,NO,0,0,
2026-09-21,06:39:50,2026-09-21T06:39:50,NO,0,0,
2026-09-21,06:39:51,2026-09-21T06:39:51,NO,0,0,
2026-09-21,06:39:52,2026-09-21T06:39:52,NO,0,0,
2026-09-21,06:39:53,2026-09-21T06:39:53,NO,0,0,
2026-09-21,06:39:54,2026-09-21T06:39:54,NO,0,0,
2026-09-21,06:39:55,2026-09-21T06:39:55,NO,0,0,
2026-09-21,06:39:56,2026-09-21T06:39:56,NO,0,0,
2026-09-21,06:39:57,2026-09-21T06:39:57,NO,0,0,
2026-09-21,06:39:59,2026-09-21T06:39:59,NO,0,0,
2026-09-21,06:40:00,2026-09-21T06:40:00,NO,0,0,
2026-09-21,06:40:01,2026-09-21T06:40:01,NO,0,0,
2026-09-21,06:40:02,2026-09-21T06:40:02,NO,0,0,
2026-09-21,06:40:03,2026-09-21T06:40:03,NO,0,0,
2026-09-21,06:40:04,2026-09-21T06:40:04,NO,0,0,
2026-09-21,06:40:05,2026-09-21T06:40:05,NO,0,0,
2026-09-21,06:40:06,2026-09-21T06:40:06,NO,0,0,
2026-09-21,06:40:07,2026-09-21T06:40:07,NO,0,0,
2026-09-21,06:40:08,2026-09-21T06:40:08,NO,0,0,
2026-09-21,06:40:09,2026-09-21T06:40:09,NO,0,0,
2026-09-21,06:40:10,2026-09-21T06:40:10,NO,0,0,
2026-09-21,06:40:11,2026-09-21T06:40:11,NO,0,0,
2026-09-21,06:40:12,2026-09-21T06:40:12,NO,0,0,
2026-09-21,06:40:13,2026-09-21T06:40:13,NO,0,0,
2026-09-21,06:40:14,2026-09-21T06:40:14,NO,0,0,
2026-09-21,06:40:15,2026-09-21T06:40:15,NO,0,0,
2026-09-21,06:40:16,2026-09-21T06:40:16,NO,0,0,
2026-09-21,06:40:17,2026-09-21T06:40:17,NO,0,0,
2026-09-21,06:40:18,2026-09-21T06:40:18,NO,0,0,
2026-09-21,06:40:19,2026-09-21T06:40:19,NO,0,0,
2026-09-21,06:40:20,2026-09-21T06:40:20,NO,0,0,
2026-09-21,06:40:21,2026-09-21T06:40:21,NO,0,0,
2026-09-21,06:40:22,2026-09-21T06:40:22,NO,0,0,
2026-09-21,06:40:23,2026-09-21T06:40:23,NO,0,0,
2026-09-21,06:40:25,2026-09-21T06:40:25,NO,0,0,
2026-09-21,06:40:26,2026-09-21T06:40:26,NO,0,0,
2026-09-21,06:40:27,2026-09-21T06:40:27,NO,0,0,
2026-09-21,06:40:28,2026-09-21T06:40:28,NO,0,0,
2026-09-21,06:40:29,2026-09-21T06:40:29,NO,0,0,
2026-09-21,06:40:30,2026-09-21T06:40:30,NO,0,0,
2026-09-21,06:40:31,2026-09-21T06:40:31,NO,0,0,
2026-09-21,06:40:32,2026-09-21T06:40:32,NO,0,0,
2026-09-21,06:40:33,2026-09-21T06:40:33,NO,0,0,
2026-09-21,06:40:34,2026-09-21T06:40:34,NO,0,0,
2026-09-21,06:40:35,2026-09-21T06:40:35,NO,0,0,
2026-09-21,06:40:36,2026-09-21T06:40:36,NO,0,0,
2026-09-21,06:40:37,2026-09-21T06:40:37,NO,0,0,
2026-09-21,06:40:38,2026-09-21T06:40:38,NO,0,0,
2026-09-21,06:40:39,2026-09-21T06:40:39,NO,0,0,
2026-09-21,06:40:40,2026-09-21T06:40:40,NO,0,0,
2026-09-21,06:40:41,2026-09-21T06:40:41,NO,0,0,
2026-09-21,06:40:42,2026-09-21T06:40:42,NO,0,0,
2026-09-21,06:40:43,2026-09-21T06:40:43,NO,0,0,
2026-09-21,06:40:45,2026-09-21T06:40:45,NO,0,0,
2026-09-21,06:40:46,2026-09-21T06:40:46,NO,0,0,
2026-09-21,06:40:47,2026-09-21T06:40:47,NO,0,0,
2026-09-21,06:40:48,2026-09-21T06:40:48,NO,0,0,
2026-09-21,06:40:49,2026-09-21T06:40:49,NO,0,0,
2026-09-21,06:40:50,2026-09-21T06:40:50,NO,0,0,
2026-09-21,06:40:51,2026-09-21T06:40:51,NO,0,0,
2026-09-21,06:40:52,2026-09-21T06:40:52,NO,0,0,
2026-09-21,06:40:53,2026-09-21T06:40:53,NO,0,0,
2026-09-21,06:40:54,2026-09-21T06:40:54,NO,0,0,
2026-09-21,06:40:55,2026-09-21T06:40:55,NO,0,0,
2026-09-21,06:40:56,2026-09-21T06:40:56,NO,0,0,
2026-09-21,06:40:57,2026-09-21T06:40:57,NO,0,0,
2026-09-21,06:40:58,2026-09-21T06:40:58,NO,0,0,
2026-09-21,06:40:59,2026-09-21T06:40:59,NO,0,0,
2026-09-21,06:41:00,2026-09-21T06:41:00,NO,0,0,
2026-09-21,06:41:01,2026-09-21T06:41:01,NO,0,0,
2026-09-21,06:41:02,2026-09-21T06:41:02,NO,0,0,
2026-09-21,06:41:03,2026-09-21T06:41:03,NO,0,0,
2026-09-21,06:41:04,2026-09-21T06:41:04,NO,0,0,
2026-09-21,06:41:05,2026-09-21T06:41:05,NO,0,0,
2026-09-21,06:41:06,2026-09-21T06:41:06,NO,0,0,
2026-09-21,06:41:07,2026-09-21T06:41:07,NO,0,0,
2026-09-21,06:41:08,2026-09-21T06:41:08,NO,0,0,
2026-09-21,06:41:09,2026-09-21T06:41:09,NO,0,0,
2026-09-21,06:41:10,2026-09-21T06:41:10,NO,0,0,
2026-09-21,06:41:11,2026-09-21T06:41:11,NO,0,0,
2026-09-21,06:41:12,2026-09-21T06:41:12,NO,0,0,
2026-09-21,06:41:13,2026-09-21T06:41:13,NO,0,0,
2026-09-21,06:41:14,2026-09-21T06:41:14,NO,0,0,
2026-09-21,06:41:15,2026-09-21T06:41:15,NO,0,0,
2026-09-21,06:41:17,2026-09-21T06:41:17,NO,0,0,
2026-09-21,06:41:18,2026-09-21T06:41:18,NO,0,0,
2026-09-21,06:41:19,2026-09-21T06:41:19,NO,0,0,
2026-09-21,06:41:20,2026-09-21T06:41:20,NO,0,0,
2026-09-21,06:41:21,2026-09-21T06:41:21,NO,0,0,
2026-09-21,06:41:22,2026-09-21T06:41:22,NO,0,0,
2026-09-21,06:41:23,2026-09-21T06:41:23,NO,0,0,
2026-09-21,06:41:24,2026-09-21T06:41:24,NO,0,0,
2026-09-21,06:41:25,2026-09-21T06:41:25,NO,0,0,
2026-09-21,06:41:26,2026-09-21T06:41:26,NO,0,0,
2026-09-21,06:41:27,2026-09-21T06:41:27,NO,0,0,
2026-09-21,06:41:28,2026-09-21T06:41:28,NO,0,0,
2026-09-21,06:41:29,2026-09-21T06:41:29,NO,0,0,
2026-09-21,06:41:30,2026-09-21T06:41:30,NO,0,0,
2026-09-21,06:41:31,2026-09-21T06:41:31,NO,0,0,
2026-09-21,06:41:33,2026-09-21T06:41:33,NO,0,0,
2026-09-21,06:41:34,2026-09-21T06:41:34,NO,0,0,
2026-09-21,06:41:35,2026-09-21T06:41:35,NO,0,0,
2026-09-21,06:41:36,2026-09-21T06:41:36,NO,0,0,
2026-09-21,06:41:37,2026-09-21T06:41:37,NO,0,0,
2026-09-21,06:41:38,2026-09-21T06:41:38,NO,0,0,
2026-09-21,06:41:39,2026-09-21T06:41:39,NO,0,0,
2026-09-21,06:41:40,2026-09-21T06:41:40,NO,0,0,
2026-09-21,06:41:41,2026-09-21T06:41:41,NO,0,0,
2026-09-21,06:41:42,2026-09-21T06:41:42,NO,0,0,
2026-09-21,06:41:43,2026-09-21T06:41:43,NO,0,0,
2026-09-21,06:41:44,2026-09-21T06:41:44,NO,0,0,
2026-09-21,06:41:45,2026-09-21T06:41:45,NO,0,0,
2026-09-21,06:41:46,2026-09-21T06:41:46,NO,0,0,
2026-09-21,06:41:47,2026-09-21T06:41:47,NO,0,0,
2026-09-21,06:41:48,2026-09-21T06:41:48,NO,0,0,
2026-09-21,06:41:49,2026-09-21T06:41:49,NO,0,0,
2026-09-21,06:41:51,2026-09-21T06:41:51,NO,0,0,
2026-09-21,06:41:52,2026-09-21T06:41:52,NO,0,0,
2026-09-21,06:41:53,2026-09-21T06:41:53,NO,0,0,
2026-09-21,06:41:54,2026-09-21T06:41:54,NO,0,0,
2026-09-21,06:41:55,2026-09-21T06:41:55,NO,0,0,
2026-09-21,06:41:56,2026-09-21T06:41:56,NO,0,0,
2026-09-21,06:41:57,2026-09-21T06:41:57,NO,0,0,
2026-09-21,06:41:58,2026-09-21T06:41:58,NO,0,0,
2026-09-21,06:41:59,2026-09-21T06:41:59,NO,0,0,
2026-09-21,06:42:00,2026-09-21T06:42:00,NO,0,0,
2026-09-21,06:42:01,2026-09-21T06:42:01,NO,0,0,
2026-09-21,06:42:02,2026-09-21T06:42:02,NO,0,0,
2026-09-21,06:42:03,2026-09-21T06:42:03,NO,0,0,
2026-09-21,06:42:04,2026-09-21T06:42:04,NO,0,0,
2026-09-21,06:42:05,2026-09-21T06:42:05,NO,0,0,
2026-09-21,06:42:06,2026-09-21T06:42:06,NO,0,0,
2026-09-21,06:42:07,2026-09-21T06:42:07,NO,0,0,
2026-09-21,06:42:08,2026-09-21T06:42:08,NO,0,0,
2026-09-21,06:42:09,2026-09-21T06:42:09,NO,0,0,
2026-09-21,06:42:11,2026-09-21T06:42:11,NO,0,0,
2026-09-21,06:42:12,2026-09-21T06:42:12,NO,0,0,
2026-09-21,06:42:13,2026-09-21T06:42:13,NO,0,0,
2026-09-21,06:42:14,2026-09-21T06:42:14,NO,0,0,
2026-09-21,06:42:15,2026-09-21T06:42:15,NO,0,0,
2026-09-21,06:42:16,2026-09-21T06:42:16,NO,0,0,
2026-09-21,06:42:17,2026-09-21T06:42:17,NO,0,0,
2026-09-21,06:42:18,2026-09-21T06:42:18,NO,0,0,
2026-09-21,06:42:19,2026-09-21T06:42:19,NO,0,0,
2026-09-21,06:42:20,2026-09-21T06:42:20,NO,0,0,
2026-09-21,06:42:21,2026-09-21T06:42:21,NO,0,0,
2026-09-21,06:42:22,2026-09-21T06:42:22,NO,0,0,
2026-09-21,06:42:23,2026-09-21T06:42:23,NO,0,0,
2026-09-21,06:42:24,2026-09-21T06:42:24,NO,0,0,
2026-09-21,06:42:25,2026-09-21T06:42:25,NO,0,0,
2026-09-21,06:42:26,2026-09-21T06:42:26,NO,0,0,
2026-09-21,06:42:27,2026-09-21T06:42:27,NO,0,0,
2026-09-21,06:42:28,2026-09-21T06:42:28,NO,0,0,
2026-09-21,06:42:29,2026-09-21T06:42:29,NO,0,0,
2026-09-21,06:42:31,2026-09-21T06:42:31,NO,0,0,
2026-09-21,06:42:32,2026-09-21T06:42:32,NO,0,0,
2026-09-21,06:42:33,2026-09-21T06:42:33,NO,0,0,
2026-09-21,06:42:34,2026-09-21T06:42:34,NO,0,0,
2026-09-21,06:42:35,2026-09-21T06:42:35,NO,0,0,
2026-09-21,06:42:36,2026-09-21T06:42:36,NO,0,0,
2026-09-21,06:42:37,2026-09-21T06:42:37,NO,0,0,
2026-09-21,06:42:38,2026-09-21T06:42:38,NO,0,0,
2026-09-21,06:42:39,2026-09-21T06:42:39,NO,0,0,
2026-09-21,06:42:40,2026-09-21T06:42:40,NO,0,0,
2026-09-21,06:42:41,2026-09-21T06:42:41,NO,0,0,
2026-09-21,06:42:42,2026-09-21T06:42:42,NO,0,0,
2026-09-21,06:42:43,2026-09-21T06:42:43,NO,0,0,
2026-09-21,06:42:44,2026-09-21T06:42:44,NO,0,0,
2026-09-21,06:42:45,2026-09-21T06:42:45,NO,0,0,
2026-09-21,06:42:46,2026-09-21T06:42:46,NO,0,0,
2026-09-21,06:42:47,2026-09-21T06:42:47,NO,0,0,
2026-09-21,06:42:48,2026-09-21T06:42:48,NO,0,0,
2026-09-21,06:42:49,2026-09-21T06:42:49,NO,0,0,
2026-09-21,06:42:50,2026-09-21T06:42:50,NO,0,0,
2026-09-21,06:42:51,2026-09-21T06:42:51,NO,0,0,
2026-09-21,06:42:53,2026-09-21T06:42:53,NO,0,0,
2026-09-21,06:42:54,2026-09-21T06:42:54,NO,0,0,
2026-09-21,06:42:55,2026-09-21T06:42:55,NO,0,0,
2026-09-21,06:42:56,2026-09-21T06:42:56,NO,0,0,
2026-09-21,06:42:57,2026-09-21T06:42:57,NO,0,0,
2026-09-21,06:42:58,2026-09-21T06:42:58,NO,0,0,
2026-09-21,06:42:59,2026-09-21T06:42:59,NO,0,0,
2026-09-21,06:43:00,2026-09-21T06:43:00,NO,0,0,
2026-09-21,06:43:01,2026-09-21T06:43:01,NO,0,0,
2026-09-21,06:43:02,2026-09-21T06:43:02,NO,0,0,
2026-09-21,06:43:03,2026-09-21T06:43:03,NO,0,0,
2026-09-21,06:43:04,2026-09-21T06:43:04,NO,0,0,
2026-09-21,06:43:05,2026-09-21T06:43:05,NO,0,0,
2026-09-21,06:43:06,2026-09-21T06:43:06,NO,0,0,
2026-09-21,06:43:07,2026-09-21T06:43:07,NO,0,0,
2026-09-21,06:43:08,2026-09-21T06:43:08,NO,0,0,
2026-09-21,06:43:09,2026-09-21T06:43:09,NO,0,0,
2026-09-21,06:43:10,2026-09-21T06:43:10,NO,0,0,
2026-09-21,06:43:11,2026-09-21T06:43:11,NO,0,0,
2026-09-21,06:43:12,2026-09-21T06:43:12,NO,0,0,
2026-09-21,06:43:14,2026-09-21T06:43:14,NO,0,0,
2026-09-21,06:43:15,2026-09-21T06:43:15,NO,0,0,
2026-09-21,06:43:16,2026-09-21T06:43:16,NO,0,0,
2026-09-21,06:43:17,2026-09-21T06:43:17,NO,0,0,
2026-09-21,06:43:18,2026-09-21T06:43:18,NO,0,0,
2026-09-21,06:43:19,2026-09-21T06:43:19,NO,0,0,
2026-09-21,06:43:20,2026-09-21T06:43:20,NO,0,0,
2026-09-21,06:43:21,2026-09-21T06:43:21,NO,0,0,
2026-09-21,06:43:22,2026-09-21T06:43:22,NO,0,0,
2026-09-21,06:43:23,2026-09-21T06:43:23,NO,0,0,
2026-09-21,06:43:24,2026-09-21T06:43:24,NO,0,0,
2026-09-21,06:43:25,2026-09-21T06:43:25,NO,0,0,
2026-09-21,06:43:26,2026-09-21T06:43:26,NO,0,0,
2026-09-21,06:43:27,2026-09-21T06:43:27,NO,0,0,
2026-09-21,06:43:28,2026-09-21T06:43:28,NO,0,0,
2026-09-21,06:43:29,2026-09-21T06:43:29,NO,0,0,
2026-09-21,06:43:30,2026-09-21T06:43:30,NO,0,0,
2026-09-21,06:43:31,2026-09-21T06:43:31,NO,0,0,
2026-09-21,06:43:32,2026-09-21T06:43:32,NO,0,0,
2026-09-21,06:43:34,2026-09-21T06:43:34,NO,0,0,
2026-09-21,06:43:35,2026-09-21T06:43:35,NO,0,0,
2026-09-21,06:43:36,2026-09-21T06:43:36,NO,0,0,
2026-09-21,06:43:37,2026-09-21T06:43:37,NO,0,0,
2026-09-21,06:43:38,2026-09-21T06:43:38,NO,0,0,
2026-09-21,06:43:39,2026-09-21T06:43:39,NO,0,0,
2026-09-21,06:43:40,2026-09-21T06:43:40,NO,0,0,
2026-09-21,06:43:41,2026-09-21T06:43:41,NO,0,0,
2026-09-21,06:43:42,2026-09-21T06:43:42,NO,0,0,
2026-09-21,06:43:43,2026-09-21T06:43:43,NO,0,0,
2026-09-21,06:43:44,2026-09-21T06:43:44,NO,0,0,
2026-09-21,06:43:45,2026-09-21T06:43:45,NO,0,0,
2026-09-21,06:43:46,2026-09-21T06:43:46,NO,0,0,
2026-09-21,06:43:47,2026-09-21T06:43:47,NO,0,0,
2026-09-21,06:43:48,2026-09-21T06:43:48,NO,0,0,
2026-09-21,06:43:49,2026-09-21T06:43:49,NO,0,0,
2026-09-21,06:43:50,2026-09-21T06:43:50,NO,0,0,
2026-09-21,06:43:51,2026-09-21T06:43:51,NO,0,0,
2026-09-21,06:43:53,2026-09-21T06:43:53,NO,0,0,
2026-09-21,06:43:54,2026-09-21T06:43:54,NO,0,0,
2026-09-21,06:43:55,2026-09-21T06:43:55,NO,0,0,
2026-09-21,06:43:56,2026-09-21T06:43:56,NO,0,0,
2026-09-21,06:43:57,2026-09-21T06:43:57,NO,0,0,
2026-09-21,06:43:58,2026-09-21T06:43:58,NO,0,0,
2026-09-21,06:43:59,2026-09-21T06:43:59,NO,0,0,
2026-09-21,06:44:00,2026-09-21T06:44:00,NO,0,0,
2026-09-21,06:44:01,2026-09-21T06:44:01,NO,0,0,
2026-09-21,06:44:02,2026-09-21T06:44:02,NO,0,0,
2026-09-21,06:44:03,2026-09-21T06:44:03,NO,0,0,
2026-09-21,06:44:04,2026-09-21T06:44:04,NO,0,0,
2026-09-21,06:44:05,2026-09-21T06:44:05,NO,0,0,
2026-09-21,06:44:06,2026-09-21T06:44:06,NO,0,0,
2026-09-21,06:44:07,2026-09-21T06:44:07,NO,0,0,
2026-09-21,06:44:08,2026-09-21T06:44:08,NO,0,0,
2026-09-21,06:44:09,2026-09-21T06:44:09,NO,0,0,
2026-09-21,06:44:10,2026-09-21T06:44:10,NO,0,0,
2026-09-21,06:44:11,2026-09-21T06:44:11,NO,0,0,
2026-09-21,06:44:12,2026-09-21T06:44:12,NO,0,0,
2026-09-21,06:44:13,2026-09-21T06:44:13,NO,0,0,
2026-09-21,06:44:14,2026-09-21T06:44:14,NO,0,0,
2026-09-21,06:44:15,2026-09-21T06:44:15,NO,0,0,
2026-09-21,06:44:17,2026-09-21T06:44:17,NO,0,0,
2026-09-21,06:44:18,2026-09-21T06:44:18,NO,0,0,
2026-09-21,06:44:19,2026-09-21T06:44:19,NO,0,0,
2026-09-21,06:44:20,2026-09-21T06:44:20,NO,0,0,
2026-09-21,06:44:21,2026-09-21T06:44:21,NO,0,0,
2026-09-21,06:44:22,2026-09-21T06:44:22,NO,0,0,
2026-09-21,06:44:23,2026-09-21T06:44:23,NO,0,0,
2026-09-21,06:44:24,2026-09-21T06:44:24,NO,0,0,
2026-09-21,06:44:25,2026-09-21T06:44:25,NO,0,0,
2026-09-21,06:44:26,2026-09-21T06:44:26,NO,0,0,
2026-09-21,06:44:27,2026-09-21T06:44:27,NO,0,0,
2026-09-21,06:44:28,2026-09-21T06:44:28,NO,0,0,
2026-09-21,06:44:29,2026-09-21T06:44:29,NO,0,0,
2026-09-21,06:44:30,2026-09-21T06:44:30,NO,0,0,
2026-09-21,06:44:31,2026-09-21T06:44:31,NO,0,0,
2026-09-21,06:44:32,2026-09-21T06:44:32,NO,0,0,
2026-09-21,06:44:34,2026-09-21T06:44:34,NO,0,0,
2026-09-21,06:44:35,2026-09-21T06:44:35,NO,0,0,
2026-09-21,06:44:36,2026-09-21T06:44:36,NO,0,0,
2026-09-21,06:44:37,2026-09-21T06:44:37,NO,0,0,
2026-09-21,06:44:38,2026-09-21T06:44:38,NO,0,0,
2026-09-21,06:44:39,2026-09-21T06:44:39,NO,0,0,
2026-09-21,06:44:40,2026-09-21T06:44:40,NO,0,0,
2026-09-21,06:44:41,2026-09-21T06:44:41,NO,0,0,
2026-09-21,06:44:42,2026-09-21T06:44:42,NO,0,0,
2026-09-21,06:44:43,2026-09-21T06:44:43,NO,0,0,
2026-09-21,06:44:44,2026-09-21T06:44:44,NO,0,0,
2026-09-21,06:44:45,2026-09-21T06:44:45,NO,0,0,
2026-09-21,06:44:46,2026-09-21T06:44:46,NO,0,0,
2026-09-21,06:44:47,2026-09-21T06:44:47,NO,0,0,
2026-09-21,06:44:48,2026-09-21T06:44:48,NO,0,0,
2026-09-21,06:44:49,2026-09-21T06:44:49,NO,0,0,
2026-09-21,06:44:50,2026-09-21T06:44:50,NO,0,0,
2026-09-21,06:44:52,2026-09-21T06:44:52,NO,0,0,
2026-09-21,06:44:53,2026-09-21T06:44:53,NO,0,0,
2026-09-21,06:44:54,2026-09-21T06:44:54,NO,0,0,
2026-09-21,06:44:55,2026-09-21T06:44:55,NO,0,0,
2026-09-21,06:44:56,2026-09-21T06:44:56,NO,0,0,
2026-09-21,06:44:57,2026-09-21T06:44:57,NO,0,0,
2026-09-21,06:44:58,2026-09-21T06:44:58,NO,0,0,
2026-09-21,06:44:59,2026-09-21T06:44:59,NO,0,0,
2026-09-21,06:45:00,2026-09-21T06:45:00,NO,0,0,
2026-09-21,06:45:01,2026-09-21T06:45:01,NO,0,0,
2026-09-21,06:45:02,2026-09-21T06:45:02,NO,0,0,
2026-09-21,06:45:03,2026-09-21T06:45:03,NO,0,0,
2026-09-21,06:45:04,2026-09-21T06:45:04,NO,0,0,
2026-09-21,06:45:05,2026-09-21T06:45:05,NO,0,0,
2026-09-21,06:45:06,2026-09-21T06:45:06,NO,0,0,
2026-09-21,06:45:07,2026-09-21T06:45:07,NO,0,0,
2026-09-21,06:45:08,2026-09-21T06:45:08,NO,0,0,
2026-09-21,06:45:09,2026-09-21T06:45:09,NO,0,0,
2026-09-21,06:45:10,2026-09-21T06:45:10,NO,0,0,
2026-09-21,06:45:11,2026-09-21T06:45:11,NO,0,0,
2026-09-21,06:45:12,2026-09-21T06:45:12,NO,0,0,
2026-09-21,06:45:13,2026-09-21T06:45:13,NO,0,0,
2026-09-21,06:45:14,2026-09-21T06:45:14,NO,0,0,
2026-09-21,06:45:15,2026-09-21T06:45:15,NO,0,0,
2026-09-21,06:45:17,2026-09-21T06:45:17,NO,0,0,
2026-09-21,06:45:18,2026-09-21T06:45:18,NO,0,0,
2026-09-21,06:45:19,2026-09-21T06:45:19,NO,0,0,
2026-09-21,06:45:20,2026-09-21T06:45:20,NO,0,0,
2026-09-21,06:45:21,2026-09-21T06:45:21,NO,0,0,
2026-09-21,06:45:22,2026-09-21T06:45:22,NO,0,0,
2026-09-21,06:45:23,2026-09-21T06:45:23,NO,0,0,
2026-09-21,06:45:24,2026-09-21T06:45:24,NO,0,0,
2026-09-21,06:45:25,2026-09-21T06:45:25,NO,0,0,
2026-09-21,06:45:26,2026-09-21T06:45:26,NO,0,0,
2026-09-21,06:45:27,2026-09-21T06:45:27,NO,0,0,
2026-09-21,06:45:28,2026-09-21T06:45:28,NO,0,0,
2026-09-21,06:45:29,2026-09-21T06:45:29,NO,0,0,
2026-09-21,06:45:30,2026-09-21T06:45:30,NO,0,0,
2026-09-21,06:45:31,2026-09-21T06:45:31,NO,0,0,
2026-09-21,06:45:33,2026-09-21T06:45:33,NO,0,0,
2026-09-21,06:45:34,2026-09-21T06:45:34,NO,0,0,
2026-09-21,06:45:35,2026-09-21T06:45:35,NO,0,0,
2026-09-21,06:45:36,2026-09-21T06:45:36,NO,0,0,
2026-09-21,06:45:37,2026-09-21T06:45:37,NO,0,0,
2026-09-21,06:45:38,2026-09-21T06:45:38,NO,0,0,
2026-09-21,06:45:39,2026-09-21T06:45:39,NO,0,0,
2026-09-21,06:45:40,2026-09-21T06:45:40,NO,0,0,
2026-09-21,06:45:42,2026-09-21T06:45:42,NO,0,0,
2026-09-21,06:45:43,2026-09-21T06:45:43,NO,0,0,
2026-09-21,06:45:44,2026-09-21T06:45:44,NO,0,0,
2026-09-21,06:45:45,2026-09-21T06:45:45,NO,0,0,
2026-09-21,06:45:46,2026-09-21T06:45:46,NO,0,0,
2026-09-21,06:45:47,2026-09-21T06:45:47,NO,0,0,
2026-09-21,06:45:48,2026-09-21T06:45:48,NO,0,0,
2026-09-21,06:45:49,2026-09-21T06:45:49,NO,0,0,
2026-09-21,06:45:50,2026-09-21T06:45:50,NO,0,0,
2026-09-21,06:45:51,2026-09-21T06:45:51,NO,0,0,
2026-09-21,06:45:52,2026-09-21T06:45:52,NO,0,0,
2026-09-21,06:45:53,2026-09-21T06:45:53,NO,0,0,
2026-09-21,06:45:54,2026-09-21T06:45:54,NO,0,0,
2026-09-21,06:45:55,2026-09-21T06:45:55,NO,0,0,
2026-09-21,06:45:56,2026-09-21T06:45:56,NO,0,0,
2026-09-21,06:45:57,2026-09-21T06:45:57,NO,0,0,
2026-09-21,06:45:58,2026-09-21T06:45:58,NO,0,0,
2026-09-21,06:45:59,2026-09-21T06:45:59,NO,0,0,
2026-09-21,06:46:00,2026-09-21T06:46:00,NO,0,0,
2026-09-21,06:46:01,2026-09-21T06:46:01,NO,0,0,
2026-09-21,06:46:02,2026-09-21T06:46:02,NO,0,0,
2026-09-21,06:46:03,2026-09-21T06:46:03,NO,0,0,
2026-09-21,06:46:04,2026-09-21T06:46:04,NO,0,0,
2026-09-21,06:46:05,2026-09-21T06:46:05,NO,0,0,
2026-09-21,06:46:06,2026-09-21T06:46:06,NO,0,0,
2026-09-21,06:46:07,2026-09-21T06:46:07,NO,0,0,
2026-09-21,06:46:09,2026-09-21T06:46:09,NO,0,0,
2026-09-21,06:46:10,2026-09-21T06:46:10,NO,0,0,
2026-09-21,06:46:11,2026-09-21T06:46:11,NO,0,0,
2026-09-21,06:46:12,2026-09-21T06:46:12,NO,0,0,
2026-09-21,06:46:13,2026-09-21T06:46:13,NO,0,0,
2026-09-21,06:46:14,2026-09-21T06:46:14,NO,0,0,
2026-09-21,06:46:15,2026-09-21T06:46:15,NO,0,0,
2026-09-21,06:46:16,2026-09-21T06:46:16,NO,0,0,
2026-09-21,06:46:17,2026-09-21T06:46:17,NO,0,0,
2026-09-21,06:46:18,2026-09-21T06:46:18,NO,0,0,
2026-09-21,06:46:20,2026-09-21T06:46:20,NO,0,0,
2026-09-21,06:46:21,2026-09-21T06:46:21,NO,0,0,
2026-09-21,06:46:22,2026-09-21T06:46:22,NO,0,0,
2026-09-21,06:46:23,2026-09-21T06:46:23,NO,0,0,
2026-09-21,06:46:24,2026-09-21T06:46:24,NO,0,0,
2026-09-21,06:46:25,2026-09-21T06:46:25,NO,0,0,
2026-09-21,06:46:26,2026-09-21T06:46:26,NO,0,0,
2026-09-21,06:46:27,2026-09-21T06:46:27,NO,0,0,
2026-09-21,06:46:28,2026-09-21T06:46:28,NO,0,0,
2026-09-21,06:46:29,2026-09-21T06:46:29,NO,0,0,
2026-09-21,06:46:30,2026-09-21T06:46:30,NO,0,0,
2026-09-21,06:46:31,2026-09-21T06:46:31,NO,0,0,
2026-09-21,06:46:32,2026-09-21T06:46:32,NO,0,0,
2026-09-21,06:46:33,2026-09-21T06:46:33,NO,0,0,
2026-09-21,06:46:35,2026-09-21T06:46:35,NO,0,0,
2026-09-21,06:46:36,2026-09-21T06:46:36,NO,0,0,
2026-09-21,06:46:37,2026-09-21T06:46:37,NO,0,0,
2026-09-21,06:46:38,2026-09-21T06:46:38,NO,0,0,
2026-09-21,06:46:39,2026-09-21T06:46:39,NO,0,0,
2026-09-21,06:46:40,2026-09-21T06:46:40,NO,0,0,
2026-09-21,06:46:41,2026-09-21T06:46:41,NO,0,0,
2026-09-21,06:46:42,2026-09-21T06:46:42,NO,0,0,
2026-09-21,06:46:43,2026-09-21T06:46:43,NO,0,0,
2026-09-21,06:46:44,2026-09-21T06:46:44,NO,0,0,
2026-09-21,06:46:45,2026-09-21T06:46:45,NO,0,0,
2026-09-21,06:46:46,2026-09-21T06:46:46,NO,0,0,
2026-09-21,06:46:47,2026-09-21T06:46:47,NO,0,0,
2026-09-21,06:46:48,2026-09-21T06:46:48,NO,0,0,
2026-09-21,06:46:49,2026-09-21T06:46:49,NO,0,0,
2026-09-21,06:46:50,2026-09-21T06:46:50,NO,0,0,
2026-09-21,06:46:51,2026-09-21T06:46:51,NO,0,0,
2026-09-21,06:46:53,2026-09-21T06:46:53,NO,0,0,
2026-09-21,06:46:54,2026-09-21T06:46:54,NO,0,0,
2026-09-21,06:46:55,2026-09-21T06:46:55,NO,0,0,
2026-09-21,06:46:56,2026-09-21T06:46:56,NO,0,0,
2026-09-21,06:46:57,2026-09-21T06:46:57,NO,0,0,
2026-09-21,06:46:58,2026-09-21T06:46:58,NO,0,0,
2026-09-21,06:46:59,2026-09-21T06:46:59,NO,0,0,
2026-09-21,06:47:00,2026-09-21T06:47:00,NO,0,0,
2026-09-21,06:47:01,2026-09-21T06:47:01,NO,0,0,
2026-09-21,06:47:02,2026-09-21T06:47:02,NO,0,0,
2026-09-21,06:47:03,2026-09-21T06:47:03,NO,0,0,
2026-09-21,06:47:04,2026-09-21T06:47:04,NO,0,0,
2026-09-21,06:47:05,2026-09-21T06:47:05,NO,0,0,
2026-09-21,06:47:07,2026-09-21T06:47:07,NO,0,0,
2026-09-21,06:47:08,2026-09-21T06:47:08,NO,0,0,
2026-09-21,06:47:09,2026-09-21T06:47:09,NO,0,0,
2026-09-21,06:47:10,2026-09-21T06:47:10,NO,0,0,
2026-09-21,06:47:11,2026-09-21T06:47:11,NO,0,0,
2026-09-21,06:47:12,2026-09-21T06:47:12,NO,0,0,
2026-09-21,06:47:13,2026-09-21T06:47:13,NO,0,0,
2026-09-21,06:47:14,2026-09-21T06:47:14,NO,0,0,
2026-09-21,06:47:15,2026-09-21T06:47:15,NO,0,0,
2026-09-21,06:47:16,2026-09-21T06:47:16,NO,0,0,
2026-09-21,06:47:18,2026-09-21T06:47:18,NO,0,0,
2026-09-21,06:47:19,2026-09-21T06:47:19,NO,0,0,
2026-09-21,06:47:20,2026-09-21T06:47:20,NO,0,0,
2026-09-21,06:47:21,2026-09-21T06:47:21,NO,0,0,
2026-09-21,06:47:22,2026-09-21T06:47:22,NO,0,0,
2026-09-21,06:47:23,2026-09-21T06:47:23,NO,0,0,
2026-09-21,06:47:24,2026-09-21T06:47:24,NO,0,0,
2026-09-21,06:47:25,2026-09-21T06:47:25,NO,0,0,
2026-09-21,06:47:26,2026-09-21T06:47:26,NO,0,0,
2026-09-21,06:47:27,2026-09-21T06:47:27,NO,0,0,
2026-09-21,06:47:28,2026-09-21T06:47:28,NO,0,0,
2026-09-21,06:47:30,2026-09-21T06:47:30,NO,0,0,
2026-09-21,06:47:31,2026-09-21T06:47:31,NO,0,0,
2026-09-21,06:47:32,2026-09-21T06:47:32,NO,0,0,
2026-09-21,06:47:33,2026-09-21T06:47:33,NO,0,0,
2026-09-21,06:47:34,2026-09-21T06:47:34,NO,0,0,
2026-09-21,06:47:35,2026-09-21T06:47:35,NO,0,0,
2026-09-21,06:47:36,2026-09-21T06:47:36,NO,0,0,
2026-09-21,06:47:37,2026-09-21T06:47:37,NO,0,0,
2026-09-21,06:47:38,2026-09-21T06:47:38,NO,0,0,
2026-09-21,06:47:39,2026-09-21T06:47:39,NO,0,0,
2026-09-21,06:47:40,2026-09-21T06:47:40,NO,0,0,
2026-09-21,06:47:41,2026-09-21T06:47:41,NO,0,0,
2026-09-21,06:47:42,2026-09-21T06:47:42,NO,0,0,
2026-09-21,06:47:43,2026-09-21T06:47:43,NO,0,0,
2026-09-21,06:47:45,2026-09-21T06:47:45,NO,0,0,
2026-09-21,06:47:46,2026-09-21T06:47:46,NO,0,0,
2026-09-21,06:47:47,2026-09-21T06:47:47,NO,0,0,
2026-09-21,06:47:48,2026-09-21T06:47:48,NO,0,0,
2026-09-21,06:47:49,2026-09-21T06:47:49,NO,0,0,
2026-09-21,06:47:50,2026-09-21T06:47:50,NO,0,0,
2026-09-21,06:47:51,2026-09-21T06:47:51,NO,0,0,
2026-09-21,06:47:52,2026-09-21T06:47:52,NO,0,0,
2026-09-21,06:47:53,2026-09-21T06:47:53,NO,0,0,
2026-09-21,06:47:54,2026-09-21T06:47:54,NO,0,0,
2026-09-21,06:47:55,2026-09-21T06:47:55,NO,0,0,
2026-09-21,06:47:56,2026-09-21T06:47:56,NO,0,0,
2026-09-21,06:47:57,2026-09-21T06:47:57,NO,0,0,
2026-09-21,06:47:58,2026-09-21T06:47:58,NO,0,0,
2026-09-21,06:47:59,2026-09-21T06:47:59,NO,0,0,
2026-09-21,06:48:00,2026-09-21T06:48:00,NO,0,0,
2026-09-21,06:48:01,2026-09-21T06:48:01,NO,0,0,
2026-09-21,06:48:02,2026-09-21T06:48:02,NO,0,0,
2026-09-21,06:48:04,2026-09-21T06:48:04,NO,0,0,
2026-09-21,06:48:05,2026-09-21T06:48:05,NO,0,0,
2026-09-21,06:48:06,2026-09-21T06:48:06,NO,0,0,
2026-09-21,06:48:07,2026-09-21T06:48:07,NO,0,0,
2026-09-21,06:48:08,2026-09-21T06:48:08,NO,0,0,
2026-09-21,06:48:09,2026-09-21T06:48:09,NO,0,0,
2026-09-21,06:48:10,2026-09-21T06:48:10,NO,0,0,
2026-09-21,06:48:11,2026-09-21T06:48:11,NO,0,0,
2026-09-21,06:48:12,2026-09-21T06:48:12,NO,0,0,
2026-09-21,06:48:13,2026-09-21T06:48:13,NO,0,0,
2026-09-21,06:48:15,2026-09-21T06:48:15,NO,0,0,
2026-09-21,06:48:16,2026-09-21T06:48:16,NO,0,0,
2026-09-21,06:48:17,2026-09-21T06:48:17,NO,0,0,
2026-09-21,06:48:18,2026-09-21T06:48:18,NO,0,0,
2026-09-21,06:48:19,2026-09-21T06:48:19,NO,0,0,
2026-09-21,06:48:20,2026-09-21T06:48:20,NO,0,0,
2026-09-21,06:48:21,2026-09-21T06:48:21,NO,0,0,
2026-09-21,06:48:22,2026-09-21T06:48:22,NO,0,0,
2026-09-21,06:48:23,2026-09-21T06:48:23,NO,0,0,
2026-09-21,06:48:25,2026-09-21T06:48:25,NO,0,0,
2026-09-21,06:48:26,2026-09-21T06:48:26,NO,0,0,
2026-09-21,06:48:27,2026-09-21T06:48:27,NO,0,0,
2026-09-21,06:48:28,2026-09-21T06:48:28,NO,0,0,
2026-09-21,06:48:29,2026-09-21T06:48:29,NO,0,0,
2026-09-21,06:48:31,2026-09-21T06:48:31,NO,0,0,
2026-09-21,06:48:32,2026-09-21T06:48:32,NO,0,0,
2026-09-21,06:48:33,2026-09-21T06:48:33,NO,0,0,
2026-09-21,06:48:34,2026-09-21T06:48:34,NO,0,0,
2026-09-21,06:48:35,2026-09-21T06:48:35,NO,0,0,
2026-09-21,06:48:36,2026-09-21T06:48:36,NO,0,0,
2026-09-21,06:48:37,2026-09-21T06:48:37,NO,0,0,
2026-09-21,06:48:38,2026-09-21T06:48:38,NO,0,0,
2026-09-21,06:48:39,2026-09-21T06:48:39,NO,0,0,
2026-09-21,06:48:40,2026-09-21T06:48:40,NO,0,0,
2026-09-21,06:48:41,2026-09-21T06:48:41,NO,0,0,
2026-09-21,06:48:42,2026-09-21T06:48:42,NO,0,0,
2026-09-21,06:48:43,2026-09-21T06:48:43,NO,0,0,
2026-09-21,06:48:44,2026-09-21T06:48:44,NO,0,0,
2026-09-21,06:48:45,2026-09-21T06:48:45,NO,0,0,
2026-09-21,06:48:46,2026-09-21T06:48:46,NO,0,0,
2026-09-21,06:48:48,2026-09-21T06:48:48,NO,0,0,
2026-09-21,06:48:49,2026-09-21T06:48:49,NO,0,0,
2026-09-21,06:48:50,2026-09-21T06:48:50,NO,0,0,
2026-09-21,06:48:51,2026-09-21T06:48:51,NO,0,0,
2026-09-21,06:48:52,2026-09-21T06:48:52,NO,0,0,
2026-09-21,06:48:53,2026-09-21T06:48:53,NO,0,0,
2026-09-21,06:48:54,2026-09-21T06:48:54,NO,0,0,
2026-09-21,06:48:55,2026-09-21T06:48:55,NO,0,0,
2026-09-21,06:48:56,2026-09-21T06:48:56,NO,0,0,
2026-09-21,06:48:57,2026-09-21T06:48:57,NO,0,0,
2026-09-21,06:48:58,2026-09-21T06:48:58,NO,0,0,
2026-09-21,06:48:59,2026-09-21T06:48:59,NO,0,0,
2026-09-21,06:49:00,2026-09-21T06:49:00,NO,0,0,
2026-09-21,06:49:02,2026-09-21T06:49:02,NO,0,0,
2026-09-21,06:49:03,2026-09-21T06:49:03,NO,0,0,
2026-09-21,06:49:04,2026-09-21T06:49:04,NO,0,0,
2026-09-21,06:49:05,2026-09-21T06:49:05,NO,0,0,
2026-09-21,06:49:06,2026-09-21T06:49:06,NO,0,0,
2026-09-21,06:49:07,2026-09-21T06:49:07,NO,0,0,
2026-09-21,06:49:08,2026-09-21T06:49:08,NO,0,0,
2026-09-21,06:49:09,2026-09-21T06:49:09,NO,0,0,
2026-09-21,06:49:10,2026-09-21T06:49:10,NO,0,0,
2026-09-21,06:49:11,2026-09-21T06:49:11,NO,0,0,
2026-09-21,06:49:12,2026-09-21T06:49:12,NO,0,0,
2026-09-21,06:49:13,2026-09-21T06:49:13,NO,0,0,
2026-09-21,06:49:15,2026-09-21T06:49:15,NO,0,0,
2026-09-21,06:49:16,2026-09-21T06:49:16,NO,0,0,
2026-09-21,06:49:17,2026-09-21T06:49:17,NO,0,0,
2026-09-21,06:49:18,2026-09-21T06:49:18,NO,0,0,
2026-09-21,06:49:19,2026-09-21T06:49:19,NO,0,0,
2026-09-21,06:49:20,2026-09-21T06:49:20,NO,0,0,
2026-09-21,06:49:21,2026-09-21T06:49:21,NO,0,0,
2026-09-21,06:49:22,2026-09-21T06:49:22,NO,0,0,
2026-09-21,06:49:23,2026-09-21T06:49:23,NO,0,0,
2026-09-21,06:49:24,2026-09-21T06:49:24,NO,0,0,
2026-09-21,06:49:25,2026-09-21T06:49:25,NO,0,0,
2026-09-21,06:49:26,2026-09-21T06:49:26,NO,0,0,
2026-09-21,06:49:28,2026-09-21T06:49:28,NO,0,0,
2026-09-21,06:49:29,2026-09-21T06:49:29,NO,0,0,
2026-09-21,06:49:30,2026-09-21T06:49:30,NO,0,0,
2026-09-21,06:49:31,2026-09-21T06:49:31,NO,0,0,
2026-09-21,06:49:32,2026-09-21T06:49:32,NO,0,0,
2026-09-21,06:49:33,2026-09-21T06:49:33,NO,0,0,
2026-09-21,06:49:34,2026-09-21T06:49:34,NO,0,0,
2026-09-21,06:49:35,2026-09-21T06:49:35,NO,0,0,
2026-09-21,06:49:36,2026-09-21T06:49:36,NO,0,0,
2026-09-21,06:49:37,2026-09-21T06:49:37,NO,0,0,
2026-09-21,06:49:38,2026-09-21T06:49:38,NO,0,0,
2026-09-21,06:49:39,2026-09-21T06:49:39,NO,0,0,
2026-09-21,06:49:40,2026-09-21T06:49:40,NO,0,0,
2026-09-21,06:49:41,2026-09-21T06:49:41,NO,0,0,
2026-09-21,06:49:42,2026-09-21T06:49:42,NO,0,0,
2026-09-21,06:49:43,2026-09-21T06:49:43,NO,0,0,
2026-09-21,06:49:44,2026-09-21T06:49:44,NO,0,0,
2026-09-21,06:49:46,2026-09-21T06:49:46,NO,0,0,
2026-09-21,06:49:47,2026-09-21T06:49:47,NO,0,0,
2026-09-21,06:49:48,2026-09-21T06:49:48,NO,0,0,
2026-09-21,06:49:49,2026-09-21T06:49:49,NO,0,0,
2026-09-21,06:49:50,2026-09-21T06:49:50,NO,0,0,
2026-09-21,06:49:51,2026-09-21T06:49:51,NO,0,0,
2026-09-21,10:21:39,2026-09-21T10:21:39,NO,0,0,
2026-09-21,10:21:40,2026-09-21T10:21:40,NO,0,0,
2026-09-21,10:21:41,2026-09-21T10:21:41,NO,0,0,
2026-09-21,10:21:42,2026-09-21T10:21:42,NO,0,0,
2026-09-21,10:21:43,2026-09-21T10:21:43,NO,0,0,
2026-09-21,10:21:44,2026-09-21T10:21:44,NO,0,0,
2026-09-21,10:21:45,2026-09-21T10:21:45,NO,0,0,
2026-09-21,10:21:46,2026-09-21T10:21:46,NO,0,0,
2026-09-21,10:21:47,2026-09-21T10:21:47,NO,0,0,
2026-09-21,10:21:48,2026-09-21T10:21:48,NO,0,0,
2026-09-21,10:21:50,2026-09-21T10:21:50,NO,0,0,
2026-09-21,10:21:51,2026-09-21T10:21:51,NO,0,0,
2026-09-21,10:21:52,2026-09-21T10:21:52,NO,0,0,
2026-09-21,10:21:53,2026-09-21T10:21:53,NO,0,0,
2026-09-21,10:21:54,2026-09-21T10:21:54,NO,0,0,
2026-09-21,10:21:55,2026-09-21T10:21:55,NO,0,0,
2026-09-21,10:21:56,2026-09-21T10:21:56,NO,0,0,
2026-09-21,10:21:57,2026-09-21T10:21:57,NO,0,0,
2026-09-21,10:21:58,2026-09-21T10:21:58,NO,0,0,
2026-09-21,10:21:59,2026-09-21T10:21:59,NO,0,0,
2026-09-21,10:22:00,2026-09-21T10:22:00,NO,0,0,
2026-09-21,10:22:01,2026-09-21T10:22:01,NO,0,0,
2026-09-21,10:22:02,2026-09-21T10:22:02,NO,0,0,
2026-09-21,10:22:03,2026-09-21T10:22:03,NO,0,0,
2026-09-21,10:22:04,2026-09-21T10:22:04,NO,0,0,
2026-09-21,10:22:06,2026-09-21T10:22:06,NO,0,0,
2026-09-21,10:22:07,2026-09-21T10:22:07,NO,0,0,
2026-09-21,10:22:08,2026-09-21T10:22:08,NO,0,0,
2026-09-21,10:22:09,2026-09-21T10:22:09,NO,0,0,
2026-09-21,10:22:10,2026-09-21T10:22:10,NO,0,0,
2026-09-21,10:22:11,2026-09-21T10:22:11,NO,0,0,
2026-09-21,10:22:12,2026-09-21T10:22:12,NO,0,0,
2026-09-21,10:22:13,2026-09-21T10:22:13,NO,0,0,
2026-09-21,10:22:14,2026-09-21T10:22:14,NO,0,0,
2026-09-21,10:22:15,2026-09-21T10:22:15,NO,0,0,
2026-09-21,10:22:16,2026-09-21T10:22:16,NO,0,0,
2026-09-21,10:22:18,2026-09-21T10:22:18,NO,0,0,
2026-09-21,10:22:19,2026-09-21T10:22:19,NO,0,0,
2026-09-21,10:22:20,2026-09-21T10:22:20,NO,0,0,
2026-09-21,10:22:21,2026-09-21T10:22:21,NO,0,0,
2026-09-21,10:22:22,2026-09-21T10:22:22,NO,0,0,
2026-09-21,10:22:23,2026-09-21T10:22:23,NO,0,0,
2026-09-21,10:22:24,2026-09-21T10:22:24,NO,0,0,
2026-09-21,10:22:25,2026-09-21T10:22:25,NO,0,0,
2026-09-21,10:22:26,2026-09-21T10:22:26,NO,0,0,
2026-09-21,10:22:27,2026-09-21T10:22:27,NO,0,0,
2026-09-21,10:22:29,2026-09-21T10:22:29,NO,0,0,
2026-09-21,10:22:30,2026-09-21T10:22:30,NO,0,0,
2026-09-21,10:22:31,2026-09-21T10:22:31,NO,0,0,
2026-09-21,10:22:32,2026-09-21T10:22:32,NO,0,0,
2026-09-21,10:22:33,2026-09-21T10:22:33,NO,0,0,
2026-09-21,10:22:34,2026-09-21T10:22:34,NO,0,0,
2026-09-21,10:22:35,2026-09-21T10:22:35,NO,0,0,
2026-09-21,10:22:36,2026-09-21T10:22:36,NO,0,0,
2026-09-21,10:22:37,2026-09-21T10:22:37,NO,0,0,
2026-09-21,10:22:38,2026-09-21T10:22:38,NO,0,0,
2026-09-21,10:22:40,2026-09-21T10:22:40,NO,0,0,
2026-09-21,10:22:41,2026-09-21T10:22:41,NO,0,0,
2026-09-21,10:22:42,2026-09-21T10:22:42,NO,0,0,
2026-09-21,10:22:43,2026-09-21T10:22:43,NO,0,0,
2026-09-21,10:22:44,2026-09-21T10:22:44,NO,0,0,
2026-09-21,10:22:45,2026-09-21T10:22:45,NO,0,0,
2026-09-21,10:22:46,2026-09-21T10:22:46,NO,0,0,
2026-09-21,10:22:47,2026-09-21T10:22:47,NO,0,0,
2026-09-21,10:22:48,2026-09-21T10:22:48,NO,0,0,
2026-09-21,10:22:49,2026-09-21T10:22:49,NO,0,0,
2026-09-21,10:22:50,2026-09-21T10:22:50,NO,0,0,
2026-09-21,10:22:51,2026-09-21T10:22:51,NO,0,0,
2026-09-21,10:22:52,2026-09-21T10:22:52,NO,0,0,
2026-09-21,10:22:54,2026-09-21T10:22:54,NO,0,0,
2026-09-21,10:22:55,2026-09-21T10:22:55,NO,0,0,
2026-09-21,10:22:56,2026-09-21T10:22:56,NO,0,0,
2026-09-21,10:22:57,2026-09-21T10:22:57,NO,0,0,
2026-09-21,10:22:58,2026-09-21T10:22:58,NO,0,0,
2026-09-21,10:22:59,2026-09-21T10:22:59,NO,0,0,
2026-09-21,10:23:00,2026-09-21T10:23:00,NO,0,0,
2026-09-21,10:23:01,2026-09-21T10:23:01,NO,0,0,
2026-09-21,10:23:02,2026-09-21T10:23:02,NO,0,0,
2026-09-21,10:23:03,2026-09-21T10:23:03,NO,0,0,
2026-09-21,10:23:04,2026-09-21T10:23:04,NO,0,0,
2026-09-21,10:23:05,2026-09-21T10:23:05,NO,0,0,
2026-09-21,10:23:06,2026-09-21T10:23:06,NO,0,0,
2026-09-21,10:23:08,2026-09-21T10:23:08,NO,0,0,
2026-09-21,10:23:09,2026-09-21T10:23:09,NO,0,0,
2026-09-21,10:23:10,2026-09-21T10:23:10,NO,0,0,
2026-09-21,10:23:11,2026-09-21T10:23:11,NO,0,0,
2026-09-21,10:23:12,2026-09-21T10:23:12,NO,0,0,
2026-09-21,10:23:13,2026-09-21T10:23:13,NO,0,0,
2026-09-21,10:23:14,2026-09-21T10:23:14,NO,0,0,
2026-09-21,10:23:15,2026-09-21T10:23:15,NO,0,0,
2026-09-21,10:23:16,2026-09-21T10:23:16,NO,0,0,
2026-09-21,10:23:17,2026-09-21T10:23:17,NO,0,0,
2026-09-21,10:23:18,2026-09-21T10:23:18,NO,0,0,
2026-09-21,10:23:19,2026-09-21T10:23:19,NO,0,0,
2026-09-21,10:23:20,2026-09-21T10:23:20,NO,0,0,
2026-09-21,10:23:21,2026-09-21T10:23:21,NO,0,0,
2026-09-21,10:23:22,2026-09-21T10:23:22,NO,0,0,
2026-09-21,10:23:23,2026-09-21T10:23:23,NO,0,0,
2026-09-21,10:23:24,2026-09-21T10:23:24,NO,0,0,
2026-09-21,10:23:25,2026-09-21T10:23:25,NO,0,0,
2026-09-21,10:23:27,2026-09-21T10:23:27,NO,0,0,
2026-09-21,10:23:28,2026-09-21T10:23:28,NO,0,0,
2026-09-21,10:23:29,2026-09-21T10:23:29,NO,0,0,
2026-09-21,10:23:30,2026-09-21T10:23:30,NO,0,0,
2026-09-21,10:23:31,2026-09-21T10:23:31,NO,0,0,
2026-09-21,10:23:32,2026-09-21T10:23:32,NO,0,0,
2026-09-21,10:23:33,2026-09-21T10:23:33,NO,0,0,
2026-09-21,10:23:34,2026-09-21T10:23:34,NO,0,0,
2026-09-21,10:23:35,2026-09-21T10:23:35,NO,0,0,
2026-09-21,10:23:36,2026-09-21T10:23:36,NO,0,0,
2026-09-21,10:23:37,2026-09-21T10:23:37,NO,0,0,
2026-09-21,10:23:38,2026-09-21T10:23:38,NO,0,0,
2026-09-21,10:23:40,2026-09-21T10:23:40,NO,0,0,
2026-09-21,10:23:41,2026-09-21T10:23:41,NO,0,0,
2026-09-21,10:23:42,2026-09-21T10:23:42,NO,0,0,
2026-09-21,10:23:43,2026-09-21T10:23:43,NO,0,0,
2026-09-21,10:23:44,2026-09-21T10:23:44,NO,0,0,
2026-09-21,10:23:45,2026-09-21T10:23:45,NO,0,0,
2026-09-21,10:23:46,2026-09-21T10:23:46,NO,0,0,
2026-09-21,10:23:47,2026-09-21T10:23:47,NO,0,0,
2026-09-21,10:23:48,2026-09-21T10:23:48,NO,0,0,
2026-09-21,10:23:49,2026-09-21T10:23:49,NO,0,0,
2026-09-21,10:23:50,2026-09-21T10:23:50,NO,0,0,
2026-09-21,10:23:51,2026-09-21T10:23:51,NO,0,0,
2026-09-21,10:23:52,2026-09-21T10:23:52,NO,0,0,
2026-09-21,10:23:53,2026-09-21T10:23:53,NO,0,0,
2026-09-21,10:23:54,2026-09-21T10:23:54,NO,0,0,
2026-09-21,10:23:55,2026-09-21T10:23:55,NO,0,0,
2026-09-21,10:23:56,2026-09-21T10:23:56,NO,0,0,
2026-09-21,10:23:57,2026-09-21T10:23:57,NO,0,0,
2026-09-21,10:23:58,2026-09-21T10:23:58,NO,0,0,
2026-09-21,10:23:59,2026-09-21T10:23:59,NO,0,0,
2026-09-21,10:24:01,2026-09-21T10:24:01,NO,0,0,
2026-09-21,10:24:02,2026-09-21T10:24:02,NO,0,0,
2026-09-21,10:24:03,2026-09-21T10:24:03,NO,0,0,
2026-09-21,10:24:04,2026-09-21T10:24:04,NO,0,0,
2026-09-21,10:24:05,2026-09-21T10:24:05,NO,0,0,
2026-09-21,10:24:06,2026-09-21T10:24:06,NO,0,0,
2026-09-21,10:24:07,2026-09-21T10:24:07,NO,0,0,
2026-09-21,10:24:08,2026-09-21T10:24:08,NO,0,0,
2026-09-21,10:24:09,2026-09-21T10:24:09,NO,0,0,
2026-09-21,10:24:10,2026-09-21T10:24:10,NO,0,0,
2026-09-21,10:24:11,2026-09-21T10:24:11,NO,0,0,
2026-09-21,10:24:12,2026-09-21T10:24:12,NO,0,0,
2026-09-21,10:24:13,2026-09-21T10:24:13,NO,0,0,
2026-09-21,10:24:14,2026-09-21T10:24:14,NO,0,0,
2026-09-21,10:24:16,2026-09-21T10:24:16,NO,0,0,
2026-09-21,10:24:17,2026-09-21T10:24:17,NO,0,0,
2026-09-21,10:24:18,2026-09-21T10:24:18,NO,0,0,
2026-09-21,10:24:19,2026-09-21T10:24:19,NO,0,0,
2026-09-21,10:24:20,2026-09-21T10:24:20,NO,0,0,
2026-09-21,10:24:21,2026-09-21T10:24:21,NO,0,0,
2026-09-21,10:24:22,2026-09-21T10:24:22,NO,0,0,
2026-09-21,10:24:23,2026-09-21T10:24:23,NO,0,0,
2026-09-21,10:24:24,2026-09-21T10:24:24,NO,0,0,
2026-09-21,10:24:25,2026-09-21T10:24:25,NO,0,0,
2026-09-21,10:24:26,2026-09-21T10:24:26,NO,0,0,
2026-09-21,10:24:27,2026-09-21T10:24:27,NO,0,0,
2026-09-21,10:24:28,2026-09-21T10:24:28,NO,0,0,
2026-09-21,10:24:29,2026-09-21T10:24:29,NO,0,0,
2026-09-21,10:24:30,2026-09-21T10:24:30,NO,0,0,
2026-09-21,10:24:31,2026-09-21T10:24:31,NO,0,0,
2026-09-21,10:24:32,2026-09-21T10:24:32,NO,0,0,
2026-09-21,10:24:33,2026-09-21T10:24:33,NO,0,0,
2026-09-21,10:24:34,2026-09-21T10:24:34,NO,0,0,
2026-09-21,10:24:35,2026-09-21T10:24:35,NO,0,0,
2026-09-21,10:24:37,2026-09-21T10:24:37,NO,0,0,
2026-09-21,10:24:38,2026-09-21T10:24:38,NO,0,0,
2026-09-21,10:24:39,2026-09-21T10:24:39,NO,0,0,
2026-09-21,10:24:40,2026-09-21T10:24:40,NO,0,0,
2026-09-21,10:24:41,2026-09-21T10:24:41,NO,0,0,
2026-09-21,10:24:42,2026-09-21T10:24:42,NO,0,0,
2026-09-21,10:24:43,2026-09-21T10:24:43,NO,0,0,
2026-09-21,10:24:44,2026-09-21T10:24:44,NO,0,0,
2026-09-21,10:24:45,2026-09-21T10:24:45,NO,0,0,
2026-09-21,10:24:46,2026-09-21T10:24:46,NO,0,0,
2026-09-21,10:24:47,2026-09-21T10:24:47,NO,0,0,
2026-09-21,10:24:48,2026-09-21T10:24:48,NO,0,0,
2026-09-21,10:24:49,2026-09-21T10:24:49,NO,0,0,
2026-09-21,10:24:50,2026-09-21T10:24:50,NO,0,0,
2026-09-21,10:24:52,2026-09-21T10:24:52,NO,0,0,
2026-09-21,10:24:53,2026-09-21T10:24:53,NO,0,0,
2026-09-21,10:24:54,2026-09-21T10:24:54,NO,0,0,
2026-09-21,10:24:55,2026-09-21T10:24:55,NO,0,0,
2026-09-21,10:24:56,2026-09-21T10:24:56,NO,0,0,
2026-09-21,10:24:57,2026-09-21T10:24:57,NO,0,0,
2026-09-21,10:24:58,2026-09-21T10:24:58,NO,0,0,
2026-09-21,10:24:59,2026-09-21T10:24:59,NO,0,0,
2026-09-21,10:25:01,2026-09-21T10:25:01,NO,0,0,
2026-09-21,10:25:02,2026-09-21T10:25:02,NO,0,0,
2026-09-21,10:25:03,2026-09-21T10:25:03,NO,0,0,
2026-09-21,10:25:04,2026-09-21T10:25:04,NO,0,0,
2026-09-21,10:25:05,2026-09-21T10:25:05,NO,0,0,
2026-09-21,10:25:07,2026-09-21T10:25:07,NO,0,0,
2026-09-21,10:25:08,2026-09-21T10:25:08,NO,0,0,
2026-09-21,10:25:09,2026-09-21T10:25:09,NO,0,0,
2026-09-21,10:25:10,2026-09-21T10:25:10,NO,0,0,
2026-09-21,10:25:11,2026-09-21T10:25:11,NO,0,0,
2026-09-21,10:25:12,2026-09-21T10:25:12,NO,0,0,
2026-09-21,10:25:13,2026-09-21T10:25:13,NO,0,0,
2026-09-21,10:25:15,2026-09-21T10:25:15,NO,0,0,
2026-09-21,10:25:16,2026-09-21T10:25:16,NO,0,0,
2026-09-21,10:25:17,2026-09-21T10:25:17,NO,0,0,
2026-09-21,10:25:18,2026-09-21T10:25:18,NO,0,0,
2026-09-21,10:25:19,2026-09-21T10:25:19,NO,0,0,
2026-09-21,10:25:20,2026-09-21T10:25:20,NO,0,0,
2026-09-21,10:25:21,2026-09-21T10:25:21,NO,0,0,
2026-09-21,10:25:22,2026-09-21T10:25:22,NO,0,0,
2026-09-21,10:25:23,2026-09-21T10:25:23,NO,0,0,
2026-09-21,10:25:25,2026-09-21T10:25:25,NO,0,0,
2026-09-21,10:25:26,2026-09-21T10:25:26,NO,0,0,
2026-09-21,10:25:27,2026-09-21T10:25:27,NO,0,0,
2026-09-21,10:25:28,2026-09-21T10:25:28,NO,0,0,
2026-09-21,10:25:29,2026-09-21T10:25:29,NO,0,0,
2026-09-21,10:25:30,2026-09-21T10:25:30,NO,0,0,
2026-09-21,10:25:32,2026-09-21T10:25:32,NO,0,0,
2026-09-21,10:25:34,2026-09-21T10:25:34,NO,0,0,
2026-09-21,10:25:35,2026-09-21T10:25:35,NO,0,0,
2026-09-21,10:25:37,2026-09-21T10:25:37,NO,0,0,
2026-09-21,10:25:39,2026-09-21T10:25:39,NO,0,0,
2026-09-21,10:25:41,2026-09-21T10:25:41,NO,0,0,
2026-09-21,10:25:42,2026-09-21T10:25:42,NO,0,0,
2026-09-21,10:25:43,2026-09-21T10:25:43,NO,0,0,
2026-09-21,10:25:44,2026-09-21T10:25:44,NO,0,0,
2026-09-21,10:25:46,2026-09-21T10:25:46,NO,0,0,
2026-09-21,10:25:47,2026-09-21T10:25:47,NO,0,0,
2026-09-21,10:25:48,2026-09-21T10:25:48,NO,0,0,
2026-09-21,10:25:49,2026-09-21T10:25:49,NO,0,0,
2026-09-21,10:25:50,2026-09-21T10:25:50,NO,0,0,
2026-09-21,10:25:51,2026-09-21T10:25:51,NO,0,0,
2026-09-21,10:25:52,2026-09-21T10:25:52,NO,0,0,
2026-09-21,10:25:53,2026-09-21T10:25:53,NO,0,0,
2026-09-21,10:25:54,2026-09-21T10:25:54,NO,0,0,
2026-09-21,10:25:55,2026-09-21T10:25:55,NO,0,0,
2026-09-21,10:25:56,2026-09-21T10:25:56,NO,0,0,
2026-09-21,10:25:58,2026-09-21T10:25:58,NO,0,0,
2026-09-21,10:25:59,2026-09-21T10:25:59,NO,0,0,
2026-09-21,10:26:00,2026-09-21T10:26:00,NO,0,0,
2026-09-21,10:26:01,2026-09-21T10:26:01,NO,0,0,
2026-09-21,10:26:02,2026-09-21T10:26:02,NO,0,0,
2026-09-21,10:26:04,2026-09-21T10:26:04,NO,0,0,
2026-09-21,10:26:05,2026-09-21T10:26:05,NO,0,0,
2026-09-21,10:26:06,2026-09-21T10:26:06,NO,0,0,
2026-09-21,10:26:07,2026-09-21T10:26:07,NO,0,0,
2026-09-21,10:26:08,2026-09-21T10:26:08,NO,0,0,
2026-09-21,10:26:09,2026-09-21T10:26:09,NO,0,0,
2026-09-21,10:26:10,2026-09-21T10:26:10,NO,0,0,
2026-09-21,10:26:11,2026-09-21T10:26:11,NO,0,0,
2026-09-21,10:26:12,2026-09-21T10:26:12,NO,0,0,
2026-09-21,10:26:14,2026-09-21T10:26:14,NO,0,0,
2026-09-21,10:26:15,2026-09-21T10:26:15,NO,0,0,
2026-09-21,10:26:16,2026-09-21T10:26:16,NO,0,0,
2026-09-21,10:26:17,2026-09-21T10:26:17,NO,0,0,
2026-09-21,10:26:18,2026-09-21T10:26:18,NO,0,0,
2026-09-21,10:26:19,2026-09-21T10:26:19,NO,0,0,
2026-09-21,10:26:20,2026-09-21T10:26:20,NO,0,0,
2026-09-21,10:26:22,2026-09-21T10:26:22,NO,0,0,
2026-09-21,10:26:23,2026-09-21T10:26:23,NO,0,0,
2026-09-21,10:26:24,2026-09-21T10:26:24,NO,0,0,
2026-09-21,10:26:25,2026-09-21T10:26:25,NO,0,0,
2026-09-21,10:26:26,2026-09-21T10:26:26,NO,0,0,
2026-09-21,10:26:27,2026-09-21T10:26:27,NO,0,0,
2026-09-21,10:26:29,2026-09-21T10:26:29,NO,0,0,
2026-09-21,10:26:30,2026-09-21T10:26:30,NO,0,0,
2026-09-21,10:26:31,2026-09-21T10:26:31,NO,0,0,
2026-09-21,10:26:32,2026-09-21T10:26:32,NO,0,0,
2026-09-21,10:26:33,2026-09-21T10:26:33,NO,0,0,
2026-09-21,10:26:34,2026-09-21T10:26:34,NO,0,0,
2026-09-21,10:26:35,2026-09-21T10:26:35,YES,8,70.26,detected_elephants\elephant_20260921_102634.jpg
2026-09-21,10:26:36,2026-09-21T10:26:36,YES,4,70.26,detected_elephants\elephant_20260921_102634.jpg
2026-09-21,10:26:37,2026-09-21T10:26:37,YES,3,59.12,detected_elephants\elephant_20260921_102634.jpg
2026-09-21,10:26:38,2026-09-21T10:26:38,YES,2,51.02,detected_elephants\elephant_20260921_102638.jpg
2026-09-21,10:26:39,2026-09-21T10:26:39,NO,0,0,
2026-09-21,10:26:40,2026-09-21T10:26:40,YES,1,66.73,detected_elephants\elephant_20260921_102639.jpg
2026-09-21,10:26:41,2026-09-21T10:26:41,NO,0,0,
2026-09-21,10:26:42,2026-09-21T10:26:42,NO,0,0,
2026-09-21,10:26:43,2026-09-21T10:26:43,NO,0,0,
2026-09-21,10:26:45,2026-09-21T10:26:45,NO,0,0,
2026-09-21,10:26:46,2026-09-21T10:26:46,NO,0,0,
2026-09-21,10:26:47,2026-09-21T10:26:47,NO,0,0,
2026-09-21,10:26:48,2026-09-21T10:26:48,NO,0,0,
2026-09-21,10:26:49,2026-09-21T10:26:49,NO,0,0,
2026-09-21,10:26:50,2026-09-21T10:26:50,NO,0,0,
2026-09-21,10:26:51,2026-09-21T10:26:51,NO,0,0,
2026-09-21,10:26:52,2026-09-21T10:26:52,NO,0,0,
2026-09-21,10:26:53,2026-09-21T10:26:53,NO,0,0,
2026-09-21,10:26:55,2026-09-21T10:26:55,NO,0,0,
2026-09-21,10:26:56,2026-09-21T10:26:56,NO,0,0,
2026-09-21,10:26:57,2026-09-21T10:26:57,NO,0,0,
2026-09-21,10:26:58,2026-09-21T10:26:58,NO,0,0,
2026-09-21,10:26:59,2026-09-21T10:26:59,NO,0,0,
2026-09-21,10:27:00,2026-09-21T10:27:00,NO,0,0,
2026-09-21,10:27:01,2026-09-21T10:27:01,NO,0,0,
2026-09-21,10:27:02,2026-09-21T10:27:02,NO,0,0,
2026-09-21,10:27:03,2026-09-21T10:27:03,NO,0,0,
2026-09-21,10:27:05,2026-09-21T10:27:05,NO,0,0,
2026-09-21,10:27:06,2026-09-21T10:27:06,NO,0,0,
2026-09-21,10:27:07,2026-09-21T10:27:07,NO,0,0,
2026-09-21,10:27:08,2026-09-21T10:27:08,NO,0,0,
2026-09-21,10:27:09,2026-09-21T10:27:09,NO,0,0,
2026-09-21,10:27:11,2026-09-21T10:27:11,NO,0,0,
2026-09-21,10:27:12,2026-09-21T10:27:12,NO,0,0,
2026-09-21,10:27:13,2026-09-21T10:27:13,NO,0,0,
2026-09-21,10:27:14,2026-09-21T10:27:14,NO,0,0,
2026-09-21,10:27:15,2026-09-21T10:27:15,NO,0,0,
2026-09-21,10:27:16,2026-09-21T10:27:16,NO,0,0,
2026-09-21,10:27:18,2026-09-21T10:27:18,NO,0,0,
2026-09-21,10:27:19,2026-09-21T10:27:19,NO,0,0,
2026-09-21,10:27:20,2026-09-21T10:27:20,NO,0,0,
2026-09-21,10:27:21,2026-09-21T10:27:21,NO,0,0,
2026-09-21,10:27:22,2026-09-21T10:27:22,NO,0,0,
2026-09-21,10:27:23,2026-09-21T10:27:23,NO,0,0,
2026-09-21,10:27:24,2026-09-21T10:27:24,NO,0,0,
2026-09-21,10:27:25,2026-09-21T10:27:25,NO,0,0,
2026-09-21,10:27:26,2026-09-21T10:27:26,NO,0,0,
2026-09-21,10:27:27,2026-09-21T10:27:27,NO,0,0,
2026-09-21,10:27:28,2026-09-21T10:27:28,NO,0,0,
2026-09-21,10:27:29,2026-09-21T10:27:29,NO,0,0,
2026-09-21,10:27:30,2026-09-21T10:27:30,NO,0,0,
2026-09-21,10:27:32,2026-09-21T10:27:32,NO,0,0,
2026-09-21,10:27:33,2026-09-21T10:27:33,NO,0,0,
2026-09-21,10:27:34,2026-09-21T10:27:34,NO,0,0,
2026-09-21,10:27:35,2026-09-21T10:27:35,NO,0,0,
2026-09-21,10:27:36,2026-09-21T10:27:36,NO,0,0,
2026-09-21,10:27:37,2026-09-21T10:27:37,NO,0,0,
2026-09-21,10:27:38,2026-09-21T10:27:38,NO,0,0,
2026-09-21,10:27:39,2026-09-21T10:27:39,NO,0,0,
2026-09-21,10:27:40,2026-09-21T10:27:40,NO,0,0,
